{
    "game": {
        "single": [
            {
                "category": "BE SPECIFIC",
                "clues": [
                    {
                        "value": 200,
                        "clue": "Just \"Rockefeller\" isn't enough; we need the first name of Ford's veep",
                        "solution": "What is Nelson"
                    },
                    {
                        "value": 400,
                        "clue": "Pappy van Winkle's Family Reserve isn't just \"whisky\"; it's Kentucky straight this",
                        "solution": "What is bourbon"
                    },
                    {
                        "value": 600,
                        "clue": "Pick a Baldwin, any Baldwin! Actually, pick this star of \"The Usual Suspects\" & \"Celebrity Big Brother\"",
                        "solution": "What is Stephen Baldwin"
                    },
                    {
                        "value": 800,
                        "clue": "You just said \"uranium\"— we need this number isotope, the only naturally occurring fissile material",
                        "solution": "What is 235"
                    },
                    {
                        "value": 1000,
                        "clue": "\"The Russo-Turkish War\" won't do it; there have been a dozen—give us this 1853-1856 one",
                        "solution": "What is the Crimean War"
                    }
                ]
            },
            {
                "category": "REAL POWER PLAYERS",
                "clues": [
                    {
                        "value": 200,
                        "clue": "During the 2011 Davis Cup, Ivo Karlovic of Croatia delivered one of these at 156 miles per hour",
                        "solution": "What is a serve"
                    },
                    {
                        "value": 400,
                        "clue": "St. Louis' Busch Stadium used an oversized Band-Aid to cover the dent in an outfield sign made by a 1998 HR hit by him",
                        "solution": "What is Mark McGwire"
                    },
                    {
                        "value": 600,
                        "clue": "An announcer once described this 1960s Bears linebacker as \"Moby Dick in a goldfish bowl\"",
                        "solution": "What is Dick Butkus"
                    },
                    {
                        "value": 800,
                        "clue": "In 1979 NBA star Darryl Dawkins, aka \"Chocolate\" this, shattered 2 backboards with his dunks",
                        "solution": "What is Thunder"
                    },
                    {
                        "value": 1000,
                        "clue": "With 69 knockouts, Roberto Duran earned the nickname \"Manos de Piedra\", meaning this",
                        "solution": "What is Hands of Stone"
                    }
                ]
            },
            {
                "category": "BODY PART-POURRI",
                "clues": [
                    {
                        "value": 200,
                        "clue": "My shoe and mouth each have one",
                        "solution": "What is a tongue"
                    },
                    {
                        "value": 400,
                        "clue": "Even one \"for news\" can get put \"out of joint\"",
                        "solution": "What is a nose"
                    },
                    {
                        "value": 600,
                        "clue": "It may be \"club\" or \"trench\"",
                        "solution": "What is foot"
                    },
                    {
                        "value": 800,
                        "clue": "The tough outer layer of this organ is called the dura mater",
                        "solution": "What is the brain"
                    },
                    {
                        "value": 1000,
                        "clue": "Nora Ephron wrote the book \"I Feel Bad About\" this",
                        "solution": "What is My Neck"
                    }
                ]
            },
            {
                "category": "BEGINS & ENDS WITH O",
                "clues": [
                    {
                        "value": 200,
                        "clue": "To indulge in to excess",
                        "solution": "What is to overdo"
                    },
                    {
                        "value": 400,
                        "clue": "Margarine",
                        "solution": "What is oleo"
                    },
                    {
                        "value": 600,
                        "clue": "I have a preposition for you—it means upon, or aware of a scheme",
                        "solution": "What is onto"
                    },
                    {
                        "value": 800,
                        "clue": "This mint family herb should be stored in a cool, dark place for no more than 6 months",
                        "solution": "What is oregano"
                    },
                    {
                        "value": 1000,
                        "clue": "An extended musical composition for solo voices",
                        "solution": "What is an oratorio"
                    }
                ]
            },
            {
                "category": "BIO PICKS",
                "clues": [
                    {
                        "value": 200,
                        "clue": "\"Yesterday\" & \"Linda\" are chapters in \"Fab: An intimate life\" of this man",
                        "solution": "What is Paul McCartney"
                    },
                    {
                        "value": 400,
                        "clue": "\"Radioactive\", subtitled \"A Tale Of Love & Fallout\", tells the romantic story of this scientific pair",
                        "solution": "What is the Curies"
                    },
                    {
                        "value": 600,
                        "clue": "A book subtitled \"The Richest Man In The World\" profiles Carlos Slim of this country",
                        "solution": "What is Mexico"
                    },
                    {
                        "value": 800,
                        "clue": "\"The Man Who Gave His Name To America\" is the subtitle of a 2007 bio of this Italian",
                        "solution": "What is (Amerigo) Vespucci"
                    },
                    {
                        "value": 1000,
                        "clue": "\"Rebel From Main Street\" tells the story of this American author & Nobel Prize winner",
                        "solution": "What is Sinclair Lewis"
                    }
                ]
            },
            {
                "category": "INTERNATIONAL GEOGRAPHIC",
                "clues": [
                    {
                        "value": 200,
                        "clue": "The Kabul River rises in the Sanglakh Range in this country",
                        "solution": "What is Afghanistan"
                    },
                    {
                        "value": 400,
                        "clue": "A gigantic vegetation-filled swamp known as al-suds chokes the Nile in this country",
                        "solution": "What is the Sudan"
                    },
                    {
                        "value": 600,
                        "clue": "Lines of latitude & longitude & a bumpier part defined by the Rockies form the borders of this Canadian province",
                        "solution": "What is Alberta"
                    },
                    {
                        "value": 800,
                        "clue": "The Bohemian Massif occupies most of this republic",
                        "solution": "What is the Czech Republic"
                    },
                    {
                        "value": 1000,
                        "clue": "Though called a \"rio\", or river, this body that divides Uruguay & Argentina is considered an estuary",
                        "solution": "What is the Río de la Plata"
                    }
                ]
            }
        ],
        "double": [
            {
                "category": "\"BE\" SPECIFIC",
                "clues": [
                    {
                        "value": 400,
                        "clue": "\"Beauty is in the eye of\" this onlooker",
                        "solution": "What is the beholder"
                    },
                    {
                        "value": 800,
                        "clue": "A novice or tyro",
                        "solution": "What is a beginner"
                    },
                    {
                        "value": 1200,
                        "clue": "Austin Powers knows it means to conduct oneself with propriety",
                        "solution": "What is to behave"
                    },
                    {
                        "value": 1600,
                        "clue": "One-word term for a person looking for useful items on the shore",
                        "solution": "What is a beachcomber"
                    },
                    {
                        "value": 2000,
                        "clue": "Verb meaning to give or spend with grumpy reluctance",
                        "solution": "What is to begrudge"
                    }
                ]
            },
            {
                "category": "THE KOREAN WAR",
                "clues": [
                    {
                        "value": 400,
                        "clue": "In September 1950 this general led the amphibious landing on Inchon; 7 months later, he was removed from command",
                        "solution": "What is (Douglas) MacArthur"
                    },
                    {
                        "value": 800,
                        "clue": "The Korean War was the first time that this type of aircraft was used to carry troops into combat",
                        "solution": "What is a helicopter"
                    },
                    {
                        "value": 1200,
                        "clue": "The U.S. Navy lost 5 ships in the war: 4 minesweepers & the Sarsi, one of these that tows larger vessels",
                        "solution": "What is a tugboat"
                    },
                    {
                        "value": 1600,
                        "clue": "Many jet dogfights took place in \"MiG Alley\" between the Yalu River & this North Korean capital",
                        "solution": "What is Pyongyang"
                    },
                    {
                        "value": 2000,
                        "clue": "A Security Council resolution issued when the war began demanded the Communists retreat to this parallel",
                        "solution": "What is the 38th parallel"
                    }
                ]
            },
            {
                "category": "PRIVATE EYE Q",
                "clues": [
                    {
                        "value": 400,
                        "clue": "This P.I. is Raymond Chandler's most famous creation",
                        "solution": "What is Philip Marlowe"
                    },
                    {
                        "value": 800,
                        "clue": "Here's our Kinsey Report: This Sue Grafton private eye is ex-Santa Teresa P.D.",
                        "solution": "What is Kinsey Millhone"
                    }
                ]
            },
            {
                "category": "LATIN LEGALESE",
                "clues": [
                    {
                        "value": 400,
                        "clue": "As opposed to caveat emptor, caveat venditor is this 4-word warning",
                        "solution": "What is let the seller beware (may the seller beware accepted)"
                    },
                    {
                        "value": 800,
                        "clue": "Meaning \"after the fact\", this type of law retroactively makes an act criminal that was legal when committed",
                        "solution": "What is ex post facto"
                    },
                    {
                        "value": 1200,
                        "clue": "Animus testandi is the intention of making one of these documents",
                        "solution": "What is a living will"
                    },
                    {
                        "value": 1600,
                        "clue": "\"Ignorantia legis neminem excusat\" translates to this saying",
                        "solution": "What is ignorance of the law is no excuse"
                    }
                ]
            },
            {
                "category": "ENDINGS ON TV",
                "clues": [
                    {
                        "value": 400,
                        "clue": "Jimmy & Patricia on \"The Walking Dead\" succumbed to these risen beings",
                        "solution": "What is zombies"
                    },
                    {
                        "value": 800,
                        "clue": "George Costanza's fiancée Susan was fatally poisoned doing this",
                        "solution": "What is licking envelopes"
                    },
                    {
                        "value": 1200,
                        "clue": "Transport that ended the life of Charlie Harper of \"Two and a Half Men\"",
                        "solution": "What is a subway train"
                    },
                    {
                        "value": 1600,
                        "clue": "Transport that ended the life of George O'Malley of \"Grey's Anatomy\"",
                        "solution": "What is a bus"
                    },
                    {
                        "value": 2000,
                        "clue": "Transport that ended the life of Eddie LeBec, Carla's hockey-playing hubby on \"Cheers\"",
                        "solution": "What is a Zamboni"
                    }
                ]
            },
            {
                "category": "INTO THE SHARK TANK",
                "clues": [
                    {
                        "value": 400,
                        "clue": "(Here with the clue is Robert Herjavec.) So you wanna build the 1st steel plants in the U.S. to use the Bessemer Steel-making Process? That's some bold 1870s thinking!",
                        "solution": "What is (Andrew) Carnegie"
                    },
                    {
                        "value": 800,
                        "clue": "(With the clue, here's Lori Greiner.) Let me check the numbers for your box camera—film rolls for 100 exposures? OK...but isn't $25 a lot for consumers in 1888?",
                        "solution": "What is (George) Eastman"
                    },
                    {
                        "value": 1200,
                        "clue": "(Here's Mark Cuban.) You're a go-getter from Utah who's transmitted a 60-line image of a dollar sign—I like your style! I think this television thing might have a future...Partner!",
                        "solution": "What is Philo Farnsworth"
                    },
                    {
                        "value": 1600,
                        "clue": "(Here's Robert Herjavec again.) OK, Cyrus—you got your patent in 1834; you sold 2 units in 1840 & 7 in 1842; sales are trending up; tell me why I shouldn't fear your reaper",
                        "solution": "What is (Cyrus) McCormick"
                    },
                    {
                        "value": 2000,
                        "clue": "(Here's Daymond John.) Board games aren't usually my thing, but you sold 40,000 copies of your \"Checkered Game of Life\" in your 1st year, during the Civil war? I'm in!",
                        "solution": "What is Milton Bradley"
                    }
                ]
            }
        ],
        "final": {
            "category": "RIVERS",
            "clue": "It's the world's longest river whose outflow is into an entirely inland body of water",
            "solution": "What is the Volga River"
        }
    }
}