{
    "game": {
        "single": [
            {
                "category": "VICE PRESIDENTS",
                "clues": [
                    {
                        "value": 200,
                        "clue": "In 1945, at age 60, he became the oldest veep to succeed to the presidency upon the death of the president",
                        "solution": "What is Harry Truman"
                    },
                    {
                        "value": 400,
                        "clue": "In 1985, during President Reagan's cancer surgery, he officially served as acting president for about 8 hours",
                        "solution": "What is George H. W. Bush"
                    },
                    {
                        "value": 600,
                        "clue": "He was VP from 1893 to 1897; his same-named grandson lost presidential elections twice to Dwight Eisenhower",
                        "solution": "What is (Adlai) Stevenson"
                    }
                ]
            },
            {
                "category": "PRO BASKETBALL",
                "clues": [
                    {
                        "value": 200,
                        "clue": "Michael Jordan & this center are the only NBA players with over 30-point averages & over 400 games played",
                        "solution": "What is Wilt Chamberlain"
                    },
                    {
                        "value": 400,
                        "clue": "This rival of the NBA, which began play in 1967, introduced the 3-point basket & the All-Star Game slam dunk contest",
                        "solution": "What is the ABA (the American Basketball Association)"
                    },
                    {
                        "value": 600,
                        "clue": "This NBA team's new home, Philips Arena, is connected to the CNN Center by a concourse",
                        "solution": "What is the Hawks"
                    },
                    {
                        "value": 800,
                        "clue": "In 1941 this current Michigan team, the NBA's oldest, began playing in Fort Wayne, Indiana",
                        "solution": "What is the Pistons"
                    },
                    {
                        "value": 1000,
                        "clue": "This Utah Jazz forward was named the NBA's Most Valuable Player in both 1997 & 1999",
                        "solution": "What is Karl Malone"
                    }
                ]
            },
            {
                "category": "SCRAMBLED SAYINGS",
                "clues": [
                    {
                        "value": 200,
                        "clue": "Do see monkey monkey",
                        "solution": "What is \"Monkey see, monkey do\""
                    },
                    {
                        "value": 400,
                        "clue": "Stiff a upper keep lip",
                        "solution": "What is \"Keep a stiff upper lip\""
                    },
                    {
                        "value": 600,
                        "clue": "Is cherries life a bowl of just",
                        "solution": "What is \"Life is just a bowl of cherries\""
                    },
                    {
                        "value": 800,
                        "clue": "Off a block the old chip",
                        "solution": "What is \"a chip off the old block\""
                    },
                    {
                        "value": 1000,
                        "clue": "In snug as rug a bug a",
                        "solution": "What is \"Snug as a bug in a rug\""
                    }
                ]
            },
            {
                "category": "LEFTOVERS",
                "clues": [
                    {
                        "value": 200,
                        "clue": "Jeane Dixon ofter got her visions looking into one of these globes",
                        "solution": "What is a crystal ball"
                    },
                    {
                        "value": 400,
                        "clue": "The Eldon, Missouri Turkey Festival features a turkey variation of this sport (in which 3 strikes are a turkey)",
                        "solution": "What is bowling"
                    },
                    {
                        "value": 600,
                        "clue": "He's the first reindeer mentioned in the intro to the song \"Rudolph the Red-Nosed Reindeer\"",
                        "solution": "What is Dasher"
                    },
                    {
                        "value": 800,
                        "clue": "This Roman emperor's wife Sabina wasn't put on his wall, she was put on a coin in 128 A.D.",
                        "solution": "What is Hadrian"
                    },
                    {
                        "value": 1000,
                        "clue": "In 1916 his ashes were smuggled from England to a Cambridge, Mass. cemetery where he's now pushing up Daisy Millers",
                        "solution": "What is (Henry) James"
                    }
                ]
            },
            {
                "category": "BIRD PEOPLE",
                "clues": [
                    {
                        "value": 200,
                        "clue": "All she wanted to do was \"have some fun\" so she quit teaching music & became a rock star",
                        "solution": "What is Sheryl Crow"
                    },
                    {
                        "value": 400,
                        "clue": "She played the loud & brassy Carla Tortelli on \"Cheers\"",
                        "solution": "What is Rhea Perlman"
                    },
                    {
                        "value": 600,
                        "clue": "While dead of St. Patrick's cathedral in Dublin, he wrote \"Gulliver's Travels\"",
                        "solution": "What is (Jonathan) Swift"
                    },
                    {
                        "value": 800,
                        "clue": "For his work in \"Network\", he became the first actor to win an Oscar posthumously",
                        "solution": "What is (Peter) Finch"
                    },
                    {
                        "value": 1000,
                        "clue": "\"If you seek his monument, look about you\" at St. Paul's cathedral; if you seek his tomb, it's there too",
                        "solution": "What is Sir Christopher Wren"
                    }
                ]
            },
            {
                "category": "ELVIS HAS LEFT THE BUILDING",
                "clues": [
                    {
                        "value": 200,
                        "clue": "Scientists are unsure if this Italian landmark is more than its usual 16 feet out of line after Elvis leaves",
                        "solution": "What is the Leaning Tower of Pisa"
                    },
                    {
                        "value": 600,
                        "clue": "Elvis needs no good luck charm, he sees to his insurance before leaving this city's Prudential Tower on Boylston St.",
                        "solution": "What is Boston"
                    },
                    {
                        "value": 800,
                        "clue": "Elvis says thankyouverymuch & leaves this NYC building on 34th St., completed in 1931",
                        "solution": "What is the Empire State Building"
                    }
                ]
            }
        ],
        "double": [
            {
                "category": "LONDON LITERARY TOUR",
                "clues": [
                    {
                        "value": 400,
                        "clue": "He wrote \"Bleak House\" in Tavistock House in Tavistock Square",
                        "solution": "What is Dickens"
                    },
                    {
                        "value": 800,
                        "clue": "Virginia Stephen & this man left 38 Brunswick Square when they married in 1912",
                        "solution": "What is Leonard Woolf"
                    },
                    {
                        "value": 1200,
                        "clue": "Her rent checks for 23 Fitzroy Road weren't signed Victoria Lucas, the pen name she used on \"The Bell Jar\"",
                        "solution": "What is Sylvia Plath"
                    },
                    {
                        "value": 1600,
                        "clue": "If you want to check out his \"Private Life\", see the 17 Gerald Road home this man lived in from the '30s to the '50s",
                        "solution": "What is Noel Coward"
                    },
                    {
                        "value": 2000,
                        "clue": "A copy of his 1614 \"History of the World\" is kept in the tower of London, where he was imprisoned when he wrote it",
                        "solution": "What is (Sir Walter) Raleigh"
                    }
                ]
            },
            {
                "category": "PROBING QUESTIONS",
                "clues": [
                    {
                        "value": 400,
                        "clue": "The Sakigake, Suisei, Vega 1 & Vega 2 probes had this noted traveler surrounded in March 1986",
                        "solution": "What is Halley's Comet"
                    },
                    {
                        "value": 800,
                        "clue": "In 1990 the Ulysses probe was sent to study this body on which no man can ever set foot",
                        "solution": "What is the sun"
                    },
                    {
                        "value": 1200,
                        "clue": "The U.S. crashed the Lunar Prospector on the moon in 1999 hoping to see a plume of this",
                        "solution": "What is water"
                    }
                ]
            },
            {
                "category": "'80s ROCK",
                "clues": [
                    {
                        "value": 400,
                        "clue": "In the '80s this rocker burnt up the charts with hits like \"Fire\". \"I'm on Fire\" & \"Glory Days\"",
                        "solution": "What is Bruce Springsteen"
                    },
                    {
                        "value": 800,
                        "clue": "Her 1989 \"Rhythm Nation\" album produced 7 top 10 hits, including the title track",
                        "solution": "What is Janet Jackson"
                    },
                    {
                        "value": 1200,
                        "clue": "In a remake of a Mindbenders hit, Phil Collins sang, \"Wouldn't you agree, Baby you and me got\" this",
                        "solution": "What is \"A Groovy Kind Of Love\""
                    },
                    {
                        "value": 1600,
                        "clue": "(Hi. I'm \"Weird Al\" Yankovic.) You'll see Greg Kihn as well as announcer Don Pardo in this video of mine from 1984",
                        "solution": "What is \"I Lost on Jeopardy\""
                    },
                    {
                        "value": 2000,
                        "clue": "Their \"Money For Nothing\" did bring them something, the 1985 Grammy for Best Group Rock Performance",
                        "solution": "What is Dire Straits"
                    }
                ]
            },
            {
                "category": "THE LARGEST IN AREA",
                "clues": [
                    {
                        "value": 400,
                        "clue": "Jamaica, Cuba, the Bahamas",
                        "solution": "What is Cuba"
                    },
                    {
                        "value": 800,
                        "clue": "Cambodia, Vietnam, Laos",
                        "solution": "What is Vietnam"
                    },
                    {
                        "value": 1200,
                        "clue": "Algeria, Botswana, Egypt",
                        "solution": "What is Algeria"
                    },
                    {
                        "value": 1600,
                        "clue": "Austria, Poland, Germany",
                        "solution": "What is Germany"
                    },
                    {
                        "value": 2000,
                        "clue": "Iran, Saudi Arabia, Iraq",
                        "solution": "What is Saudi Arabia"
                    }
                ]
            },
            {
                "category": "BOATS & SHIPS",
                "clues": [
                    {
                        "value": 400,
                        "clue": "James Cameron used real footage of this sunken luxury liner in his 1997 movie",
                        "solution": "What is the Titanic"
                    },
                    {
                        "value": 800,
                        "clue": "In 1673 Marquette & Joliet traveled the Mississippi in these made of birchbark",
                        "solution": "What is canoes"
                    },
                    {
                        "value": 1200,
                        "clue": "This wooden sailing ship of the Far East sounds like a bunch of useless stuff",
                        "solution": "What is a junk boat"
                    },
                    {
                        "value": 1600,
                        "clue": "(Sarah is on a boat.) Ready to race? We are on this \"patriotic\" yacht that won Dennis Conner the America's Cup in 1987",
                        "solution": "What is Stars and Stripes"
                    },
                    {
                        "value": 2000,
                        "clue": "Henry Hudson & James Cook's expeditions each shuttled across the ocean on a ship called this",
                        "solution": "What is Discovery"
                    }
                ]
            },
            {
                "category": "WHAT'S \"D\" MATTER?",
                "clues": [
                    {
                        "value": 400,
                        "clue": "In England there is nothing like this title for the female equivalent of a knight",
                        "solution": "What is a dame"
                    },
                    {
                        "value": 800,
                        "clue": "Bela Lugosi & Gary Oldman are counted among the actors who have played this movie role",
                        "solution": "What is Dracula"
                    },
                    {
                        "value": 1200,
                        "clue": "Sammy Sosa, who grew up poor in this country, uses much of his earnings to help the people there",
                        "solution": "What is the Dominican Republic"
                    },
                    {
                        "value": 1600,
                        "clue": "(Cheryl is playing with her toys.) For tots with tiny fingers, Lego introduced these bigger bricks in 1969",
                        "solution": "What is Duplo"
                    },
                    {
                        "value": 2000,
                        "clue": "On the road in this world capital you can visit the tomb of Saladin",
                        "solution": "What is Damascus"
                    }
                ]
            }
        ],
        "final": {
            "category": "THE MOVIES",
            "clue": "Later a Broadway show, this 1988 comedy was the first movie directed by a woman to earn $100 million",
            "solution": "What is Big"
        }
    }
}