{
    "game": {
        "single": [
            {
                "category": "BELGIUM",
                "clues": [
                    {
                        "value": 100,
                        "clue": "Name of the town of Bruges is derived from the more than 50 of these which cross its canals",
                        "solution": "What is bridges"
                    },
                    {
                        "value": 200,
                        "clue": "Though not the largest city, it's the capital",
                        "solution": "What is Brussels"
                    },
                    {
                        "value": 400,
                        "clue": "Acronym for the economic union consisting of Belgium & the other 2 \"Low Countries\"",
                        "solution": "What is Benelux"
                    },
                    {
                        "value": 500,
                        "clue": "Happy to be free of French rule, Belgium gives annual gift to heirs of this English general",
                        "solution": "What is the Duke of Wellington"
                    }
                ]
            },
            {
                "category": "POTENT POTABLES",
                "clues": [
                    {
                        "value": 100,
                        "clue": "A \"Grasshopper\" gets its green color from this mint liqueur",
                        "solution": "What is crème de menthe"
                    },
                    {
                        "value": 200,
                        "clue": "U.S. city where Iron City beer is brewed",
                        "solution": "What is Pittsburgh"
                    },
                    {
                        "value": 300,
                        "clue": "Sweet wines whose labels say they're from Boone's Farm are really from these 2 brothers' \"Farm\"",
                        "solution": "What is Ernest & Julio Gallo"
                    },
                    {
                        "value": 400,
                        "clue": "To make a lot of bullshot, you combine a lot of vodka with a lot of this",
                        "solution": "What is beef bouillon"
                    },
                    {
                        "value": 500,
                        "clue": "Larry Gatlin asked \"Do they have\" this brand of wine \"in heaven? If they don't, who the hell wants to go?\"",
                        "solution": "What is Mogen David"
                    }
                ]
            },
            {
                "category": "SUDDEN DEATH",
                "clues": [
                    {
                        "value": 100,
                        "clue": "Mata Hari, & years later, her daughter, also a spy, both met their end in this fashion",
                        "solution": "What is a firing squad"
                    },
                    {
                        "value": 200,
                        "clue": "Stephen King's novella \"The Body\" was the source for this 1986 Rob Reiner film",
                        "solution": "What is Stand By Me"
                    },
                    {
                        "value": 300,
                        "clue": "Monster in Greek mythology who would eat you if you didn't answer her riddle right",
                        "solution": "What is the Sphinx"
                    },
                    {
                        "value": 400,
                        "clue": "Joseph Conrad short novel containing the line \"Mistah Kurtz - he dead\"",
                        "solution": "What is Heart of Darkness"
                    },
                    {
                        "value": 500,
                        "clue": "James Thurber wrote this \"makes a male healthy, wealthy & dead\"",
                        "solution": "What is early to rise and early to bed"
                    }
                ]
            },
            {
                "category": "STATE FISH",
                "clues": [
                    {
                        "value": 100,
                        "clue": "Its state fish is the cod, & it has a Cape named Cod, too",
                        "solution": "What is Massachusetts"
                    },
                    {
                        "value": 200,
                        "clue": "This state could aptly top its state fish, the muskellunge, with its famous cheese",
                        "solution": "What is Wisconsin"
                    },
                    {
                        "value": 300,
                        "clue": "The channel bass is the state fish of this \"North\"ern Southern state",
                        "solution": "What is North Carolina"
                    }
                ]
            },
            {
                "category": "TRANSPORTATION IN FILMS",
                "clues": [
                    {
                        "value": 100,
                        "clue": "Mode of transportation to which the 1957 western title \"3:10 to Yuma\" referred",
                        "solution": "What is a train"
                    },
                    {
                        "value": 200,
                        "clue": "After the airplane in \"Airplane!\", Robert Hays went on to pilot this to safety in \"Airplane II\"",
                        "solution": "What is a space shuttle"
                    },
                    {
                        "value": 300,
                        "clue": "It's what went down in 1978's \"Gray Lady Down\"",
                        "solution": "What is a submarine"
                    },
                    {
                        "value": 400,
                        "clue": "An ad for this 1939 John Ford film read \"A powerful story of 9 strange people\"",
                        "solution": "What is Stagecoach"
                    },
                    {
                        "value": 500,
                        "clue": "In \"Peggy Sue Got Married\", Peggy Sue's dad surprises the family with this new car model",
                        "solution": "What is an Edsel"
                    }
                ]
            },
            {
                "category": "SONGS THAT \"DO\"",
                "clues": [
                    {
                        "value": 100,
                        "clue": "Songwriter Jorge Ben claimed Rod Stewart used part of his song \"Taj Mahal\" in this #1 hit",
                        "solution": "What is \"Do You Think I'm Sexy\""
                    },
                    {
                        "value": 200,
                        "clue": "Titles of 2 hits began with these 4 words; the Lovin' Spoonful's ended w/\"Magic\", Huey Lewis' w/\"Love\"",
                        "solution": "What is \"Do You Believe In\""
                    },
                    {
                        "value": 300,
                        "clue": "This song, not \"I Want To Hold Your Hand\", was the Beatles' 1st hit in England",
                        "solution": "What is \"Love Me Do\""
                    },
                    {
                        "value": 400,
                        "clue": "Question asked by both The Contours & Dave Clark 5, \"now that I can dance\"",
                        "solution": "What is \"Do You Love Me\""
                    },
                    {
                        "value": 500,
                        "clue": "Love has kept The Captain & Tennille together so they could come up with this other #1 hit",
                        "solution": "What is \"Do That To Me One More Time\""
                    }
                ]
            }
        ],
        "double": [
            {
                "category": "GENESIS",
                "clues": [
                    {
                        "value": 200,
                        "clue": "According to the Bible, these leaves were 1st in fashion",
                        "solution": "What is fig leaves"
                    },
                    {
                        "value": 400,
                        "clue": "A ladder for climbing the side of a ship is named for this man who envisioned a ladder to Heaven",
                        "solution": "What is Jacob"
                    },
                    {
                        "value": 600,
                        "clue": "Measurement that was length of man's arm from the elbow to the finger tips",
                        "solution": "What is a cubit"
                    },
                    {
                        "value": 800,
                        "clue": "Garden of Eden bordered on this river, on whose banks Babylon was later built",
                        "solution": "What is the Euphrates"
                    },
                    {
                        "value": 1000,
                        "clue": "By falsely accusing him of attempted rape, Potiphar's wife got this man thrown into prison",
                        "solution": "What is Joseph"
                    }
                ]
            },
            {
                "category": "PRESIDENTIAL TRIVIA",
                "clues": [
                    {
                        "value": 200,
                        "clue": "Our 1st divorced president",
                        "solution": "What is Ronald Reagan"
                    },
                    {
                        "value": 400,
                        "clue": "This President was the son of Theodore Roosevelt",
                        "solution": "What is Theodore Roosevelt"
                    },
                    {
                        "value": 600,
                        "clue": "The only one of our 1st 5 Presidents who was over 60 years old when 1st inaugurated",
                        "solution": "What is John Adams"
                    },
                    {
                        "value": 800,
                        "clue": "Not satisfied with siring 8 children by his 1st wife, this Virginian, our 10th Pres., had 7 by his 2nd",
                        "solution": "What is John Tyler"
                    },
                    {
                        "value": 1000,
                        "clue": "Some 2 years after he married Rachel, he found out she was legally married to another man",
                        "solution": "What is Andrew Jackson"
                    }
                ]
            },
            {
                "category": "WEAPONS",
                "clues": [
                    {
                        "value": 200,
                        "clue": "A \"Grenadier\" is a soldier particularly selected & trained to hurl these",
                        "solution": "What is grenades"
                    },
                    {
                        "value": 400,
                        "clue": "Primary purpose of an incendiary device",
                        "solution": "What is to create fire"
                    },
                    {
                        "value": 600,
                        "clue": "Devilish weapon seen in Grant Woods' painting \"American Gothic\"",
                        "solution": "What is a pitchfork"
                    },
                    {
                        "value": 800,
                        "clue": "According to Newsweek, 2008 Tow antitank missiles & parts Hawk & Phoenix missiles",
                        "solution": "What is what did we deliver to Iran"
                    },
                    {
                        "value": 1000,
                        "clue": "This NHL team not only skates on blades, they have a type of blade in their name",
                        "solution": "What is the (Buffalo) Sabres"
                    }
                ]
            },
            {
                "category": "MONEY",
                "clues": [
                    {
                        "value": 200,
                        "clue": "Spanish for \"weight\", it's the basic monetary unit of Mexico",
                        "solution": "What is peso"
                    },
                    {
                        "value": 400,
                        "clue": "Historic event commemorated on the back of the Susan B. Anthony dollar",
                        "solution": "What is the landing of Apollo 11 on the Moon"
                    },
                    {
                        "value": 600,
                        "clue": "Term for paper money issued for temporary or emergency use",
                        "solution": "What is scrip"
                    },
                    {
                        "value": 800,
                        "clue": "Whether buying a macaroon in Cameroon or a bongo in the Congo, you'd use currency w/a basic unit called this",
                        "solution": "What is franc"
                    },
                    {
                        "value": 1000,
                        "clue": "The currency of this Southern Hemisphere country whose name begins with \"A\" is the \"Austral\"",
                        "solution": "What is Argentina"
                    }
                ]
            },
            {
                "category": "MIDDLE NAMES",
                "clues": [
                    {
                        "value": 200,
                        "clue": "Statesman William Bryan's",
                        "solution": "What is Jennings"
                    },
                    {
                        "value": 400,
                        "clue": "Civil War general William Sherman's",
                        "solution": "What is Tecumseh"
                    },
                    {
                        "value": 600,
                        "clue": "Editor William Bryant's",
                        "solution": "What is Cullen"
                    },
                    {
                        "value": 800,
                        "clue": "Coach Paul \"Bear\" Bryant's",
                        "solution": "What is William"
                    },
                    {
                        "value": 1000,
                        "clue": "Poet William Williams'",
                        "solution": "What is Carlos"
                    }
                ]
            },
            {
                "category": "SONGS THAT \"DON'T\"",
                "clues": [
                    {
                        "value": 200,
                        "clue": "1 of the 3 Top 10 hits by Elvis with the word \"Don't\" in the title",
                        "solution": "What is \"Don't Be Cruel\", \"Don't Cry, Daddy\", or \"Don't\""
                    },
                    {
                        "value": 400,
                        "clue": "It's what Kenny Rogers & Kim Carnes said you shouldn't do \"with a dreamer\"",
                        "solution": "What is don't fall in love"
                    },
                    {
                        "value": 600,
                        "clue": "David Soul's only song to break into the Top 40, in 1977 it skyrocketed to #1",
                        "solution": "What is \"Don't Give Up On Us\""
                    },
                    {
                        "value": 800,
                        "clue": "After struggling for years to reach stardom, Thelma Houston finally made it in '77 with this #1 hit",
                        "solution": "What is \"Don't Leave Me This Way\""
                    },
                    {
                        "value": 1000,
                        "clue": "After having \"Wedding Bell Blues\", husband & wife Billy Davis, Jr. & Marilyn McCoo hit #1 with this",
                        "solution": "What is \"You Don't Have to Be a Star (To Be in My Show)\""
                    }
                ]
            }
        ],
        "final": {
            "category": "WORLD STATISTICS",
            "clue": "This continent currently has both the world's highest birthrate & the world's highest death rate",
            "solution": "What is Africa"
        }
    }
}