{
    "game": {
        "single": [
            {
                "category": "PRESIDENTS",
                "clues": [
                    {
                        "value": 100,
                        "clue": "Subject of the Peter Hurd portrait which LBJ called \"the ugliest thing I ever saw\"",
                        "solution": "What is Lyndon Baines Johnson"
                    },
                    {
                        "value": 200,
                        "clue": "3 of our first 5 presidents died on this holiday",
                        "solution": "What is July 4th"
                    },
                    {
                        "value": 300,
                        "clue": "Only president buried in any of our 10 largest cities, his tomb is in New York",
                        "solution": "What is Grant"
                    },
                    {
                        "value": 400,
                        "clue": "It's said it took 4 plumbers with special tools to extricate this president from the White House bathtub",
                        "solution": "What is Taft"
                    },
                    {
                        "value": 500,
                        "clue": "While President Truman often called wife Bess \"The Boss\", he called her \"The Boss's Boss\"",
                        "solution": "What is Margaret Truman"
                    }
                ]
            },
            {
                "category": "MEDICINE",
                "clues": [
                    {
                        "value": 100,
                        "clue": "Christmas seals now fight all lung disease, but originally targeted this #1 killer of early 1900s",
                        "solution": "What is tuberculosis"
                    },
                    {
                        "value": 200,
                        "clue": "Though Fleming discovered this 1st modern antibiotic in 1928, his Nobel Prize for it came in 1945",
                        "solution": "What is penicillin"
                    },
                    {
                        "value": 300,
                        "clue": "Derived from bark of cinchona tree, it was for years only known remedy for malaria",
                        "solution": "What is quinine"
                    },
                    {
                        "value": 400,
                        "clue": "Venereal disease formerly known as \"the pox\" or \"the great pox\" as opposed to smallpox",
                        "solution": "What is syphilis"
                    },
                    {
                        "value": 500,
                        "clue": "Once the symbol of Hermes or Mercury, it's now the symbol of the medical profession",
                        "solution": "What is the caduceus"
                    }
                ]
            },
            {
                "category": "TV NOSTALGIA",
                "clues": [
                    {
                        "value": 100,
                        "clue": "In the Mary Tyler Moore Show pilot, he tells Mary \"You got spunk... I hate spunk\"",
                        "solution": "What is Lou Grant"
                    },
                    {
                        "value": 200,
                        "clue": "Danny DeVito came out of his cage to marry Rhea Perlman during a lunch break of this show",
                        "solution": "What is Taxi"
                    },
                    {
                        "value": 300,
                        "clue": "Still in diapers when he joined the Today show cast in 1953, he sent the ratings climbing",
                        "solution": "What is J. Fred Muggs"
                    },
                    {
                        "value": 400,
                        "clue": "They lived at 623 E. 68th Street & had a baby on January 19, 1953",
                        "solution": "What is Lucille Ball & Desi Arnaz (Lucy & Ricky Ricardo)"
                    },
                    {
                        "value": 500,
                        "clue": "Leroy the high school coach drowned in a bowl of her chicken soup",
                        "solution": "What is Mary Hartman"
                    }
                ]
            },
            {
                "category": "BANGLADESH",
                "clues": [
                    {
                        "value": 100,
                        "clue": "The country's name refers to this \"tigerish\" Indian province of which it was once part",
                        "solution": "What is Bengal"
                    },
                    {
                        "value": 200,
                        "clue": "Though it's the chief food crop of the country, not enough is grown to feed the population",
                        "solution": "What is rice"
                    },
                    {
                        "value": 300,
                        "clue": "On a suggestion from Ravi Shankar, he organized the concerts for Bangladesh",
                        "solution": "What is George Harrison"
                    },
                    {
                        "value": 400,
                        "clue": "Decade of the 20th c. when East Pakistan became Bangladesh",
                        "solution": "What is the '70s"
                    },
                    {
                        "value": 500,
                        "clue": "Due to the geography of the country, it's the primary form of transportation",
                        "solution": "What is boat"
                    }
                ]
            },
            {
                "category": "SPELLING",
                "clues": [
                    {
                        "value": 100,
                        "clue": "In the Gregorian calendar, it's the 2nd month",
                        "solution": "What is F-E-B-R-U-A-R-Y"
                    },
                    {
                        "value": 200,
                        "clue": "This word is also spelled out in the song that includes the following: \"What you want...\"",
                        "solution": "What is R-E-S-P-E-C-T"
                    },
                    {
                        "value": 300,
                        "clue": "A device used to stop the flow of blood through an artery by compression",
                        "solution": "What is T-O-U-R-N-I-Q-U-E-T"
                    },
                    {
                        "value": 400,
                        "clue": "Steak sauce, made of vinegar, soy, & other ingredients, named for a county in England",
                        "solution": "What is W-O-R-C-E-S-T-E-R-S-H-I-R-E"
                    },
                    {
                        "value": 500,
                        "clue": "If you can use your left hand & right hand equally well, you're considered this",
                        "solution": "What is A-M-B-I-D-E-X-T-R-O-U-S"
                    }
                ]
            },
            {
                "category": "HATS",
                "clues": [
                    {
                        "value": 100,
                        "clue": "Tassel on this hat represents the lock of hair by which Allah pulls a believer up to heaven",
                        "solution": "What is a fez"
                    },
                    {
                        "value": 200,
                        "clue": "True examples of this famous \"straw\" are made of toquillo straw, & are from South, not Central, America",
                        "solution": "What is a Panama hat"
                    },
                    {
                        "value": 300,
                        "clue": "Korean girls looking for husbands once avoided men who wore tall horse-hair hats, which indicated this",
                        "solution": "What is that they were married"
                    },
                    {
                        "value": 400,
                        "clue": "It's brimless to allow worshipper to touch forehead to ground & is always worn by Sikhs in public",
                        "solution": "What is a turban"
                    },
                    {
                        "value": 500,
                        "clue": "The 3' high hennin, worn by ladies of Europe in the 1400s, had this shape",
                        "solution": "What is the cone-shaped hat"
                    }
                ]
            }
        ],
        "double": [
            {
                "category": "WORLD POLITICS",
                "clues": [
                    {
                        "value": 200,
                        "clue": "Family which ruled Haiti for 28 years, until February, 1986",
                        "solution": "What is the Duvaliers"
                    },
                    {
                        "value": 400,
                        "clue": "The term \"People's Republic\" is generally a euphemism for govt. under this doctrine",
                        "solution": "What is communism"
                    },
                    {
                        "value": 600,
                        "clue": "The Soviet Union has said it favors having part of 1988 Summer Olympics held in this country",
                        "solution": "What is North Korea"
                    },
                    {
                        "value": 800,
                        "clue": "In Austrian election, it was claimed this U.N. Sec-Gen served on the staff of a Nazi war criminal",
                        "solution": "What is Kurt Waldheim"
                    },
                    {
                        "value": 1000,
                        "clue": "Longest-ruling Latin American dictator, Gen. Alfredo Stroessner, has led this country since early '50s",
                        "solution": "What is Paraguay"
                    }
                ]
            },
            {
                "category": "SCIENCE TRIVIA",
                "clues": [
                    {
                        "value": 200,
                        "clue": "It's what a chronometer measures",
                        "solution": "What is time"
                    },
                    {
                        "value": 400,
                        "clue": "Ridges called eskers & oval hills called drumlins are formed by these icy phenomena",
                        "solution": "What is glaciers"
                    },
                    {
                        "value": 600,
                        "clue": "Umbras & penumbras can be parts of a sunspot or types of these",
                        "solution": "What is shadows"
                    },
                    {
                        "value": 800,
                        "clue": "The most common compound on the Earth's surface",
                        "solution": "What is water"
                    },
                    {
                        "value": 1000,
                        "clue": "Fahrenheit & centigrade readings are identical at this temperature",
                        "solution": "What is minus 40"
                    }
                ]
            },
            {
                "category": "NAME'S THE SAME",
                "clues": [
                    {
                        "value": 200,
                        "clue": "Real name shared by the stars of \"Harvey\" & \"Scaramouche\"",
                        "solution": "What is James Stewart"
                    },
                    {
                        "value": 400,
                        "clue": "\"Auntie Mame\" playwright, or rebel general whose mother was reportedly buried alive - but escaped",
                        "solution": "What is Robert E. Lee"
                    },
                    {
                        "value": 600,
                        "clue": "Henry's queen who died after Edward VI's birth, or a \"reigning queen\" of TV mini-series",
                        "solution": "What is Jane Seymour"
                    },
                    {
                        "value": 800,
                        "clue": "1 of 2 actresses born Gladys Smith; one kept her last name, while one kept neither",
                        "solution": "What is (1 of) Alexis Smith or Mary Pickford"
                    }
                ]
            },
            {
                "category": "ENGLISH LITERATURE",
                "clues": [
                    {
                        "value": 200,
                        "clue": "In the early 1500s, this 14-line form of poetry was introduced from Italy",
                        "solution": "What is a sonnet"
                    },
                    {
                        "value": 400,
                        "clue": "Only 24 of these 120 proposed stories exist, since author & friends never made it back to the Tabard Inn",
                        "solution": "What is the Canterbury Tales"
                    },
                    {
                        "value": 600,
                        "clue": "Victorian novelist who often set his gloomy tales in \"Wessex County\"",
                        "solution": "What is Thomas Hardy"
                    },
                    {
                        "value": 800,
                        "clue": "Until the late 800s, most prose writers in England wrote in this language",
                        "solution": "What is Latin"
                    },
                    {
                        "value": 1000,
                        "clue": "Themes of violence & vengeance dominated Jacobean drama during reign of this 17th c. king",
                        "solution": "What is King James"
                    }
                ]
            },
            {
                "category": "MUSICAL FACTS",
                "clues": [
                    {
                        "value": 200,
                        "clue": "A meaningful series of tones, or Gene Autry's ranch",
                        "solution": "What is a melody"
                    },
                    {
                        "value": 400,
                        "clue": "A piece written in tempo \"allegro\" should be played this way",
                        "solution": "What is fast"
                    },
                    {
                        "value": 600,
                        "clue": "Sentence used to remember notes on the 5 lines of the staff of a standard treble clef",
                        "solution": "What is every good boy does fine (every good boy deserves favor)"
                    },
                    {
                        "value": 800,
                        "clue": "A dot to the right of a note does this to its time value",
                        "solution": "What is add half the value again (increase by half)"
                    },
                    {
                        "value": 1000,
                        "clue": "From Latin for \"measuring\", this shifting of keys has been a Barry Manilow trademark",
                        "solution": "What is modulation"
                    }
                ]
            }
        ],
        "final": {
            "category": "THE FLAG",
            "clue": "\"Star-Spangled Banner\" that flew over Ft. McHenry in War of 1812 had this same # of both stars & stripes",
            "solution": "What is 15"
        }
    }
}