{
    "game": {
        "single": [
            {
                "category": "AMERICAN FOOD AND DRINK",
                "clues": [
                    {
                        "value": 100,
                        "clue": "5600-year-old samples of this \"movie treat\" have been found in New Mexico caves",
                        "solution": "What is popcorn"
                    },
                    {
                        "value": 200,
                        "clue": "Angel-food cake was supposedly created in the Missouri city",
                        "solution": "What is St. Louis"
                    },
                    {
                        "value": 300,
                        "clue": "Start by steeping, in a glass, crushed leaves in sugar syrup",
                        "solution": "What is a mint julep"
                    },
                    {
                        "value": 400,
                        "clue": "Small cornmeal fritters supposedly tossed to dogs to make them quiet",
                        "solution": "What is hush puppies"
                    },
                    {
                        "value": 500,
                        "clue": "Y'all can have these ground kernals boiled, baked, or fried for breakfast, lunch, or dinner",
                        "solution": "What is grits"
                    }
                ]
            },
            {
                "category": "NURSERY RHYMES",
                "clues": [
                    {
                        "value": 100,
                        "clue": "What little Tommy Tucker did for his supper",
                        "solution": "What is sing"
                    },
                    {
                        "value": 200,
                        "clue": "In \"The Queen of Hearts\", he stole the tarts",
                        "solution": "What is the Knave (of Hearts)"
                    },
                    {
                        "value": 300,
                        "clue": "What Little Bo Peep's sheep will do if left alone",
                        "solution": "What is come home"
                    },
                    {
                        "value": 400,
                        "clue": "The 3 things growing in \"Mary, Mary, Quite Contrary's\" garden",
                        "solution": "What is cockleshells and silver bells and pretty maids all in a row"
                    },
                    {
                        "value": 500,
                        "clue": "In \"This little pig went to market\", it's what the only pig that ate pigged out on",
                        "solution": "What is roast beef"
                    }
                ]
            },
            {
                "category": "INSECTS",
                "clues": [
                    {
                        "value": 100,
                        "clue": "In spite of its name, this brightly colored beetle can be male or female",
                        "solution": "What is a ladybug"
                    },
                    {
                        "value": 200,
                        "clue": "The bubonic plague of Medieval Europe was spread by these insects feeding on rats",
                        "solution": "What is fleas"
                    },
                    {
                        "value": 300,
                        "clue": "Almost everything most insects do is related to these 2 survival activities",
                        "solution": "What is eating & mating"
                    },
                    {
                        "value": 400,
                        "clue": "Though voracious, locusts do not migrate for food, but after an enormous increase in this",
                        "solution": "What is population"
                    },
                    {
                        "value": 500,
                        "clue": "From Greek \"chrysos\", meaning gold, it's the gold-colored pupa of a butterfly",
                        "solution": "What is a chrysalis"
                    }
                ]
            },
            {
                "category": "'70s MOVIES",
                "clues": [
                    {
                        "value": 100,
                        "clue": "He was Buddy Holly in \"The Buddy Holly Story\"",
                        "solution": "What is Gary Busey"
                    },
                    {
                        "value": 200,
                        "clue": "Sadly for Tom Selleck fans, Genevieve Bujold didn't solve the mystery before he lapsed into this",
                        "solution": "What is coma"
                    },
                    {
                        "value": 300,
                        "clue": "One of the few sequels to critically surpass the original, this film won Best Picture for 1974",
                        "solution": "What is Godfather II"
                    },
                    {
                        "value": 400,
                        "clue": "By escorting Randy Quaid to Prison in 1973, Jack Nicholson & Otis Young carried out this title task",
                        "solution": "What is The Last Detail"
                    },
                    {
                        "value": 500,
                        "clue": "2 films of the Vietnam battlefront & homefront that took 1978's top 5 Oscars",
                        "solution": "What is The Deer Hunter & Coming Home"
                    }
                ]
            },
            {
                "category": "JEWELRY",
                "clues": [
                    {
                        "value": 100,
                        "clue": "Dangle, clip-on or pierced, for example",
                        "solution": "What is earrings"
                    },
                    {
                        "value": 200,
                        "clue": "These \"buttons\" button up your tuxedo shirt",
                        "solution": "What is studs"
                    },
                    {
                        "value": 300,
                        "clue": "Latin for a royal Persian headdress, it's Miss America's crowning glory",
                        "solution": "What is a tiara"
                    },
                    {
                        "value": 400,
                        "clue": "A gem carved in relief, or the kind of appearance Alfred Hitchcock made in his movies",
                        "solution": "What is a cameo"
                    },
                    {
                        "value": 500,
                        "clue": "An ornament held by a pin or clasp & worn at the neck",
                        "solution": "What is a brooch"
                    }
                ]
            },
            {
                "category": "WHAT'S \"UP\" DOC",
                "clues": [
                    {
                        "value": 100,
                        "clue": "Direction you want to be when meeting a skunk",
                        "solution": "What is upwind"
                    },
                    {
                        "value": 200,
                        "clue": "Your early training",
                        "solution": "What is your upbringing"
                    },
                    {
                        "value": 300,
                        "clue": "Describes an effective pep talk or effective bra",
                        "solution": "What is uplifting"
                    },
                    {
                        "value": 400,
                        "clue": "The 20th letter of the Greek alphabet",
                        "solution": "What is upsilon"
                    },
                    {
                        "value": 500,
                        "clue": "In Hollywood for example, if he's going to a preview, you've already seen it at a private screening",
                        "solution": "What is oneupsmanship"
                    }
                ]
            }
        ],
        "double": [
            {
                "category": "COMPOSERS",
                "clues": [
                    {
                        "value": 200,
                        "clue": "Prokofiev wrote his 4th Piano Concerto for this hand only",
                        "solution": "What is the left hand"
                    },
                    {
                        "value": 400,
                        "clue": "Haydn burst into tears upon first hearing this famous section of \"The Messiah\"",
                        "solution": "What is the Hallelujah Chorus"
                    },
                    {
                        "value": 600,
                        "clue": "His 6th Symphony, not \"Swan Lake\", was his swan song",
                        "solution": "What is Tchaikovsky"
                    },
                    {
                        "value": 800,
                        "clue": "Ravel was an ambulance driver during this war",
                        "solution": "What is World War I"
                    },
                    {
                        "value": 1000,
                        "clue": "Russian who spent \"A Night on Bald Mountain\"",
                        "solution": "What is Mussorgsky"
                    }
                ]
            },
            {
                "category": "SPORTS",
                "clues": [
                    {
                        "value": 200,
                        "clue": "In 1985, at 17, he became Wimbledon's youngest & only unseeded winner of men's singles",
                        "solution": "What is Boris Becker"
                    },
                    {
                        "value": 400,
                        "clue": "Originally Italian for gondola race, it's a racing meet that might be held on the Thames",
                        "solution": "What is a regatta"
                    },
                    {
                        "value": 600,
                        "clue": "Played by his home club, the following became the unofficial theme song for this 1980 rookie",
                        "solution": "What is Fernando Valenzuela"
                    },
                    {
                        "value": 800,
                        "clue": "1 of 2 NFL divisions that have only 4 teams",
                        "solution": "What is the National Football Conference West or the American Football Conference Central"
                    },
                    {
                        "value": 1000,
                        "clue": "From 1956-'60, Carol Heiss was world champion in this sport",
                        "solution": "What is figure skating"
                    }
                ]
            },
            {
                "category": "ANCIENT SCIENCE",
                "clues": [
                    {
                        "value": 200,
                        "clue": "Considered 1st universal genius, this student of Plato believed goats breathed through their ears",
                        "solution": "What is Aristotle"
                    },
                    {
                        "value": 400,
                        "clue": "Delta city with automatic door openers, washing machines, & a world-famous library",
                        "solution": "What is Alexandria"
                    },
                    {
                        "value": 600,
                        "clue": "Noticing ill effects, the Roman, Vitruvius, recommended water pipes be made of clay rather than this",
                        "solution": "What is lead"
                    },
                    {
                        "value": 800,
                        "clue": "Greek who 1st used math to tune an instrument, he's more famous for a triangle",
                        "solution": "What is Pythagoras"
                    },
                    {
                        "value": 1000,
                        "clue": "The ancient Sumerian number system, based on 60, is still used today to measure this",
                        "solution": "What is time"
                    }
                ]
            },
            {
                "category": "POETRY",
                "clues": [
                    {
                        "value": 200,
                        "clue": "Completes Omar Khayyam's threesome, \"Jug of wine, a loaf of bread—and\"",
                        "solution": "What is \"thou\""
                    },
                    {
                        "value": 400,
                        "clue": "Longfellow said \"When she was good, she was very, very good but when she was bad, she was\" this",
                        "solution": "What is \"horrid\""
                    },
                    {
                        "value": 600,
                        "clue": "He said, \"Good fences make good neighbors\"",
                        "solution": "What is Robert Frost"
                    },
                    {
                        "value": 800,
                        "clue": "This author of \"Prometheus Unbound\" suggested to his wife that she write \"Frankenstein\"",
                        "solution": "What is Shelley"
                    },
                    {
                        "value": 1000,
                        "clue": "Creator of \"Little Orphant Annie\" this \"Hoosier Poet\" once passed 1 of his poems as Edgar Allan Poe's",
                        "solution": "What is James Whitcomb Riley"
                    }
                ]
            },
            {
                "category": "BUSINESS & INDUSTRY",
                "clues": [
                    {
                        "value": 800,
                        "clue": "An estimated 79% of sales revenues of this \"fade cream\" are spent on advertising",
                        "solution": "What is Porcelana"
                    },
                    {
                        "value": 1000,
                        "clue": "This type of retail store sells more shampoo & makeup than any other",
                        "solution": "What is food stores (supermarkets)"
                    }
                ]
            },
            {
                "category": "BRITISH TRIVIA",
                "clues": [
                    {
                        "value": 200,
                        "clue": "These schools were first opened to educate children who worked in factories 6 days a week",
                        "solution": "What is Sunday schools"
                    },
                    {
                        "value": 400,
                        "clue": "After graphite deposits were discovered in 1564, the British began making \"marking stones\" &, later, these",
                        "solution": "What is pencils"
                    },
                    {
                        "value": 600,
                        "clue": "In British newspapers, it's what a \"Page 3 Girl\" is usually lacking",
                        "solution": "What is clothing"
                    },
                    {
                        "value": 800,
                        "clue": "In 18th-century English gambling dens, employees swallowed these in case of a police raid",
                        "solution": "What is dice"
                    },
                    {
                        "value": 1000,
                        "clue": "Lloyd's of London started out not as an insurer, but as a purveyor of this beverage",
                        "solution": "What is coffee"
                    }
                ]
            }
        ],
        "final": {
            "category": "ENERGY",
            "clue": "While U.S. is #2 petroleum producer in the world, this country produces the most",
            "solution": "What is the Soviet Union"
        }
    }
}