{
    "game": {
        "single": [
            {
                "category": "NORMANCLATURE",
                "clues": [
                    {
                        "value": 100,
                        "clue": "This Norman lord was probably promised the English crown in 1051, but only took it 15 years later",
                        "solution": "What is William The Conqueror"
                    }
                ]
            },
            {
                "category": "CAR PETS",
                "clues": [
                    {
                        "value": 100,
                        "clue": "On June 17, 1994 95 million people watched the California Highway Patrol follow one of these Ford vans",
                        "solution": "What is Bronco"
                    },
                    {
                        "value": 200,
                        "clue": "As a Ford exec., Lee Iacocca sired this sporty car introduced in April 1964",
                        "solution": "What is Mustang"
                    },
                    {
                        "value": 300,
                        "clue": "In the U.S. this subcompact was Volkswagen's successor to the Beetle, but it didn't catch on the same way",
                        "solution": "What is Rabbit"
                    },
                    {
                        "value": 400,
                        "clue": "This British car maker developed from a company that made motorcycle sidecars",
                        "solution": "What is Jaguar"
                    },
                    {
                        "value": 500,
                        "clue": "For 1980 American Motors let it soar as the 1st domestic-built 4-wheel-drive car",
                        "solution": "What is Eagle"
                    }
                ]
            },
            {
                "category": "FILM FESTIVALS",
                "clues": [
                    {
                        "value": 100,
                        "clue": "Sacre Bleu! \"Godzilla\" was chosen as the 1998 closing-night attraction at this Riviera festival",
                        "solution": "What is Cannes"
                    },
                    {
                        "value": 300,
                        "clue": "The New York Film Festival is sponsored by this institution \"centrally\" located at 64th & Broadway",
                        "solution": "What is the Film Society of Lincoln Center"
                    },
                    {
                        "value": 400,
                        "clue": "2-word name for the grand prize at the Berlin Film Festival, or for golfer Jack Nicklaus",
                        "solution": "What is Golden Bear"
                    },
                    {
                        "value": 500,
                        "clue": "\"The Crying Game\" & \"The Piano\" had their U.S. premieres at the festival in this Colorado mining town",
                        "solution": "What is Telluride"
                    }
                ]
            },
            {
                "category": "WORLD COSTUME",
                "clues": [
                    {
                        "value": 100,
                        "clue": "Meaning \"leather shorts\", they can be seen at German festivals like Oktoberfest",
                        "solution": "What is Lederhosen"
                    },
                    {
                        "value": 200,
                        "clue": "Zipperless pants called broadfalls are worn by this U.S. group named for Jacob Ammann",
                        "solution": "What is Amish"
                    },
                    {
                        "value": 300,
                        "clue": "From Spanish for cape, this garment, a cloak with a hole in the middle, is common among Bolivian countrymen",
                        "solution": "What is Poncho"
                    },
                    {
                        "value": 400,
                        "clue": "It's been popular in the U.S. since the '60s & is still worn in Africa",
                        "solution": "What is Dashiki"
                    },
                    {
                        "value": 500,
                        "clue": "Hats worn in this country, unlike those just named for it, are braided, not woven",
                        "solution": "What is Panama"
                    }
                ]
            },
            {
                "category": "EIGHT",
                "clues": [
                    {
                        "value": 100,
                        "clue": "The 8 in this collegiate group include Yale, Brown & Harvard",
                        "solution": "What is The Ivy League"
                    },
                    {
                        "value": 200,
                        "clue": "Fortunes from this classic toy include \"Outlook not so good\" & \"Reply hazy, try again\"",
                        "solution": "What is Magic 8-Ball"
                    },
                    {
                        "value": 300,
                        "clue": "This Byrds song says, \"And when you touch down you'll find that it's stranger than known\"",
                        "solution": "What is Eight Miles High"
                    },
                    {
                        "value": 400,
                        "clue": "On \"M*A*S*H\" Klinger dressed in women's clothes to try to qualify for this type of insanity discharge",
                        "solution": "What is Section 8 discharge"
                    },
                    {
                        "value": 500,
                        "clue": "The Eightfold Path leads to release from suffering in this religion",
                        "solution": "What is Buddhism"
                    }
                ]
            },
            {
                "category": "\"NIGHT\"s",
                "clues": [
                    {
                        "value": 100,
                        "clue": "John Travolta received an Oscar nomination for his performance in this 1977 movie",
                        "solution": "What is Saturday Night Fever"
                    },
                    {
                        "value": 200,
                        "clue": "Tomatoes & belladonna are members of this plant family",
                        "solution": "What is Nightshade"
                    },
                    {
                        "value": 300,
                        "clue": "In this children's book, a little bunny bids adieu to the objects in his room at bedtime",
                        "solution": "What is Goodnight Moon"
                    },
                    {
                        "value": 400,
                        "clue": "\"Thou wast not born for death, immortal bird!\" Keats wrote in this ode",
                        "solution": "What is \"Ode to a Nightingale\""
                    }
                ]
            }
        ],
        "double": [
            {
                "category": "PLAYS & PLAYWRIGHTS",
                "clues": [
                    {
                        "value": 200,
                        "clue": "Lanford Wilson won a Pulitzer for \"Talley's Folly\" in 1980 & this Wilson won for \"The Piano Lesson\" in 1990",
                        "solution": "What is August Wilson"
                    },
                    {
                        "value": 400,
                        "clue": "He noted, \"The greatest of evils and the worst of crimes is poverty\" in his preface to \"Major Barbara\"",
                        "solution": "What is George Bernard Shaw"
                    },
                    {
                        "value": 600,
                        "clue": "His play \"Glengarry Glen Ross\" had its world premiere at the National Theatre in London in 1983",
                        "solution": "What is David Mamet"
                    },
                    {
                        "value": 800,
                        "clue": "He wrote \"Tea Party\" & \"The Birthday Party\" — what a party animal!",
                        "solution": "What is Harold Pinter"
                    },
                    {
                        "value": 1000,
                        "clue": "He collaborated on his hit comedy \"Beggar On Horseback\" with Marc Connelly, not Moss Hart",
                        "solution": "What is George S. Kaufman"
                    }
                ]
            },
            {
                "category": "ROYAL NAME'S THE SAME",
                "clues": [
                    {
                        "value": 200,
                        "clue": "Not England's Elizabeth I, but Russia's Elizabeth I was the daughter of this \"Great\" czar",
                        "solution": "What is Peter the Great"
                    },
                    {
                        "value": 400,
                        "clue": "He wasn't England's Henry VIII, but Henry VIII of Bavaria who was also this empire's Henry IV",
                        "solution": "What is the Holy Roman Empire"
                    },
                    {
                        "value": 600,
                        "clue": "Not to be confused with the Roman emperor, Constantine II was the last king of this nation in 1973",
                        "solution": "What is Greece"
                    },
                    {
                        "value": 800,
                        "clue": "Unlike England's \"Merry Monarch\" Charles II, this country's Charles II was \"El Hechizado\", The Bewitched",
                        "solution": "What is Spain"
                    },
                    {
                        "value": 1000,
                        "clue": "Unlike feelings toward France's Louis XVI, Louis I of this country was known as \"Lajos The Great\"",
                        "solution": "What is Hungary"
                    }
                ]
            },
            {
                "category": "RAIN",
                "clues": [
                    {
                        "value": 200,
                        "clue": "Caused in part by sulfur dioxide emissions, it has \"killed\" 500 bodies of water in the Adirondacks",
                        "solution": "What is acid rain"
                    },
                    {
                        "value": 800,
                        "clue": "At a warm one you get regular rain; at a cold one, thunderstorms",
                        "solution": "What is a front"
                    },
                    {
                        "value": 1000,
                        "clue": "Orographic precipitation is caused by moist air rising over one or more of these, oros in Greek",
                        "solution": "What is mountains"
                    }
                ]
            },
            {
                "category": "OUTDATED MAPS",
                "clues": [
                    {
                        "value": 200,
                        "clue": "Now Ho Chi Minh City, it was this as the capital of South Vietnam",
                        "solution": "What is Saigon"
                    },
                    {
                        "value": 400,
                        "clue": "After 1961, when its namesake fell out of favor, this city was known as Volgograd",
                        "solution": "What is Stalingrad"
                    },
                    {
                        "value": 600,
                        "clue": "The \"Coast\" was clear for this old name for Ghana before its independence in 1957",
                        "solution": "What is the Gold Coast"
                    },
                    {
                        "value": 1000,
                        "clue": "Out with the old! For 300 years before 1925, Oslo was known as this",
                        "solution": "What is Christiania"
                    }
                ]
            },
            {
                "category": "TV STARS",
                "clues": [
                    {
                        "value": 200,
                        "clue": "The evidence is clear, he played Quincy",
                        "solution": "What is Jack Klugman"
                    },
                    {
                        "value": 400,
                        "clue": "Everything was shipshape & passionate when he played Capt. Merrill Stubing",
                        "solution": "What is Gavin MacLeod"
                    },
                    {
                        "value": 600,
                        "clue": "He's gone comically where no alien has gone before as Dick Solomon",
                        "solution": "What is John Lithgow"
                    },
                    {
                        "value": 800,
                        "clue": "(Hi, I'm Renee Jones from Days of Our Lives.) Before he was B.J. Hunnicutt on \"M*A*S*H\", this actor played Scott Banning on \"Days of Our Lives\"",
                        "solution": "What is Mike Farrell"
                    },
                    {
                        "value": 1000,
                        "clue": "Gomer could tell you this actor played Goober Pyle",
                        "solution": "What is George Lindsey"
                    }
                ]
            },
            {
                "category": "LITERARY ADJECTIVES",
                "clues": [
                    {
                        "value": 200,
                        "clue": "Things are this if they are like Sir Thomas More's perfect island",
                        "solution": "What is utopian"
                    },
                    {
                        "value": 400,
                        "clue": "Resembling the totalitarian future described in \"1984\"",
                        "solution": "What is orwellian"
                    },
                    {
                        "value": 600,
                        "clue": "\"Like the impractical idealist in a Cervantes satire\" reduces to this adjective",
                        "solution": "What is quixotic"
                    },
                    {
                        "value": 800,
                        "clue": "Also used of some \"bargains\", this adjective means \"similar to Goethe's soul seller\"",
                        "solution": "What is faustian"
                    },
                    {
                        "value": 1000,
                        "clue": "In a word, \"Like Pantagruel's father\"",
                        "solution": "What is gargantuan"
                    }
                ]
            }
        ],
        "final": {
            "category": "PRESIDENTS",
            "clue": "2 of the 3 successive presidents who were Republicans, born in Ohio & generals in the Union army",
            "solution": "What is (2 of) Ulysses S. Grant, Rutherford B. Hayes & James A. Garfield"
        }
    }
}