{
    "game": {
        "single": [
            {
                "category": "WASHINGTONIANS",
                "clues": [
                    {
                        "value": 100,
                        "clue": "The blonde who's played the title role in \"Hello, Dolly\" over 3000 times",
                        "solution": "What is Carol Channing"
                    },
                    {
                        "value": 200,
                        "clue": "Born Abdullah Jaffa Bey Khan, since age 11 he wanted to have his own ballet company",
                        "solution": "What is Robert Joffrey"
                    },
                    {
                        "value": 300,
                        "clue": "Though called \"The Old Groaner\", he titled his autobiography \"Call Me Lucky\"",
                        "solution": "What is Bing Crosby"
                    },
                    {
                        "value": 500,
                        "clue": "Rose Hovick, a.k.a. Gypsy Rose Lee, was the older sister of this actress",
                        "solution": "What is June Havoc"
                    }
                ]
            },
            {
                "category": "APPLES",
                "clues": [
                    {
                        "value": 100,
                        "clue": "Ducking & bobbing for apples are games most associated with this holiday",
                        "solution": "What is Halloween"
                    },
                    {
                        "value": 200,
                        "clue": "To get pink applesauce, you should include this part when cooking the apples",
                        "solution": "What is the peel"
                    },
                    {
                        "value": 300,
                        "clue": "In early America, most apples were used to make this",
                        "solution": "What is (hard) cider"
                    }
                ]
            },
            {
                "category": "BROADWAY LYRICS",
                "clues": [
                    {
                        "value": 100,
                        "clue": "\"Chicks & ducks & geese better\" do this \"when I take you out in the surrey\"",
                        "solution": "What is scurry"
                    },
                    {
                        "value": 200,
                        "clue": "\"Oh, no! Not in springtime! Summer, winter or fall! No, never could I\" do this \"at all!\"",
                        "solution": "What is leave you"
                    },
                    {
                        "value": 300,
                        "clue": "It's when you should \"rise & look around you & you'll see who you are\"",
                        "solution": "What is on a clear day"
                    },
                    {
                        "value": 400,
                        "clue": "\"It's delicious, it's delectable, it's delirious, it's dilemma, it's delimit, it's deluxe, it's\" this",
                        "solution": "What is de-lovely"
                    },
                    {
                        "value": 500,
                        "clue": "In \"A Chorus Line\", Cassie sings \"All I ever needed was the music &\" this",
                        "solution": "What is the mirror"
                    }
                ]
            },
            {
                "category": "BOOKS & AUTHORS",
                "clues": [
                    {
                        "value": 100,
                        "clue": "Bruce Catton is best known for writing books about this event",
                        "solution": "What is the Civil War"
                    },
                    {
                        "value": 200,
                        "clue": "Her 1st novel was \"Little House in the Big Woods\"",
                        "solution": "What is Laura Ingalls (Wilder)"
                    },
                    {
                        "value": 300,
                        "clue": "Ex-wife who coyly called her scandalous 1988 autobiography \"The Prize Pulitzer\"",
                        "solution": "What is Roxanne Pulitzer"
                    },
                    {
                        "value": 400,
                        "clue": "\"The Roman Spring of Mrs. Stone\" was 1 of only 2 novels written by this playwright",
                        "solution": "What is Tennessee Williams"
                    },
                    {
                        "value": 500,
                        "clue": "The Oklahoma Land Rush of 1889 was the setting for her 1930 novel \"Cimarron\"",
                        "solution": "What is Edna Ferber"
                    }
                ]
            },
            {
                "category": "TV GUIDE SAYS",
                "clues": [
                    {
                        "value": 100,
                        "clue": "\"Kirk, assigned to protect a grain shipment, finds that he has trouble with 'Tribbles'\"",
                        "solution": "What is Star Trek"
                    },
                    {
                        "value": 200,
                        "clue": "\"A way-out hair style creates problems for Harriet\"",
                        "solution": "What is Ozzie and Harriet"
                    },
                    {
                        "value": 300,
                        "clue": "\"Doc falls for a seasick stowaway (Charo)\"",
                        "solution": "What is The Love Boat"
                    },
                    {
                        "value": 400,
                        "clue": "\"Lionel tries to bring peace between his fiancee's grandfathers: 1 black, 1 white & both prejudiced\"",
                        "solution": "What is The Jeffersons"
                    },
                    {
                        "value": 500,
                        "clue": "\"Jennifer becomes a jewel thief after being hypnotized by an unorthodox beautician\"",
                        "solution": "What is Hart to Hart"
                    }
                ]
            },
            {
                "category": "\"SUMMER\"",
                "clues": [
                    {
                        "value": 100,
                        "clue": "The crookneck or the zucchini, for example",
                        "solution": "What is summer squash"
                    },
                    {
                        "value": 200,
                        "clue": "A heels-over-head body roll",
                        "solution": "What is summersault"
                    },
                    {
                        "value": 300,
                        "clue": "While it sounds like corporate shares traded in July, it's actually Strawhat Theater",
                        "solution": "What is summer stock"
                    },
                    {
                        "value": 400,
                        "clue": "Seals & Crofts had this hit in the fall of 1972",
                        "solution": "What is \"Summer Breeze\""
                    },
                    {
                        "value": 500,
                        "clue": "1972 book by Roger Kahn about the Brooklyn Dodgers of the early 1950s",
                        "solution": "What is The Boys of Summer"
                    }
                ]
            }
        ],
        "double": [
            {
                "category": "ENGLAND",
                "clues": [
                    {
                        "value": 200,
                        "clue": "This city was supposedly named for a mythical creature, the liver bird",
                        "solution": "What is Liverpool"
                    },
                    {
                        "value": 400,
                        "clue": "The church where Shakespeare is buried overlooks this river",
                        "solution": "What is the Avon"
                    },
                    {
                        "value": 600,
                        "clue": "This great-grandmother is an expert at fly-fishing, pool, playing the bongos, & opening hospitals",
                        "solution": "What is The Queen Mum (Elizabeth)"
                    },
                    {
                        "value": 800,
                        "clue": "Legend says King Lear's father & his swine rolled in the mud in this city's ancient Roman spa",
                        "solution": "What is Bath"
                    },
                    {
                        "value": 1000,
                        "clue": "Built by George IV, the royal pavilion at this seaside resort is an ornate Oriental palace",
                        "solution": "What is Brighton"
                    }
                ]
            },
            {
                "category": "ART",
                "clues": [
                    {
                        "value": 200,
                        "clue": "This delicate, thin paper used by Asian artists comes from a tree of the same name, not a grain",
                        "solution": "What is rice"
                    },
                    {
                        "value": 400,
                        "clue": "Jon Gnagy was one of the 1st to use this medium to teach large numbers of people how to draw",
                        "solution": "What is television"
                    },
                    {
                        "value": 600,
                        "clue": "Thomas Cole lived in Catskill, N.Y. & was a founder of the school of art named for this body of water",
                        "solution": "What is the Hudson River"
                    },
                    {
                        "value": 800,
                        "clue": "Famed French Fauve artist noted for his colors, or the dog in \"Down & Out in Beverly Hills\"",
                        "solution": "What is Matisse"
                    },
                    {
                        "value": 1000,
                        "clue": "A critic called this artist's \"Olympia\" \"obviously naked rather than conventionally nude\"",
                        "solution": "What is Edouard Manet"
                    }
                ]
            },
            {
                "category": "HISTORIC NICKNAMES",
                "clues": [
                    {
                        "value": 200,
                        "clue": "He was called \"Ringlets\" by his men & \"Yellow Hair\" by the Indians",
                        "solution": "What is George Custer"
                    },
                    {
                        "value": 400,
                        "clue": "\"Cap the Knife\", or more recently, \"Cap the Knight\"",
                        "solution": "What is Caspar Weinberger"
                    },
                    {
                        "value": 600,
                        "clue": "\"The Scourge of God\"",
                        "solution": "What is Attila the Hun"
                    },
                    {
                        "value": 800,
                        "clue": "\"The Lady with the Hatchet\", & we don't mean Lizzie Borden",
                        "solution": "What is Carrie Nation"
                    },
                    {
                        "value": 1000,
                        "clue": "\"The Father of the Turks\"",
                        "solution": "What is Mustafa Kemal Ataturk"
                    }
                ]
            },
            {
                "category": "INTERNATIONAL BUSINESS",
                "clues": [
                    {
                        "value": 200,
                        "clue": "This French co. is world's #1 maker of disposable razors, cigarette lighters & ballpoint pens",
                        "solution": "What is Bic"
                    },
                    {
                        "value": 400,
                        "clue": "Samsung is this country's largest company",
                        "solution": "What is South Korea"
                    },
                    {
                        "value": 600,
                        "clue": "Imperial margarine, All, Wisk & Surf are marketed by this U.S. subsidiary of Anglo-Dutch Unilever",
                        "solution": "What is Lever Brothers"
                    },
                    {
                        "value": 800,
                        "clue": "NTT, called the world's most valuable company, is this country's phone company",
                        "solution": "What is Japan"
                    },
                    {
                        "value": 1000,
                        "clue": "World's #1 maker of light bulbs, this Dutch company's brands include Norelco, Philco & Magnavox",
                        "solution": "What is Philips"
                    }
                ]
            },
            {
                "category": "YOGA",
                "clues": [
                    {
                        "value": 200,
                        "clue": "The crow, the cobra & the locust, among others",
                        "solution": "What is yoga positions"
                    },
                    {
                        "value": 400,
                        "clue": "One form that requires less concentration than Hindu yoga is \"TM\", which means this",
                        "solution": "What is transcendental meditation"
                    },
                    {
                        "value": 600,
                        "clue": "From Sanskrit for \"venerable\", he's a yogi's spiritual guide",
                        "solution": "What is guru"
                    },
                    {
                        "value": 800,
                        "clue": "Yogis practice pranayama, a controlled way of doing this",
                        "solution": "What is breathing"
                    },
                    {
                        "value": 1000,
                        "clue": "Yogis do this primarily to bring the mind & senses under control, & to cleanse the body",
                        "solution": "What is fasting"
                    }
                ]
            },
            {
                "category": "\"WINTER\"",
                "clues": [
                    {
                        "value": 200,
                        "clue": "The acorn or the hubbard, for example",
                        "solution": "What is winter squash"
                    },
                    {
                        "value": 400,
                        "clue": "Oil of this plant, whose leaves keep their color all year, flavors some candies & chewing gum",
                        "solution": "What is wintergreen"
                    },
                    {
                        "value": 600,
                        "clue": "The Bolsheviks took power & captured top gov't officials when they seized this Petrograd building",
                        "solution": "What is the Winter Palace"
                    },
                    {
                        "value": 800,
                        "clue": "Once musical director for RCA Victor, he had hits of his own with \"Blue Tango\" & \"Canadian Sunset\"",
                        "solution": "What is Hugo Winterhalter"
                    },
                    {
                        "value": 1000,
                        "clue": "This play based on the Sacco-Vanzetti case is considered by some Maxwell Anderson's best",
                        "solution": "What is \"Winterset\""
                    }
                ]
            }
        ],
        "final": {
            "category": "PRESIDENTS",
            "clue": "1 of the 2 presidents who were both widowed & remarried while in office",
            "solution": "What is Woodrow Wilson or John Tyler"
        }
    }
}