{
    "game": {
        "single": [
            {
                "category": "HISTORIC WOMEN",
                "clues": [
                    {
                        "value": 200,
                        "clue": "She met Napoleon after her husband Alexandre de Beauharnais was guillotined in 1794",
                        "solution": "What is Josephine"
                    },
                    {
                        "value": 400,
                        "clue": "She was a teacher & administrator at St. Mary's High School in Calcutta for about 17 years until 1946",
                        "solution": "What is Mother Teresa"
                    },
                    {
                        "value": 600,
                        "clue": "In 1956 this future Israeli prime minister adopted a new last name that means \"to burn brightly\" in Hebrew",
                        "solution": "What is Golda Meir"
                    },
                    {
                        "value": 800,
                        "clue": "In her will, this queen of Castile pleaded for just treatment of New World Indians",
                        "solution": "What is Isabella"
                    },
                    {
                        "value": 1000,
                        "clue": "While attending Oxford in the 1940s, this Brit became president of the university Conservative Association",
                        "solution": "What is Margaret Thatcher"
                    }
                ]
            },
            {
                "category": "ALLITERATIVE ACTORS",
                "clues": [
                    {
                        "value": 200,
                        "clue": "He went \"Old School\" as a \"Wedding Crasher\"",
                        "solution": "What is Vince Vaughn"
                    },
                    {
                        "value": 400,
                        "clue": "This \"X-Files\" star went to grad school at Yale but didn't finish his thesis",
                        "solution": "What is David Duchovny"
                    },
                    {
                        "value": 600,
                        "clue": "We were \"Enchanted\" by her performance as Delysia in \"Miss Pettigrew Lives for a Day\"",
                        "solution": "What is Amy Adams"
                    },
                    {
                        "value": 800,
                        "clue": "This actor turned to directing & won an Oscar for his first effort—\"Ordinary People\"",
                        "solution": "What is Robert Redford"
                    },
                    {
                        "value": 1000,
                        "clue": "Getting caught in the wheels of a machine makes him go berserk in 1936's \"Modern Times\"",
                        "solution": "What is Charlie Chaplin"
                    }
                ]
            },
            {
                "category": "AVOIDING A DISASTROUS TRIP TO EUROPE",
                "clues": [
                    {
                        "value": 200,
                        "clue": "Try not to leave this Greek landmark in any more of a shambles than it already is",
                        "solution": "What is the Parthenon"
                    },
                    {
                        "value": 400,
                        "clue": "Hitting Innsbruck or Salzburg in this country & saying \"G'day, mate!\" over & over will only confuse the locals",
                        "solution": "What is Austria"
                    },
                    {
                        "value": 600,
                        "clue": "If in Norway on July 18, don't inquire if it's a national holiday due to the birth of this traitor in 1887",
                        "solution": "What is (Vidkun) Quisling"
                    },
                    {
                        "value": 800,
                        "clue": "Don't sneeze & use one of the 2 extant \"originals\" of this 1215 document at the British Library to wipe your nose",
                        "solution": "What is the Magna Carta"
                    },
                    {
                        "value": 1000,
                        "clue": "Loudly demanding only ketchup & no mustard at your meals in this capital of Burgundy... bad idea",
                        "solution": "What is Dijon"
                    }
                ]
            },
            {
                "category": "JEOPARDY! DRINKING GAMES",
                "clues": [
                    {
                        "value": 200,
                        "clue": "Like actress Sally, this last name of 19th century U.S. department store owner Marshall is singular; add an \"S\"—imbibe",
                        "solution": "What is Field"
                    },
                    {
                        "value": 400,
                        "clue": "When naming this member of the 2nd triumvirate, don't add an \"H\" to his last name or you're talking about J. Lo's hubby",
                        "solution": "What is Mark Antony"
                    },
                    {
                        "value": 600,
                        "clue": "If you add the incorrect \"S\" to this last book of the Bible that tells of the opening of 6 seals, down a whole cup",
                        "solution": "What is Revelation"
                    },
                    {
                        "value": 800,
                        "clue": "If you say the WCTU is the \"Women's Christian\" rather than the \"Woman's Christian\" this, take a non-alcoholic swig",
                        "solution": "What is Temperance Union"
                    },
                    {
                        "value": 1000,
                        "clue": "Drink up if you say (incorrectly) this African-American author wrote \"The Invisible Man\"; he penned \"Invisible Man\"",
                        "solution": "What is Ralph Ellison"
                    }
                ]
            },
            {
                "category": "SAFETY FIRST",
                "clues": [
                    {
                        "value": 200,
                        "clue": "The Boat U.S. foundation has a program at waterfronts to lend these & make sure they fit",
                        "solution": "What is lifejackets"
                    },
                    {
                        "value": 400,
                        "clue": "BTSI technology makes you apply this when shifting out of park, so your 6-year-old can't drive off",
                        "solution": "What is the brakes"
                    },
                    {
                        "value": 600,
                        "clue": "You're a lumberjack & you won't be okay if this item lacks a hand guard & throttle interlock",
                        "solution": "What is chainsaw"
                    },
                    {
                        "value": 800,
                        "clue": "Uvex specializes in protecting these, as with its innovative Astrospec line",
                        "solution": "What is eyes"
                    },
                    {
                        "value": 1000,
                        "clue": "Respirators can help prevent coal workers' pneumoconiosis, better known as this",
                        "solution": "What is black lung disease"
                    }
                ]
            },
            {
                "category": "FINISH THE PALINDROME",
                "clues": [
                    {
                        "value": 200,
                        "clue": "\"Dammit! I'm\" this",
                        "solution": "What is mad"
                    },
                    {
                        "value": 400,
                        "clue": "\"Dennis and Edna\" did this",
                        "solution": "What is sinned"
                    },
                    {
                        "value": 600,
                        "clue": "\"No lemon, no\" this",
                        "solution": "What is melon"
                    },
                    {
                        "value": 800,
                        "clue": "\"Lived on decaf, faced no\" this",
                        "solution": "What is devil"
                    },
                    {
                        "value": 1000,
                        "clue": "\"Drab as a fool, aloof as a\" this",
                        "solution": "What is bard"
                    }
                ]
            }
        ],
        "double": [
            {
                "category": "BIBLICAL PAINTINGS",
                "clues": [
                    {
                        "value": 1200,
                        "clue": "One of the most popular paintings at the National Gallery of Art is this surrealist's \"The Sacrament of the Last Supper\"",
                        "solution": "What is Dalí"
                    },
                    {
                        "value": 1600,
                        "clue": "In a fresco at the Sistine Chapel, Pietro Perugino depicted \"The Giving of the Keys\" to him",
                        "solution": "What is Peter"
                    },
                    {
                        "value": 2000,
                        "clue": "(Sarah of the Clue Crew shows a painting on the monitor.) In a 17th-century painting, Isaac, now blind in his old age, is blessing Jacob, who, you'll notice, is wearing gloves to hide the fact that he isn't this hairier brother",
                        "solution": "What is Esau"
                    }
                ]
            },
            {
                "category": "BERG-OPOLIS",
                "clues": [
                    {
                        "value": 400,
                        "clue": "The 108th mayor of New York City, he is a graduate of Johns Hopkins & Harvard Business School",
                        "solution": "What is (Michael) Bloomberg"
                    },
                    {
                        "value": 800,
                        "clue": "He \"saw the best minds of my generation destroyed by madness\"",
                        "solution": "What is Allen Ginsberg"
                    },
                    {
                        "value": 1200,
                        "clue": "We're quite sure that this German physicist won a 1932 Nobel Prize",
                        "solution": "What is Heisenberg"
                    },
                    {
                        "value": 1600,
                        "clue": "An Air Force base in California is named for this general, the second Air Force Chief of Staff",
                        "solution": "What is (Hoyt) Vandenberg"
                    },
                    {
                        "value": 2000,
                        "clue": "His works of the 1950s like \"Monogram\" used found objects & bits of pop culture",
                        "solution": "What is Robert Rauschenberg"
                    }
                ]
            },
            {
                "category": "CHARACTER ASSASSINATION",
                "clues": [
                    {
                        "value": 400,
                        "clue": "Weakened by scarlet fever, Beth March was sentenced to death by this author",
                        "solution": "What is (Louisa May) Alcott"
                    },
                    {
                        "value": 800,
                        "clue": "This writer didn't flat out say, \"Roderick Usher's own house fell on him\", but the implication is clear",
                        "solution": "What is (Edgar Allan) Poe"
                    },
                    {
                        "value": 1200,
                        "clue": "Air Force gunner Snowden catches some flak & dies in Yossarian's arms, courtesy of this author",
                        "solution": "What is (Joseph) Heller"
                    },
                    {
                        "value": 1600,
                        "clue": "This novelist had Bull Meecham, aka \"The Great Santini\", go out in a plane crash",
                        "solution": "What is (Pat) Conroy"
                    },
                    {
                        "value": 2000,
                        "clue": "He titled his book \"Le Morte d'Arthur\" for a reason; Art takes a sword to the \"brain pan\"",
                        "solution": "What is (Sir Thomas) Malory"
                    }
                ]
            },
            {
                "category": "UNMANNED SPACE EXPLORATION",
                "clues": [
                    {
                        "value": 400,
                        "clue": "On March 6, 1986 Vega 1 became the first spacecraft to rendezvous with this comet",
                        "solution": "What is Halley's Comet"
                    },
                    {
                        "value": 800,
                        "clue": "In 1989 Magellan became the first probe launched from a Shuttle when Atlantis sent it on its way to this, Earth's twin",
                        "solution": "What is Venus"
                    },
                    {
                        "value": 1200,
                        "clue": "The most distant manmade object, this probe launched in 1977 may travel to interstellar space in 2020",
                        "solution": "What is Voyager"
                    },
                    {
                        "value": 1600,
                        "clue": "In 2005 the Huygens Probe landed on this largest moon of Saturn, revealing a world that rains liquid methane",
                        "solution": "What is Titan"
                    },
                    {
                        "value": 2000,
                        "clue": "In 1976, within 3 months, 2 U.S. spacecraft by this name soft-landed on the surface of Mars",
                        "solution": "What is Viking"
                    }
                ]
            },
            {
                "category": "BUGS BUNNY",
                "clues": [
                    {
                        "value": 400,
                        "clue": "One of the world's most recognizable characters, Bugs Bunny is a mascot of this movie studio",
                        "solution": "What is Warner Brothers"
                    },
                    {
                        "value": 800,
                        "clue": "He voiced Bugs in almost 200 cartoons over a 50-year period",
                        "solution": "What is Mel Blanc"
                    },
                    {
                        "value": 1200,
                        "clue": "This gun-toting nebbish tries to match wits with Bugs in classics like \"Wabbit Trouble\" & \"What's Opera, Doc?\"",
                        "solution": "What is Elmer Fudd"
                    },
                    {
                        "value": 1600,
                        "clue": "Bugs Bunny officially debuted in the 1940 cartoon \"A Wild\" this",
                        "solution": "What is Hare"
                    },
                    {
                        "value": 2000,
                        "clue": "To help him defeat the Monstars, Bugs recruited basketball legend Michael Jordan in this 1996 film",
                        "solution": "What is Space Jam"
                    }
                ]
            },
            {
                "category": "WHAT'S UP, \"DOC\"?",
                "clues": [
                    {
                        "value": 400,
                        "clue": "A nonfiction film about a factual event or person",
                        "solution": "What is a documentary"
                    },
                    {
                        "value": 800,
                        "clue": "A system of beliefs accepted as authoritative by a group's members",
                        "solution": "What is a doctrine"
                    },
                    {
                        "value": 1200,
                        "clue": "8-letter word for a waterfront location where ships are built & repaired",
                        "solution": "What is a dockyard"
                    },
                    {
                        "value": 1600,
                        "clue": "A summary of legal cases scheduled to be heard",
                        "solution": "What is a docket"
                    },
                    {
                        "value": 2000,
                        "clue": "This disparaging word for an out-of-the-way place comes from the Tagalog for \"mountain\"",
                        "solution": "What is boondocks"
                    }
                ]
            }
        ],
        "final": {
            "category": "1940s MUSIC HISTORY",
            "clue": "While writing for Billboard, legendary producer Jerry Wexler coined this phrase to replace \"race music\"",
            "solution": "What is rhythm & blues"
        }
    }
}