{
    "game": {
        "single": [
            {
                "category": "THEIR COUNTRY'S LAST MONARCH",
                "clues": [
                    {
                        "value": 100,
                        "clue": "P'u-Yi",
                        "solution": "What is China"
                    },
                    {
                        "value": 200,
                        "clue": "Maximilian",
                        "solution": "What is Mexico"
                    },
                    {
                        "value": 300,
                        "clue": "Wilhelm II",
                        "solution": "What is Germany"
                    },
                    {
                        "value": 400,
                        "clue": "Mohammed Reza Pahlavi",
                        "solution": "What is Iran"
                    },
                    {
                        "value": 500,
                        "clue": "Zog I",
                        "solution": "What is Albania"
                    }
                ]
            },
            {
                "category": "DAYS OF BIRTH",
                "clues": [
                    {
                        "value": 100,
                        "clue": "If born on a Monday, you're fair of this, so you won't stop clocks",
                        "solution": "What is Face"
                    },
                    {
                        "value": 200,
                        "clue": "Have a Tuesday-born person say this before meals; they're full of it",
                        "solution": "What is Grace"
                    },
                    {
                        "value": 300,
                        "clue": "Saturday's child does it \"for a living\"; Donna Summer sang she did it \"For The Money\"",
                        "solution": "What is Work hard"
                    },
                    {
                        "value": 400,
                        "clue": "Garrison Keillor might say be gone to Wednesday's child, who's full of this",
                        "solution": "What is Woe"
                    },
                    {
                        "value": 500,
                        "clue": "Among other qualities, Sunday's child is this, like the fair banks of Loch Lomond",
                        "solution": "What is Bonnie"
                    }
                ]
            },
            {
                "category": "CBS TV AT 50",
                "clues": [
                    {
                        "value": 100,
                        "clue": "Celebrating its 30th anniversary in 1998, this show starts with a stopwatch",
                        "solution": "What is 60 Minutes"
                    },
                    {
                        "value": 200,
                        "clue": "The book \"Total Television\" calls this CBS show \"Television's first smash hit situation comedy\"",
                        "solution": "What is I Love Lucy"
                    },
                    {
                        "value": 300,
                        "clue": "This CBS show was No. 1 in the primetime ratings for each season from 1972 to 1976",
                        "solution": "What is All in the Family"
                    },
                    {
                        "value": 400,
                        "clue": "In May 1998 the character Rob Petrie was digitally inserted into an episode of this Dick Van Dyke series",
                        "solution": "What is Diagnosis Murder"
                    }
                ]
            },
            {
                "category": "AUTHORS' ODD JOBS",
                "clues": [
                    {
                        "value": 100,
                        "clue": "When his father died in 1847, he had to leave school & work as a printer's apprentice at the Hannibal Courier",
                        "solution": "What is Mark Twain"
                    },
                    {
                        "value": 200,
                        "clue": "He was a schoolmaster in England before he wrote about schoolboys in \"Lord of the Flies\"",
                        "solution": "What is William Golding"
                    },
                    {
                        "value": 300,
                        "clue": "He worked on a ranch in the 1880s before writing short stories like \"The Ransom of Red Chief\"",
                        "solution": "What is O. Henry (William Sydney Porter)"
                    },
                    {
                        "value": 400,
                        "clue": "This poet was Chile's ambassador to France when he won the Nobel Prize for Literature in 1971",
                        "solution": "What is Pablo Neruda"
                    },
                    {
                        "value": 500,
                        "clue": "This diarist known for her affair with Henry Miller wasn't a model wife but she was a model",
                        "solution": "What is Anais Nin"
                    }
                ]
            },
            {
                "category": "THE EX FILES",
                "clues": [
                    {
                        "value": 100,
                        "clue": "From 1987 until 1990, he was the \"Top Gun\" in Mimi Rogers' life",
                        "solution": "What is Tom Cruise"
                    },
                    {
                        "value": 200,
                        "clue": "She spent 13 years as the Donald's wife but just 22 months as Mrs. Riccardo Mazzucchelli",
                        "solution": "What is Ivana Trump"
                    },
                    {
                        "value": 300,
                        "clue": "Few recall that she played Frasier's first ex-wife on \"Cheers\"; now she's Kenneth Branagh's ex",
                        "solution": "What is Emma Thompson"
                    },
                    {
                        "value": 400,
                        "clue": "Uma Thurman's mother, Nena, was married briefly to this LSD guru in the 1960s",
                        "solution": "What is Dr. Timothy Leary"
                    },
                    {
                        "value": 500,
                        "clue": "Her \"Love Story\" with Robert Evans ended when she made a \"Getaway\" with Steve McQueen",
                        "solution": "What is Ali MacGraw"
                    }
                ]
            },
            {
                "category": "THE \"LIGHTNING\" ROUND",
                "clues": [
                    {
                        "value": 100,
                        "clue": "It's another name for moonshine, cousin",
                        "solution": "What is White lightning"
                    },
                    {
                        "value": 200,
                        "clue": "A substance called Luciferin helps these creatures light up for their mates",
                        "solution": "What is Lightning bugs"
                    },
                    {
                        "value": 300,
                        "clue": "Blitzkrieg!",
                        "solution": "What is \"Lightning war\""
                    },
                    {
                        "value": 400,
                        "clue": "It's the full name of the only NHL team that fits the category",
                        "solution": "What is Tampa Bay Lightning"
                    },
                    {
                        "value": 500,
                        "clue": "Richard Pryor played race car driver Wendell Scott in this \"fast\" 1977 biopic",
                        "solution": "What is \"Greased Lightning\""
                    }
                ]
            }
        ],
        "double": [
            {
                "category": "20th CENTURY OPERA",
                "clues": [
                    {
                        "value": 600,
                        "clue": "Appropriately, Scottish composer Thea Musgrave wrote an opera about this Scottish queen",
                        "solution": "What is Mary, Queen of Scots (Mary Stuart)"
                    }
                ]
            },
            {
                "category": "BRUSHED WITH SUCCESS",
                "clues": [
                    {
                        "value": 200,
                        "clue": "His arrival in Paris in 1900 was soon followed by the start of his blue period",
                        "solution": "What is Pablo Picasso"
                    },
                    {
                        "value": 400,
                        "clue": "The Japanese TV network NTV is paying for a work by this artist to have its own room in the Louvre",
                        "solution": "What is Leonardo da Vinci (Mona Lisa)"
                    },
                    {
                        "value": 600,
                        "clue": "Jasper Johns' 1958 work \"Three Flags\" shows 3 U.S. flags when they had this many stars",
                        "solution": "What is 48"
                    },
                    {
                        "value": 800,
                        "clue": "Englishman who painted the following, note the \"blue girl\"",
                        "solution": "What is Thomas Gainsborough"
                    },
                    {
                        "value": 1000,
                        "clue": "His 1793 \"The Death Of Marat\" shows the late Marat holding a letter from Charlotte Corday",
                        "solution": "What is Jacques-Louis David"
                    }
                ]
            },
            {
                "category": "FITNESS",
                "clues": [
                    {
                        "value": 200,
                        "clue": "One execution of a given movement, like a lift; a certain number make up each set of exercises",
                        "solution": "What is Rep (repetitions)"
                    },
                    {
                        "value": 400,
                        "clue": "Exercisers for the abdominal muscles claim they'll make your midsection resemble this laundry item",
                        "solution": "What is Washboard"
                    },
                    {
                        "value": 600,
                        "clue": "Astanga is a high-energy type of this discipline whose name is Sanskrit for \"union\"",
                        "solution": "What is Yoga"
                    },
                    {
                        "value": 800,
                        "clue": "During aerobics, your minimum heart rate should be 220 minus this, times .6",
                        "solution": "What is Your age"
                    },
                    {
                        "value": 1000,
                        "clue": "Pulldown exercises strengthen & build the lats, short for this large back muscle",
                        "solution": "What is Latissimus dorsi"
                    }
                ]
            },
            {
                "category": "MIDWEST CITIES",
                "clues": [
                    {
                        "value": 200,
                        "clue": "Ford & Chrysler are 2 of the freeways that flow into it",
                        "solution": "What is Detroit"
                    },
                    {
                        "value": 400,
                        "clue": "Along with Rock Island & Moline, Illinois, this state's Davenport & Bettendorf form the Quad Cities",
                        "solution": "What is Iowa"
                    },
                    {
                        "value": 600,
                        "clue": "A copy of the Gettysburg Address is displayed in this city's old state capital building",
                        "solution": "What is Springfield, Illinois"
                    },
                    {
                        "value": 1000,
                        "clue": "As it's on a major bend, you'll find Evansville, Indiana to the north, east & west of this river",
                        "solution": "What is the Ohio"
                    }
                ]
            },
            {
                "category": "NAME THE MOVIE",
                "clues": [
                    {
                        "value": 200,
                        "clue": "1933: \"Oh no, it wasn't the airplanes. It was Beauty killed the Beast.\"",
                        "solution": "What is King Kong"
                    },
                    {
                        "value": 400,
                        "clue": "1948: \"I don't have to show you no stinkin' badges!\"",
                        "solution": "What is The Treasure of the Sierra Madre"
                    },
                    {
                        "value": 600,
                        "clue": "1981: \"When I run, I feel his pleasure\"",
                        "solution": "What is \"Chariots of Fire\""
                    },
                    {
                        "value": 800,
                        "clue": "1986: \"Be afraid. Be very afraid.\"",
                        "solution": "What is \"The Fly\""
                    },
                    {
                        "value": 1000,
                        "clue": "1992: \"You can't handle the truth!\"",
                        "solution": "What is \"A Few Good Men\""
                    }
                ]
            },
            {
                "category": "BEASTLY EXPRESSIONS",
                "clues": [
                    {
                        "value": 200,
                        "clue": "The correct response should roll off your tongue \"like water off\" this bird's \"back\"",
                        "solution": "What is Duck"
                    },
                    {
                        "value": 400,
                        "clue": "If you receive a horse as a gift, \"Never\" do this",
                        "solution": "What is Look it in the mouth"
                    },
                    {
                        "value": 600,
                        "clue": "These farm animals \"may fly, but they are very unlikely birds\"",
                        "solution": "What is Pigs"
                    },
                    {
                        "value": 800,
                        "clue": "You might \"as well as be hanged for a sheep as\" one of these",
                        "solution": "What is Lamb"
                    },
                    {
                        "value": 1000,
                        "clue": "\"Don't mistake an old\" one of these \"for a preacher because of his beard\"",
                        "solution": "What is Goat"
                    }
                ]
            }
        ],
        "final": {
            "category": "HISTORIC AMERICANS",
            "clue": "He was the proprietor of the \"classical and geological hippodrome\" that became Madison Square Garden",
            "solution": "What is P.T. Barnum"
        }
    }
}