{
    "game": {
        "single": [
            {
                "category": "U.S. CITIES",
                "clues": [
                    {
                        "value": 100,
                        "clue": "Principal streets in this Utah capital include North Temple, South Temple & West Temple",
                        "solution": "What is Salt Lake City"
                    },
                    {
                        "value": 200,
                        "clue": "Elfreth's Alley in this Pennsylvania city dates back to the time of William Penn",
                        "solution": "What is Philadelphia"
                    },
                    {
                        "value": 300,
                        "clue": "Located in the heart of Kentucky's Bluegrass Region, it was named for a Massachusetts city",
                        "solution": "What is Lexington"
                    },
                    {
                        "value": 400,
                        "clue": "This New York city's largest employer is Eastman Kodak, with about 34,000 employees",
                        "solution": "What is Rochester"
                    },
                    {
                        "value": 500,
                        "clue": "Alaska's second-largest city, it was founded shortly after gold was discovered there",
                        "solution": "What is Fairbanks"
                    }
                ]
            },
            {
                "category": "THE MOVIES",
                "clues": [
                    {
                        "value": 100,
                        "clue": "Glenn Close had a bit role as a male pirate in this 1991 Steven Spielberg fantasy about Peter Pan",
                        "solution": "What is Hook"
                    },
                    {
                        "value": 200,
                        "clue": "In this 1992 Susan Sarandon film, olive oil was used as a treatment for A.L.D., a rare nerve disease",
                        "solution": "What is \"Lorenzo's Oil\""
                    },
                    {
                        "value": 400,
                        "clue": "In this 1970 film, Dustin Hoffman played a 121-year-old survivor of the Custer massacre",
                        "solution": "What is Little Big Man"
                    },
                    {
                        "value": 500,
                        "clue": "Charles Barkley & other NBA stars had cameos in this 1995 film in which Billy Crystal played an NBA referee",
                        "solution": "What is Forget Paris"
                    }
                ]
            },
            {
                "category": "FOOD & DRINK",
                "clues": [
                    {
                        "value": 100,
                        "clue": "In France the snow pea is called the pois mange-tout because you eat this along with the peas",
                        "solution": "What is pod (or husk or skin)"
                    },
                    {
                        "value": 200,
                        "clue": "The Bel Paese type of this dairy product originated in a small town outside Milan",
                        "solution": "What is cheese"
                    },
                    {
                        "value": 300,
                        "clue": "Quaker Oats created this nautical character before it created the cereal he represents",
                        "solution": "What is Cap'n Crunch"
                    },
                    {
                        "value": 400,
                        "clue": "Like the cocktail of the same name, grasshopper pie is flavored with this green liqueur",
                        "solution": "What is creme de menthe"
                    },
                    {
                        "value": 500,
                        "clue": "Once the liquid left in a churn, this drink is now made by adding bacteria to nonfat milk",
                        "solution": "What is Buttermilk"
                    }
                ]
            },
            {
                "category": "WARS",
                "clues": [
                    {
                        "value": 100,
                        "clue": "The war for southern independence was fought in this country from 1861-65",
                        "solution": "What is the United States of America"
                    },
                    {
                        "value": 200,
                        "clue": "The result of a 624-630 war allowed Muhammad to establish this as the holy city of Islam",
                        "solution": "What is Mecca"
                    },
                    {
                        "value": 300,
                        "clue": "Though neutral today, it fought a war of independence from 1386-88",
                        "solution": "What is Switzerland"
                    },
                    {
                        "value": 400,
                        "clue": "During the Anglo-Spanish War of 1587-1604, Spain's Philip II & this English ruler died",
                        "solution": "What is Queen Elizabeth I"
                    },
                    {
                        "value": 500,
                        "clue": "After a 2-year war for independence from Russia, its city of Vilnius was captured by Poland in 1920",
                        "solution": "What is Lithuania"
                    }
                ]
            },
            {
                "category": "AIRLINE TRAVEL",
                "clues": [
                    {
                        "value": 100,
                        "clue": "The Valsalva maneuver, also used by scuba divers, can \"pop\" these organs",
                        "solution": "What is the ears"
                    },
                    {
                        "value": 200,
                        "clue": "Flight attendants tell passengers to use care when opening overhead bins for this reason",
                        "solution": "What is because during travel, items may shift"
                    },
                    {
                        "value": 300,
                        "clue": "In 1992 the Supreme Court ruled that airports may stop this religious group from soliciting funds",
                        "solution": "What is the Hare Krishnas"
                    },
                    {
                        "value": 400,
                        "clue": "This standard airline practice can lead to bumping ticketed passengers from flights",
                        "solution": "What is overbooking"
                    },
                    {
                        "value": 500,
                        "clue": "Term for a flight that may stop several times, but won't make you change planes",
                        "solution": "What is direct"
                    }
                ]
            },
            {
                "category": "\"EX\" WORDS",
                "clues": [
                    {
                        "value": 100,
                        "clue": "Departure of a large number of people; the Israelites, for example",
                        "solution": "What is Exodus"
                    },
                    {
                        "value": 200,
                        "clue": "King Arthur's sword",
                        "solution": "What is Excalibur"
                    },
                    {
                        "value": 300,
                        "clue": "In this bet, the first & second place finishers in a horse race must be picked in order correctly",
                        "solution": "What is exacta"
                    },
                    {
                        "value": 400,
                        "clue": "From the Latin for \"out of the ground\", it means to disinter",
                        "solution": "What is exhume"
                    },
                    {
                        "value": 500,
                        "clue": "In math this number denotes the power to which another number is raised",
                        "solution": "What is the exponent"
                    }
                ]
            }
        ],
        "double": [
            {
                "category": "NOTABLE NAMES",
                "clues": [
                    {
                        "value": 200,
                        "clue": "Once upon a time this publisher noted for his \"castle\" owned the largest newspaper chain in the U.S.",
                        "solution": "What is William Randolph Hearst"
                    },
                    {
                        "value": 400,
                        "clue": "Sadly, in the last decade of her life this \"Lady With The Lamp\" was blind & an invalid",
                        "solution": "What is Florence Nightingale"
                    },
                    {
                        "value": 600,
                        "clue": "In 1934 Wali Fard, who founded this religious movement, was succeeded by Elijah Muhammad",
                        "solution": "What is Nation of Islam"
                    },
                    {
                        "value": 800,
                        "clue": "Elected to the House from Mass., in 1831 he became the 1st former president to return to Congress",
                        "solution": "What is John Quincy Adams"
                    },
                    {
                        "value": 1000,
                        "clue": "An aquaintance of Ibsen, this Norwegian painter designed sets for \"Hedda Gabler\" & \"Ghosts\"",
                        "solution": "What is Edvard Munch"
                    }
                ]
            },
            {
                "category": "WORLD GEOGRAPHY",
                "clues": [
                    {
                        "value": 200,
                        "clue": "Cardigan Bay indents the coastline of this United Kingdom principality",
                        "solution": "What is Wales"
                    },
                    {
                        "value": 400,
                        "clue": "The redundant-sounding Townsville, in this country's Queensland state, was named for Robert Towns",
                        "solution": "What is Australia"
                    },
                    {
                        "value": 600,
                        "clue": "The Mekong River provides transportation for this landlocked Indochinese nation",
                        "solution": "What is Laos"
                    },
                    {
                        "value": 800,
                        "clue": "Lagos, Ibadan & Ogbomosho are the largest cities of this West African nation",
                        "solution": "What is Nigeria"
                    },
                    {
                        "value": 1000,
                        "clue": "A daily hydrofoil crosses the Rio de la Plata from Buenos Aires to Colonia in this country",
                        "solution": "What is Uruguay"
                    }
                ]
            },
            {
                "category": "FURNITURE",
                "clues": [
                    {
                        "value": 200,
                        "clue": "This piece of furniture found next to a bed is called a bed table",
                        "solution": "What is Nightstand"
                    },
                    {
                        "value": 400,
                        "clue": "A chesterfield is a large, overstuffed one of these",
                        "solution": "What is Sofa"
                    },
                    {
                        "value": 600,
                        "clue": "Dating from the Renaissance, it's a low bed on wheels that rolls under a larger bed when not in use",
                        "solution": "What is Trundle bed"
                    },
                    {
                        "value": 800,
                        "clue": "It's a bench placed in a cozy corner beside a fireplace, or a brand of wine",
                        "solution": "What is Inglenook"
                    },
                    {
                        "value": 1000,
                        "clue": "It's French for a secretary or writing desk",
                        "solution": "What is Escritoire"
                    }
                ]
            },
            {
                "category": "ASTRONOMY",
                "clues": [
                    {
                        "value": 200,
                        "clue": "This innermost planet goes through apparent changes, or phases, just like our moon",
                        "solution": "What is Mercury"
                    },
                    {
                        "value": 400,
                        "clue": "Pathfinder is scheduled to land on this planet July 4, 1997 & dispatch a rover named Sojourner",
                        "solution": "What is Mars"
                    },
                    {
                        "value": 600,
                        "clue": "Oh my darling! It was announced in December 1996 that this space probe may have found ice on the moon",
                        "solution": "What is Clementine"
                    },
                    {
                        "value": 800,
                        "clue": "This cluster known as the \"Seven Sisters\" actually has over 300 stars within a 30 light year diameter",
                        "solution": "What is Pleiades"
                    },
                    {
                        "value": 1000,
                        "clue": "Some stars end as these, denser than a white dwarf & with a diameter of about 12 miles",
                        "solution": "What is Neutron stars/pulsars"
                    }
                ]
            },
            {
                "category": "NONFICTION",
                "clues": [
                    {
                        "value": 200,
                        "clue": "1996's \"Baking With Julia\" is the companion book to her PBS series",
                        "solution": "What is Julia Child"
                    },
                    {
                        "value": 400,
                        "clue": "This comic playwright tells of his ups & downs in the recent book \"Rewrites\"",
                        "solution": "What is Neil Simon"
                    },
                    {
                        "value": 600,
                        "clue": "This actress & model recently published \"Basic Face: A Makeup Workbook\"",
                        "solution": "What is Cindy Crawford"
                    },
                    {
                        "value": 800,
                        "clue": "He had best-sellers with \"The Dilbert Principle\" & \"Dogbert's Top Secret Management Handbook\"",
                        "solution": "What is Scott Adams"
                    },
                    {
                        "value": 1000,
                        "clue": "For his \"The Making of the President 1960\" he received the first Pulitzer Prize in General Nonfiction",
                        "solution": "What is Theodore White"
                    }
                ]
            },
            {
                "category": "AMERICAN MUSIC",
                "clues": [
                    {
                        "value": 200,
                        "clue": "July 4, 1832 'tis the date this patriotic song was sung in public for the first time",
                        "solution": "What is \"America\" (or \"My Country, 'Tis Of Thee\")"
                    },
                    {
                        "value": 400,
                        "clue": "After resigning as director of the Marine Band, he gave his first concert with his own band Sept. 26, 1892",
                        "solution": "What is John Philip Sousa"
                    },
                    {
                        "value": 600,
                        "clue": "This American composed most of \"An American In Paris\" in Paris",
                        "solution": "What is George Gershwin"
                    },
                    {
                        "value": 800,
                        "clue": "His 1906 musical \"George Washington, Jr.\" featured the song \"You're A Grand Old Flag\"",
                        "solution": "What is George M. Cohan"
                    },
                    {
                        "value": 1000,
                        "clue": "He said his \"Alexander's Ragtime Band\" was a song about ragtime, not a ragtime song",
                        "solution": "What is Irving Berlin"
                    }
                ]
            }
        ],
        "final": {
            "category": "POETS",
            "clue": "He had already published \"The Negro Speaks of Rivers\" when Vachel Lindsay discovered him busing tables",
            "solution": "What is Langston Hughes"
        }
    }
}