{
    "game": {
        "single": [
            {
                "category": "BIBLICAL WHO'S WHO",
                "clues": [
                    {
                        "value": 200,
                        "clue": "After Herod promises his stepdaughter anything, she requests this man's head on a platter",
                        "solution": "What is John the Baptist"
                    },
                    {
                        "value": 400,
                        "clue": "In First Kings he's the first king mentioned",
                        "solution": "What is David"
                    },
                    {
                        "value": 600,
                        "clue": "That must have been some exorcism when Jesus cast 7 devils out of her",
                        "solution": "What is Mary Magdalene"
                    },
                    {
                        "value": 800,
                        "clue": "Jesus called this disciple by his Aramaic name, Simon bar-Jona",
                        "solution": "What is Simon Peter"
                    },
                    {
                        "value": 1000,
                        "clue": "Joseph was Jacob's 11th son & the firstborn son of this woman",
                        "solution": "What is Rachel"
                    }
                ]
            },
            {
                "category": "LIGHTS, CAMERA, ACTION FILM!",
                "clues": [
                    {
                        "value": 200,
                        "clue": "In 2011 Jeremy Renner & Simon Pegg followed \"Ghost Protocol\" in the fourth installment of this series",
                        "solution": "What is Mission: Impossible"
                    },
                    {
                        "value": 400,
                        "clue": "These 2 eventual state governors grappled, but not over fiscal policy, in the 1987 futuristic flick \"The Running Man\"",
                        "solution": "What is Ventura & Schwarzenegger"
                    },
                    {
                        "value": 600,
                        "clue": "In 2013 this actor was back as \"Riddick\", left for dead on a nasty planet",
                        "solution": "What is Vin Diesel"
                    },
                    {
                        "value": 800,
                        "clue": "This Danny Trejo title guy named for his weapon \"Kills\" again in 2013, & now, Charlie Sheen is involved",
                        "solution": "What is Machete"
                    },
                    {
                        "value": 1000,
                        "clue": "Among the exploits of this character in action films: making 2 Gruber brothers sad & killing a helicopter with a car",
                        "solution": "What is John McClane"
                    }
                ]
            },
            {
                "category": "ANAGRAMMED SCHOOL SUBJECTS",
                "clues": [
                    {
                        "value": 200,
                        "clue": "All about life: OILY BOG",
                        "solution": "What is biology"
                    },
                    {
                        "value": 400,
                        "clue": "Maps, not chaps: OH GREY GAP",
                        "solution": "What is geography"
                    },
                    {
                        "value": 600,
                        "clue": "Expressive math: RAGE LAB",
                        "solution": "What is algebra"
                    },
                    {
                        "value": 800,
                        "clue": "The world by numbers: SIT, CATS, SIT",
                        "solution": "What is statistics"
                    },
                    {
                        "value": 1000,
                        "clue": "The study of you & me: POLYGON TORAH",
                        "solution": "What is anthropology"
                    }
                ]
            },
            {
                "category": "AWARDS & HONORS",
                "clues": [
                    {
                        "value": 200,
                        "clue": "These awards from the American Theatre Wing bear the nickname of a stage actress-turned-producer",
                        "solution": "What is the Tonys"
                    },
                    {
                        "value": 400,
                        "clue": "Since 1922 this medal has been awarded for excellence in American writing for children",
                        "solution": "What is the Newbery"
                    },
                    {
                        "value": 600,
                        "clue": "This Brit shared the 2013 Nobel Prize in Physics for proposing the boson that bears his name",
                        "solution": "What is (Peter) Higgs"
                    },
                    {
                        "value": 800,
                        "clue": "This Academy Award for Excellence in Producing Films is named for the \"Boy Wonder\" of Hollywood",
                        "solution": "What is Irving Thalberg"
                    },
                    {
                        "value": 1000,
                        "clue": "A violin competition for those 30 & under is held every 5 years in Helsinki & named for this composer",
                        "solution": "What is Sibelius"
                    }
                ]
            },
            {
                "category": "STATE CAPITALS",
                "clues": [
                    {
                        "value": 200,
                        "clue": "This Mississippi capital was named for a general who later became president",
                        "solution": "What is Jackson (Mississippi)"
                    },
                    {
                        "value": 400,
                        "clue": "Its National Memorial Cemetery of the Pacific contains the graves of WWII, Korean War & Vietnam War dead",
                        "solution": "What is Honolulu"
                    },
                    {
                        "value": 600,
                        "clue": "This New England state capital lies on the main pass through the Green Mountains",
                        "solution": "What is Montpelier"
                    },
                    {
                        "value": 800,
                        "clue": "Huey Long's grave has an honored place on the grounds of this city's capital building",
                        "solution": "What is Baton Rouge"
                    },
                    {
                        "value": 1000,
                        "clue": "French-Canadian trappers named it for the tree-lined river that provided relief for those crossing the Snake River Plain",
                        "solution": "What is Boise"
                    }
                ]
            },
            {
                "category": "CARBONATION NATION",
                "clues": [
                    {
                        "value": 200,
                        "clue": "In 1890 it said it was \"good for brain and brawn\"; well, it should know—it is a \"physician\"",
                        "solution": "What is Dr Pepper"
                    },
                    {
                        "value": 400,
                        "clue": "One type of this beverage that already has a number in its name is called 10, for its calorie count",
                        "solution": "What is 7-Up"
                    },
                    {
                        "value": 600,
                        "clue": "rootbeer.com is operated by this letter-perfect company, around since 1919",
                        "solution": "What is A&W"
                    },
                    {
                        "value": 800,
                        "clue": "I've been billed as \"a great tasting soft drink that's strong & bold & refreshing\"; they call me Mr. this!",
                        "solution": "What is Mr. Pibb"
                    },
                    {
                        "value": 1000,
                        "clue": "This energy drink wants you to \"Unleash the beast\", perhaps with options like M-80 or Assault",
                        "solution": "What is Monster"
                    }
                ]
            }
        ],
        "double": [
            {
                "category": "LITERARY PRINCIPALS & TEACHERS",
                "clues": [
                    {
                        "value": 400,
                        "clue": "Harry's hairiest Hogwarts headmaster",
                        "solution": "What is Dumbledore"
                    },
                    {
                        "value": 800,
                        "clue": "This \"Sleepy Hollow\" teacher had \"huge ears, large green glassy eyes, and a long snipe nose\"",
                        "solution": "What is Ichabod Crane"
                    },
                    {
                        "value": 1200,
                        "clue": "1961 Muriel Spark novel about an Edinburgh educator in her \"Prime\"",
                        "solution": "What is The Prime of Miss Jean Brodie"
                    },
                    {
                        "value": 1600,
                        "clue": "1959 novel where you'll find inner city London secondary school teacher Mr. Braithwaite",
                        "solution": "What is To Sir, with Love"
                    },
                    {
                        "value": 2000,
                        "clue": "This Dickens novel features Wackford Squeers, the villainous proprietor of Dotheboys Hall",
                        "solution": "What is Nicholas Nickleby"
                    }
                ]
            },
            {
                "category": "AMPHIBIANS",
                "clues": [
                    {
                        "value": 400,
                        "clue": "The larvae of frogs are known as tadpoles or these, from the Middle English for \"wiggle head\"",
                        "solution": "What is pollywogs"
                    },
                    {
                        "value": 800,
                        "clue": "Unlike on most salamanders, this part of a newt is flat",
                        "solution": "What is the tail"
                    },
                    {
                        "value": 1200,
                        "clue": "If you've heard them croaking together, you know why a group of frogs is known by this musical term",
                        "solution": "What is a chorus"
                    },
                    {
                        "value": 1600,
                        "clue": "A North American salamander known as the Congo this doesn't walk, but slithers in a serpentine fashion",
                        "solution": "What is the Congo eel"
                    },
                    {
                        "value": 2000,
                        "clue": "In the south this large salamander is sometimes called a water dog",
                        "solution": "What is a mudpuppy"
                    }
                ]
            },
            {
                "category": "THOSE \"R\" THE TOP 10 HITS",
                "clues": [
                    {
                        "value": 400,
                        "clue": "Amy Winehouse, 2007",
                        "solution": "What is \"Rehab\""
                    },
                    {
                        "value": 800,
                        "clue": "The Stray Cats, 1982",
                        "solution": "What is \"Rock This Town\""
                    },
                    {
                        "value": 1200,
                        "clue": "John Denver, 1973",
                        "solution": "What is \"Rocky Mountain High\""
                    },
                    {
                        "value": 1600,
                        "clue": "Peaches & Herb, 1979",
                        "solution": "What is \"Reunited\""
                    },
                    {
                        "value": 2000,
                        "clue": "Jesus Jones, 1991",
                        "solution": "What is \"Right Here, Right Now\""
                    }
                ]
            },
            {
                "category": "OLD PAINT",
                "clues": [
                    {
                        "value": 400,
                        "clue": "His sister Nan & his dentist B.H. McKeeby were the models for his 1930 masterpiece \"American Gothic\"",
                        "solution": "What is Grant Wood"
                    },
                    {
                        "value": 800,
                        "clue": "Rubens often painted his young wife Helene as this love goddess, as in her \"and Adonis\"",
                        "solution": "What is Venus"
                    },
                    {
                        "value": 1200,
                        "clue": "In 1970, long before iPhones, this realist from Chadds Ford, Pennsylvania painted \"Siri\"",
                        "solution": "What is Andrew Wyeth"
                    },
                    {
                        "value": 1600,
                        "clue": "Here is a 1640 self-portrait by this Flemish man; note the beard",
                        "solution": "What is van Dyck"
                    },
                    {
                        "value": 2000,
                        "clue": "His 1936 mural of Jesse James robbing a train is in Missouri's state Capitol",
                        "solution": "What is Thomas Hart Benton"
                    }
                ]
            },
            {
                "category": "IT'S ALL POLITICS",
                "clues": [
                    {
                        "value": 400,
                        "clue": "Usually given in January, it was once known simply as the president's annual message to congress",
                        "solution": "What is the State of the Union Address"
                    },
                    {
                        "value": 800,
                        "clue": "In a 2009 impeachment trial, this state's Senate voted 59-0 to convict Governor Rod Blagojevich",
                        "solution": "What is Illinois"
                    },
                    {
                        "value": 1200,
                        "clue": "In the late 1780s, fearing a strong central govt., the anti-these opposed the adoption of the Constitution",
                        "solution": "What is the anti-federalists"
                    },
                    {
                        "value": 1600,
                        "clue": "This young senator is a rising star of the Grand Old Party",
                        "solution": "What is Marco Rubio"
                    },
                    {
                        "value": 2000,
                        "clue": "With the war over, Warren Harding made a campaign promise of a \"return to\" this",
                        "solution": "What is normalcy"
                    }
                ]
            },
            {
                "category": "MORE VOWELS",
                "clues": [
                    {
                        "value": 400,
                        "clue": "A light bulb will sometimes light up over an animated character's head when he gets one of these",
                        "solution": "What is an idea"
                    },
                    {
                        "value": 800,
                        "clue": "Shrubby succulent used to treat burns",
                        "solution": "What is aloe"
                    },
                    {
                        "value": 1200,
                        "clue": "Meaning \"place\" or \"stead\", this French word is routinely seen between \"in\" & \"of\"",
                        "solution": "What is lieu"
                    },
                    {
                        "value": 1600,
                        "clue": "5-letter term for a mathematical proposition assumed without proof",
                        "solution": "What is an axiom"
                    },
                    {
                        "value": 2000,
                        "clue": "Someone learning a new job—on a locomotive, it sounds like",
                        "solution": "What is a trainee"
                    }
                ]
            }
        ],
        "final": {
            "category": "2013 NEWSMAKERS",
            "clue": "The name of this woman who achieved a long-held goal in 2013 is a homophone of a word for a water nymph",
            "solution": "What is Diana Nyad"
        }
    }
}