{
    "game": {
        "single": [
            {
                "category": "THE OSCARS",
                "clues": [
                    {
                        "value": 100,
                        "clue": "1943's \"Yankee Doodle Mouse\" was the 1st Oscar-winning cartoon starring this cat & mouse",
                        "solution": "What is Tom & Jerry"
                    },
                    {
                        "value": 200,
                        "clue": "Of Best Assistant Director, Best Producer, or Best Best Boy, the one that was once an Oscar category",
                        "solution": "What is Best Assistant Director"
                    },
                    {
                        "value": 300,
                        "clue": "\"It Happened One Night\" in 1935 that she won the Best Actress Oscar",
                        "solution": "What is Claudette Colbert"
                    },
                    {
                        "value": 400,
                        "clue": "She received an Honorary Oscar for Outstanding Juvenile Performance in 1960 for \"Pollyanna\"",
                        "solution": "What is Hayley Mills"
                    },
                    {
                        "value": 500,
                        "clue": "Upon receiving a Special Oscar in 1982, Barbara Stanwyck gave a tribute to this actor, her \"Golden Boy\"",
                        "solution": "What is William Holden"
                    }
                ]
            },
            {
                "category": "THE 17TH CENTURY",
                "clues": [
                    {
                        "value": 100,
                        "clue": "In France, Henry IV said every peasant should afford to have one of these in the pot on Sundays",
                        "solution": "What is a chicken"
                    },
                    {
                        "value": 200,
                        "clue": "Some British barristers now believe this affectation from 17th-century France has had its day",
                        "solution": "What is wearing wigs"
                    },
                    {
                        "value": 300,
                        "clue": "The revolt that began in 1618 against the Hapsburg ruler of Austria lasted this many years",
                        "solution": "What is 30"
                    },
                    {
                        "value": 400,
                        "clue": "Champlain founded this city in 1608; 12 years later, it had only 60 people and showed little promise",
                        "solution": "What is Quebec City"
                    },
                    {
                        "value": 500,
                        "clue": "Ornate furniture, Rubens paintings, & Bernini's gilded churches represent this art style",
                        "solution": "What is Baroque"
                    }
                ]
            },
            {
                "category": "BUSINESS & INDUSTRY",
                "clues": [
                    {
                        "value": 100,
                        "clue": "The oldest department store chain in Canada is named for this bay",
                        "solution": "What is Hudson Bay"
                    },
                    {
                        "value": 200,
                        "clue": "The French town Nemours is the ancestral home of this Delaware manufacturing family",
                        "solution": "What is du Pont"
                    },
                    {
                        "value": 300,
                        "clue": "Founded in Two Harbors, Minnesota in 1902, this company originally sold sandpaper & added tape later",
                        "solution": "What is 3M"
                    },
                    {
                        "value": 400,
                        "clue": "From 1958-65, this company called itself Thompson Ramo Wooldridge",
                        "solution": "What is TRW"
                    },
                    {
                        "value": 500,
                        "clue": "In corporate income tax, it's the deduction allowed for exhaustible mineral deposits",
                        "solution": "What is the oil depletion allowance"
                    }
                ]
            },
            {
                "category": "FLOWERS",
                "clues": [
                    {
                        "value": 100,
                        "clue": "Tulip mania gripped this country from 1634-37 and many people lost fortunes on the bulbs",
                        "solution": "What is Holland (the Netherlands)"
                    },
                    {
                        "value": 200,
                        "clue": "This flower whose name is from the French for \"thought\" is said to signify remembrance",
                        "solution": "What is pansies"
                    },
                    {
                        "value": 300,
                        "clue": "This flower was named for a Greek youth who was obsessed with his own beauty",
                        "solution": "What is narcissus"
                    },
                    {
                        "value": 400,
                        "clue": "The lotus belongs to this family of lilies",
                        "solution": "What is the water lilies"
                    },
                    {
                        "value": 500,
                        "clue": "The leaves of the purple foxglove contain this powerful poison",
                        "solution": "What is digitalis"
                    }
                ]
            },
            {
                "category": "FLAGS",
                "clues": [
                    {
                        "value": 100,
                        "clue": "All Scandinavian flags were inspired by the Dannebrog, the flag of this country",
                        "solution": "What is Denmark"
                    },
                    {
                        "value": 200,
                        "clue": "Name for the ceremonial flag that is trooped during a British monarch's birthday celebration",
                        "solution": "What is the colors (the color)"
                    },
                    {
                        "value": 300,
                        "clue": "Symbol appearing on the Israeli flag",
                        "solution": "What is the six-pointed star"
                    },
                    {
                        "value": 400,
                        "clue": "The flag of Barbados has 2 blue stripes, 1 yellow stripe & this symbol of Neptune the sea god",
                        "solution": "What is a trident"
                    },
                    {
                        "value": 500,
                        "clue": "The star on the Soviet Union's flag stands for this",
                        "solution": "What is communism (the Communist Party)"
                    }
                ]
            },
            {
                "category": "\"G\" WHIZ",
                "clues": [
                    {
                        "value": 100,
                        "clue": "A synonym for entrails; you can spill your own or hate someone else's",
                        "solution": "What is guts"
                    },
                    {
                        "value": 200,
                        "clue": "Thought to have come from Egypt, these wandering people were originally called Egyptians",
                        "solution": "What is Gypsies"
                    },
                    {
                        "value": 300,
                        "clue": "To encircle with a belt, or, perhaps, with an elasticized undergarment",
                        "solution": "What is girdle"
                    },
                    {
                        "value": 400,
                        "clue": "Mrs. George Burns might have felt at home in this famous New York City mayoral residence",
                        "solution": "What is Gracie Mansion"
                    },
                    {
                        "value": 500,
                        "clue": "A magnificent Spanish or Portuguese nobleman of high social position",
                        "solution": "What is a grandee"
                    }
                ]
            }
        ],
        "double": [
            {
                "category": "STATE CAPITALS",
                "clues": [
                    {
                        "value": 200,
                        "clue": "This capital of Georgia is known as Dogwood City for its flowering trees",
                        "solution": "What is Atlanta"
                    },
                    {
                        "value": 400,
                        "clue": "This Montana city founded by prospectors in 1864 lies just east of the Continental Divide",
                        "solution": "What is Helena"
                    },
                    {
                        "value": 600,
                        "clue": "Its metropolitan area includes the towns of Englewood, Littleton & Aurora, among others",
                        "solution": "What is Denver"
                    },
                    {
                        "value": 800,
                        "clue": "Founded in 1609 this Southwestern capital once served as the capital of a Spanish colony",
                        "solution": "What is Santa Fe"
                    }
                ]
            },
            {
                "category": "SICKNESS & HEALTH",
                "clues": [
                    {
                        "value": 200,
                        "clue": "An increase in fluid pressure in this causes glaucoma",
                        "solution": "What is the eye"
                    },
                    {
                        "value": 400,
                        "clue": "Eating this part of a grain of cereal provides roughage in your diet",
                        "solution": "What is the bran"
                    },
                    {
                        "value": 600,
                        "clue": "It's not this insect, but a parasite transmitted by it that causes malaria",
                        "solution": "What is a mosquito"
                    },
                    {
                        "value": 800,
                        "clue": "Some exposure to sunlight is necessary for the body to produce this vitamin",
                        "solution": "What is vitamin D"
                    },
                    {
                        "value": 1000,
                        "clue": "Crystalline bodies made up mainly of cholesterol; they can also form in the bile duct",
                        "solution": "What is gall stones"
                    }
                ]
            },
            {
                "category": "COLORFUL PHRASES",
                "clues": [
                    {
                        "value": 200,
                        "clue": "As a bookkeeper can tell you, a business that's making money is in this",
                        "solution": "What is the black"
                    },
                    {
                        "value": 400,
                        "clue": "Though actually colorblind, an angry bull is said to do this",
                        "solution": "What is see red"
                    },
                    {
                        "value": 600,
                        "clue": "It describes an eloquent or persuasive speaker",
                        "solution": "What is a silver-tongued orator"
                    },
                    {
                        "value": 800,
                        "clue": "It's how Shakespeare described jealousy in \"Othello\"",
                        "solution": "What is a green-eyed monster"
                    },
                    {
                        "value": 1000,
                        "clue": "From a French phrase, it's a person who exercises power behind the scenes or through another",
                        "solution": "What is a grey eminence (éminence grise)"
                    }
                ]
            },
            {
                "category": "WARS",
                "clues": [
                    {
                        "value": 200,
                        "clue": "It's also known as \"The Late Unpleasantness\", especially in the South",
                        "solution": "What is the American Civil War"
                    },
                    {
                        "value": 400,
                        "clue": "In the 1840s 2 wars broke out between the British & the Sikhs in the Punjab region of this country",
                        "solution": "What is India"
                    },
                    {
                        "value": 600,
                        "clue": "Turn of the century war that inspired the following march: \"I'm with you and you're with me, / And so we are all together, / So we are all together, / So we are all together, / Sing with me, I'll sing with you, / And so we will sing together, / As we march along. / We are marching to Pretoria, Pretoria, Pretoria\"",
                        "solution": "What is the Boer War"
                    },
                    {
                        "value": 800,
                        "clue": "Tolstoy's \"Sevastapol Sketches\" are based on his experiences during this war",
                        "solution": "What is the Crimean War"
                    },
                    {
                        "value": 1000,
                        "clue": "In 1713 the Treaty of Utrecht ended the war named for this English queen",
                        "solution": "What is Queen Anne"
                    }
                ]
            },
            {
                "category": "FOOD",
                "clues": [
                    {
                        "value": 200,
                        "clue": "It's pretty easy to open once you pierce the eyes & drain the milk",
                        "solution": "What is a coconut"
                    },
                    {
                        "value": 400,
                        "clue": "With equal amounts of flour, butter, sugar, & eggs, this cake makes for heavy eating",
                        "solution": "What is pound cake"
                    },
                    {
                        "value": 600,
                        "clue": "Its leaves are used in salads & its roots are roasted & ground to make a coffee substitute",
                        "solution": "What is chicory"
                    },
                    {
                        "value": 800,
                        "clue": "It's the only food product derived from the fruit of an orchid",
                        "solution": "What is vanilla"
                    },
                    {
                        "value": 1000,
                        "clue": "The root of this plant yields the starchy substance known as tapioca",
                        "solution": "What is manioc (or cassava)"
                    }
                ]
            },
            {
                "category": "SPEAK OF THE DICKENS",
                "clues": [
                    {
                        "value": 200,
                        "clue": "The only tokens of this child's identity were a locket & a ring",
                        "solution": "What is Oliver Twist"
                    },
                    {
                        "value": 400,
                        "clue": "The title of this Dickens work refers to tough living & working conditions in Coketown",
                        "solution": "What is Hard Times"
                    },
                    {
                        "value": 600,
                        "clue": "Out of luck & money in England, Martin Chuzzlewit left to try his fortune in this country",
                        "solution": "What is America"
                    },
                    {
                        "value": 800,
                        "clue": "In different tales, Mr. Creakle & Mr. Squeers ran these",
                        "solution": "What is schools"
                    }
                ]
            }
        ],
        "final": {
            "category": "ELECTIONS",
            "clue": "Of the 10 states Governor Dukakis won in the 1988 presidential election, this 1 has the most electoral votes",
            "solution": "What is New York"
        }
    }
}