{
    "game": {
        "single": [
            {
                "category": "CREAM",
                "clues": [
                    {
                        "value": 200,
                        "clue": "Your basic all-American baked potato often comes with this \"cream\" & chives",
                        "solution": "What is sour"
                    },
                    {
                        "value": 400,
                        "clue": "One type is made with chocolate & cream; another with damp soil, mostly by children",
                        "solution": "What is a mud pie"
                    },
                    {
                        "value": 600,
                        "clue": "Captain Parker's in Yarmouth is a 2-time winner of Boston Harborfest's competition in this creamy soup",
                        "solution": "What is clam chowder"
                    },
                    {
                        "value": 800,
                        "clue": "This Kraft Foods dessert topping comes in an extra creamy version",
                        "solution": "What is Cool Whip"
                    },
                    {
                        "value": 1000,
                        "clue": "Teutonic name for a mousse made with whipped cream & set in a towering mold",
                        "solution": "What is Bavarian cream"
                    }
                ]
            },
            {
                "category": "SUNSHINE",
                "clues": [
                    {
                        "value": 200,
                        "clue": "Of 8, 18 or 28, the approximate time it takes in minutes for the Sun's rays to reach the Earth",
                        "solution": "What is 8"
                    },
                    {
                        "value": 400,
                        "clue": "Green plants use the Sun's rays to turn water & this gas into carbohydrates",
                        "solution": "What is carbon dioxide"
                    },
                    {
                        "value": 600,
                        "clue": "UVA, UVB & UVC are the 3 types of this radiation contained in sunshine",
                        "solution": "What is ultraviolet"
                    },
                    {
                        "value": 800,
                        "clue": "The energy we call sunshine is initially generated by the Sun's fusion of hydrogen into this",
                        "solution": "What is helium"
                    },
                    {
                        "value": 1000,
                        "clue": "The radiation that becomes our sunshine leaves the Sun's surface at this \"sphere\", the visible surface of the sun",
                        "solution": "What is the photosphere"
                    }
                ]
            },
            {
                "category": "OF YOUR \"LOVE\"",
                "clues": [
                    {
                        "value": 200,
                        "clue": "With Eric Clapton on lead guitar, Derek & the Dominos released the hit album \"Layla & Other Assorted\" these",
                        "solution": "What is Love Songs"
                    },
                    {
                        "value": 400,
                        "clue": "A small sofa for 2 people",
                        "solution": "What is a loveseat"
                    },
                    {
                        "value": 600,
                        "clue": "Small green African avian of the genus agapornis",
                        "solution": "What is a lovebird"
                    },
                    {
                        "value": 800,
                        "clue": "This N.Y. region was declared a disaster area due to toxic waste",
                        "solution": "What is Love Canal"
                    },
                    {
                        "value": 1000,
                        "clue": "His literary output includes \"The Thing on the Doorstep\" & \"The Dunwich Horror\"",
                        "solution": "What is H.P. Lovecraft"
                    }
                ]
            },
            {
                "category": "STRANGE BREW",
                "clues": [
                    {
                        "value": 200,
                        "clue": "On an episode of this show, Samantha gives Darrin a potion she says will fill him with confidence",
                        "solution": "What is Bewitched"
                    },
                    {
                        "value": 400,
                        "clue": "The \"Macbeth\" witches' brew contains an entire toad but only the toe of this fellow amphibian",
                        "solution": "What is a frog"
                    },
                    {
                        "value": 600,
                        "clue": "On a 2001 season opener, Willow had to brew up a potion to bring this heroine back from the dead",
                        "solution": "What is Buffy the Vampire Slayer"
                    },
                    {
                        "value": 800,
                        "clue": "Harry Potter's potions professor, he's as loathsome as his shrinking solution",
                        "solution": "What is Snape"
                    },
                    {
                        "value": 1000,
                        "clue": "Film in which a magic potion keeps Meryl Streep & Goldie Hawn alive after they're both murdered",
                        "solution": "What is Death Becomes Her"
                    }
                ]
            },
            {
                "category": "CROSSROADS",
                "clues": [
                    {
                        "value": 200,
                        "clue": "This state capital is \"the Crossroads of the Pacific\"",
                        "solution": "What is Honolulu"
                    },
                    {
                        "value": 400,
                        "clue": "This Neb. city on the Missouri River calls itself \"the Crossroads of the Nation\" & \"the Gateway to the West\"",
                        "solution": "What is Omaha"
                    },
                    {
                        "value": 600,
                        "clue": "This \"Prairie State\" calls itself \"the Heart of the Nation\", \"the Hub of the Nation\" & \"the Crossroads of America\"",
                        "solution": "What is Illinois"
                    },
                    {
                        "value": 800,
                        "clue": "Sioux Falls in this state calls itself \"the Crossroads of the Nation\"",
                        "solution": "What is South Dakota"
                    },
                    {
                        "value": 1000,
                        "clue": "This Midwestern capital city has a great \"track\" record as \"the Crossroads of America\", also the motto of its state",
                        "solution": "What is Indianapolis"
                    }
                ]
            },
            {
                "category": "TALES OF BRAVE ULYSSES",
                "clues": [
                    {
                        "value": 200,
                        "clue": "Ulysses is the Latin name of Odysseus, the Greek hero that this poet portrayed in \"The Odyssey\"",
                        "solution": "What is Homer"
                    },
                    {
                        "value": 400,
                        "clue": "Ulysses devised this trick to induce the soldiers of Troy to open the city gates",
                        "solution": "What is the Trojan horse"
                    },
                    {
                        "value": 600,
                        "clue": "Ulysses was bound to his ship's mast to avoid the lure of the sounds of these demons, half women, half birds",
                        "solution": "What is the sirens"
                    },
                    {
                        "value": 800,
                        "clue": "In the Strait of Messina, Ulysses lost 6 of his men to the sea monster Scylla while avoiding this whirlpool",
                        "solution": "What is Charybdis"
                    },
                    {
                        "value": 1000,
                        "clue": "Ulysses spent a year on the island of Aeaea in the company of this witch who turned men into pigs",
                        "solution": "What is Circe"
                    }
                ]
            }
        ],
        "double": [
            {
                "category": "LEFT TO MY OWN DEVICES",
                "clues": [
                    {
                        "value": 400,
                        "clue": "Jacob Schick came up with this device while mining way up north where hot water was scarce",
                        "solution": "What is an electric razor"
                    },
                    {
                        "value": 800,
                        "clue": "This wireless handheld brand lets you access e-mail on the go & also makes a great pie filling",
                        "solution": "What is a BlackBerry"
                    },
                    {
                        "value": 1200,
                        "clue": "A device you can use to spiff up clothes, or the type of trunk where they got all their wrinkles",
                        "solution": "What is a steamer"
                    },
                    {
                        "value": 1600,
                        "clue": "Iraq administrator Paul Bremner's line \"You cannot wand a million people\" referred to a hand-held one",
                        "solution": "What is a metal detector"
                    }
                ]
            },
            {
                "category": "EVENTS IN THE OLYMPIC DECATHLON",
                "clues": [
                    {
                        "value": 400,
                        "clue": "It's the running event that includes a series of obstacles",
                        "solution": "What is the hurdles"
                    },
                    {
                        "value": 800,
                        "clue": "It's the throwing event that uses the heaviest item",
                        "solution": "What is the shotput"
                    },
                    {
                        "value": 1200,
                        "clue": "It's the shortest of the running events",
                        "solution": "What is 100 meters"
                    },
                    {
                        "value": 1600,
                        "clue": "The 2 events with \"jump\" in their names",
                        "solution": "What is long jump & high jump"
                    },
                    {
                        "value": 2000,
                        "clue": "The 2 events in which you use a long rod",
                        "solution": "What is the pole vault & the javelin"
                    }
                ]
            },
            {
                "category": "WASHINGTON'S NATIONAL CATHEDRAL",
                "clues": [
                    {
                        "value": 400,
                        "clue": "(Cheryl of the Clue Crew reports from the National Cathedral in Washington, D.C.) In 1968 he gave his last Sunday sermon from the Canterbury pulpit; a memorial service for him was held here 5 days later",
                        "solution": "What is Dr. King"
                    },
                    {
                        "value": 800,
                        "clue": "The National Cathedral's official name is the Cathedral Church of St. Peter & him",
                        "solution": "What is St. Paul"
                    },
                    {
                        "value": 1200,
                        "clue": "Over 150 people are interred at the Cathedral, including this woman who lost her hearing and her sight at age 1 1/2",
                        "solution": "What is Helen Keller"
                    },
                    {
                        "value": 1600,
                        "clue": "This Episcopal minister, ex-Missouri senator & U.N. Ambassador led the Reagan funeral service June 11, 2004",
                        "solution": "What is John Danforth"
                    },
                    {
                        "value": 2000,
                        "clue": "The only president buried in Washington, D.C., his tomb was dedicated in 1956, the centennial of his birth",
                        "solution": "What is Woodrow Wilson"
                    }
                ]
            },
            {
                "category": "IT'S ALL GREEK TO ME",
                "clues": [
                    {
                        "value": 400,
                        "clue": "Before you \"coin\" one of these, know it's from the Greek for \"to speak\"",
                        "solution": "What is a phrase"
                    },
                    {
                        "value": 800,
                        "clue": "From the Greek for \"flow\", this type of arthritis is characterized by painful swelling of the joints",
                        "solution": "What is rheumatoid"
                    },
                    {
                        "value": 1200,
                        "clue": "This word is from the Greek for \"wanderer\"; the fact that the Earth was one wasn't figured out till later",
                        "solution": "What is planet"
                    },
                    {
                        "value": 1600,
                        "clue": "From the Greek for \"to strike on one side\", it's paralysis of both legs due to a spinal cord injury",
                        "solution": "What is paraplegia"
                    },
                    {
                        "value": 2000,
                        "clue": "From the Greek for \"tongue\", it's the opening in the larynx where consonants stop",
                        "solution": "What is the glottis"
                    }
                ]
            },
            {
                "category": "AWARDS & HONORS",
                "clues": [
                    {
                        "value": 400,
                        "clue": "This \"Arthur\" star must have been a perfect \"10\"—the Queen made him a Commander of the British Empire in 2001",
                        "solution": "What is Dudley Moore"
                    },
                    {
                        "value": 800,
                        "clue": "(Hi. I'm Gretchen Carlson of the CBS Saturday Early Show.) As a journalist I've been honored with 3 of these awards named for this TV legend, George Burns' famous partner",
                        "solution": "What is Gracie Allen"
                    },
                    {
                        "value": 1200,
                        "clue": "When this man won the Peace Prize, the Nobel chairman didn't expect \"gratitude from the Polish authorities\"",
                        "solution": "What is Lech Walesa"
                    },
                    {
                        "value": 1600,
                        "clue": "In 1953 the Lenin Peace Prize went to this Chilean poet and diplomat",
                        "solution": "What is Pablo Neruda"
                    },
                    {
                        "value": 2000,
                        "clue": "In 2004, Zaha Hadid became the first woman to receive this prize, often called architecture's highest honor",
                        "solution": "What is the Pritzker"
                    }
                ]
            },
            {
                "category": "LETTER PERFECT",
                "clues": [
                    {
                        "value": 400,
                        "clue": "Crossword puzzle competitors save time by using the lower-case version of this most common English letter",
                        "solution": "What is E"
                    },
                    {
                        "value": 800,
                        "clue": "In Roman numerals, if you get a hit every time up, you're said to be batting this",
                        "solution": "What is M"
                    },
                    {
                        "value": 1200,
                        "clue": "Alphabetically, the first letter that stands alone as the symbol of a chemical element",
                        "solution": "What is B"
                    },
                    {
                        "value": 1600,
                        "clue": "A clever basketball coach is said to be good with these two letters",
                        "solution": "What is X's & O's"
                    },
                    {
                        "value": 2000,
                        "clue": "To reverse direction in a car, hang a U-turn or this type of turn, also called a 3-point turn",
                        "solution": "What is K-turn"
                    }
                ]
            }
        ],
        "final": {
            "category": "LITERATURE",
            "clue": "In early drafts, the heroine of this novel was named Pansy & her family home was called Fontenoy Hall",
            "solution": "What is Gone with the Wind"
        }
    }
}