{
    "game": {
        "single": [
            {
                "category": "COUNTRIES",
                "clues": [
                    {
                        "value": 200,
                        "clue": "The Miraflores district of Lima is a great place to sample this country's culinary delights",
                        "solution": "What is Peru"
                    },
                    {
                        "value": 400,
                        "clue": "\"Shield of David\" is a more accurate translation of this country's symbol, the star of David",
                        "solution": "What is Israel"
                    },
                    {
                        "value": 600,
                        "clue": "You can say just Bosnia or Bosnia & this, the southern part of the country",
                        "solution": "What is Herzegovina"
                    },
                    {
                        "value": 800,
                        "clue": "One of the crimes of Grindelwald would be missing the skiing at that site in the Bernese Oberland in this country",
                        "solution": "What is Switzerland"
                    },
                    {
                        "value": 1000,
                        "clue": "Ras Dashen, this African country's highest peak, has been translated as \"General Who Fights in Front of the Emperor\"",
                        "solution": "What is Ethiopia"
                    }
                ]
            },
            {
                "category": "ABBREVIATED REALITY SHOWS",
                "clues": [
                    {
                        "value": 200,
                        "clue": "It's been called \"sinsational\": \"HK\"",
                        "solution": "What is Hell's Kitchen"
                    },
                    {
                        "value": 400,
                        "clue": "Cheryl Burke took over for Abby Lee Miller: \"DM\"",
                        "solution": "What is Dance Moms"
                    },
                    {
                        "value": 600,
                        "clue": "Featured Kody Brown & his 4 spouses: \"SW\"",
                        "solution": "What is Sister Wives"
                    },
                    {
                        "value": 800,
                        "clue": "Where you'll find Kandi, Nene & Porsha: \"RHOA\"",
                        "solution": "What is Real Housewives of Atlanta"
                    },
                    {
                        "value": 1000,
                        "clue": "Robert Kulp & Mike Whiteside restore, repurpose or resell objects rescued from job sites: \"SD\"",
                        "solution": "What is Salvage Dawgs"
                    }
                ]
            },
            {
                "category": "A NUMBER BETWEEN 1 & 100",
                "clues": [
                    {
                        "value": 200,
                        "clue": "A.A. is one of many support groups whose recovery programs are based on this many steps",
                        "solution": "What is 12"
                    },
                    {
                        "value": 400,
                        "clue": "Recalling Jesus' fast in the wilderness, fasting during Lent is practiced for this many days",
                        "solution": "What is 40"
                    },
                    {
                        "value": 600,
                        "clue": "In honor of childhood idol Michael Jordan, LeBron James has long worn this number",
                        "solution": "What is 23"
                    },
                    {
                        "value": 1000,
                        "clue": "In 1865 this number amendment abolished slavery",
                        "solution": "What is 13"
                    }
                ]
            },
            {
                "category": "APPROPRIATE NAMES",
                "clues": [
                    {
                        "value": 200,
                        "clue": "In 2003 Will Wynn ran for mayor of this Lone Star capital city—& he did",
                        "solution": "What is Austin"
                    },
                    {
                        "value": 400,
                        "clue": "Igor Judge went into law & in 2013 retired as a high judge of England & Wales called lord this, much like the USA's top judge",
                        "solution": "What is chief justice"
                    },
                    {
                        "value": 600,
                        "clue": "Last name of Margaret, who won 64 Grand Slam tennis title on many of them",
                        "solution": "What is Court"
                    },
                    {
                        "value": 800,
                        "clue": "Bert Beveridge would, of course, make drinks: he produces this \"handmade vodka\"",
                        "solution": "What is Tito's"
                    },
                    {
                        "value": 1000,
                        "clue": "Political TV pundit Krystal sounds prescient with this last name",
                        "solution": "What is Ball"
                    }
                ]
            },
            {
                "category": "ENGLISH ROYAL FIRSTS",
                "clues": [
                    {
                        "value": 200,
                        "clue": "In 1327 Edward II became the 1st king forced to take this action of formally giving up power, to the son who became Edward III",
                        "solution": "What is abdicating"
                    },
                    {
                        "value": 400,
                        "clue": "We must confess, in 1066 this confessor became the first monarch to be buried at Westminster Abbey",
                        "solution": "What is Edward (the Confessor)"
                    },
                    {
                        "value": 600,
                        "clue": "In 2017 Elizabeth II celebrated 65 years—the first jubilee named for this gemstone, inspiring a blue 5-pound stamp",
                        "solution": "What is sapphire"
                    },
                    {
                        "value": 800,
                        "clue": "In 1722 Caroline, Princess of Wales became the first royal mum in Eng. to inoculate her kids against this disease",
                        "solution": "What is smallpox"
                    },
                    {
                        "value": 1000,
                        "clue": "King from 1199 to 1216, he was the first to make himself a vassal of the pope",
                        "solution": "What is King John"
                    }
                ]
            },
            {
                "category": "SHOP TALK",
                "clues": [
                    {
                        "value": 400,
                        "clue": "If the repair guy says you've got chainsuck on your Schwinn, you're in one of these shops",
                        "solution": "What is bicycle"
                    },
                    {
                        "value": 800,
                        "clue": "To a blacksmith, a hardy hole is a tool-holding socket in one of these heavy blocks",
                        "solution": "What is anvil"
                    },
                    {
                        "value": 1000,
                        "clue": "(Kelly of the Clue Crew presents a piece of fabric.) In tailoring, pointed folds sewn into fabric to enhance a garment's shape are called these, like pointed missiles in a pub game",
                        "solution": "What is darts"
                    }
                ]
            }
        ],
        "double": [
            {
                "category": "SIGH... POLI SCI",
                "clues": [
                    {
                        "value": 400,
                        "clue": "Ostpolitik, initiated by Willy Brandt, was this country's detente policy",
                        "solution": "What is West Germany"
                    },
                    {
                        "value": 800,
                        "clue": "The Neutrality Acts of 1935-1937 represented this \"-ism\" in U.S. foreign policy in the run-up to World War II",
                        "solution": "What is isolationism"
                    },
                    {
                        "value": 1200,
                        "clue": "This 1994 Harrison Ford film title was part of Oliver Wendell Holmes Jr.'s argument about limitations to free speech",
                        "solution": "What is Clear and Present Danger"
                    },
                    {
                        "value": 1600,
                        "clue": "Those in the anti-this political group were not too fond of the Constitution of 1787 & its big government",
                        "solution": "What is Federalist"
                    },
                    {
                        "value": 2000,
                        "clue": "In a competition, he might lift a car; in politics, it's a leader exercising absolute power",
                        "solution": "What is a strongman"
                    }
                ]
            },
            {
                "category": "HISTORY OF MEDICINE",
                "clues": [
                    {
                        "value": 400,
                        "clue": "The revolutionary 1543 work \"Fabrica\" gave its author, Vesalius, the title \"Father of Modern\" this field",
                        "solution": "What is anatomy"
                    },
                    {
                        "value": 800,
                        "clue": "Plato referred to this Greek physician as \"The Asclepiad of Cos\"",
                        "solution": "What is Hippocrates"
                    },
                    {
                        "value": 1200,
                        "clue": "When this doctor published his anti-choking maneuver in 1974, he admitted it had only been tested on dogs",
                        "solution": "What is Heimlich"
                    },
                    {
                        "value": 1600,
                        "clue": "Air is forced in & out of the body in tank respirators, also known as these, part of polio treatment in the 1940s & '50s",
                        "solution": "What is an iron lung"
                    },
                    {
                        "value": 2000,
                        "clue": "German physician Paul Langerhans made important discoveries studying this organ in rabbits",
                        "solution": "What is the pancreas"
                    }
                ]
            },
            {
                "category": "UNLIKELY POP CULTURE PAIRINGS",
                "clues": [
                    {
                        "value": 400,
                        "clue": "The film \"Ragtime\" has Jimmy Cagney, Pat O'Brien & at the other end of their careers, Samuel L. Jackson & her, \"The Nanny\"",
                        "solution": "What is Fran Drescher"
                    },
                    {
                        "value": 800,
                        "clue": "Sadly, a month after recording a Christmas duet in 1977 with this \"China Girl\" singer, Bing Crosby died of a heart attack",
                        "solution": "What is David Bowie"
                    },
                    {
                        "value": 1600,
                        "clue": "Pity the fool who doesn't know Mr. T met Boy George in a 1986 episode of this show",
                        "solution": "What is The A-Team"
                    },
                    {
                        "value": 2000,
                        "clue": "Not content to make us weep with her ASPCA ads, she sang \"Cat's In The Cradle\" in a mash-up with rapper DMC",
                        "solution": "What is Sarah McLachlan"
                    }
                ]
            },
            {
                "category": "CIVIL WAR POETRY",
                "clues": [
                    {
                        "value": 400,
                        "clue": "Edgar Lee Masters' \"Achilles Deatheridge\" is a Union soldier who mistakenly arrests this cigar-toting general",
                        "solution": "What is Grant"
                    },
                    {
                        "value": 800,
                        "clue": "Bret Harte tells of \"John Burns\", a senior citizen in this Pennsylvania town who took up arms in July 1863",
                        "solution": "What is Gettysburg"
                    },
                    {
                        "value": 1200,
                        "clue": "Whitman mourned Lincoln in \"When\" these flowers \"Last In the Dooryard Bloom'd\"",
                        "solution": "What is lilacs"
                    },
                    {
                        "value": 1600,
                        "clue": "This poet famous for \"The Wreck of the Hesperus\" also depicted the 1862 sinking of the Cumberland",
                        "solution": "What is Henry Wadsworth Longfellow"
                    },
                    {
                        "value": 2000,
                        "clue": "The subtitle to Herman Melville's poem about this man is \"Mortally Wounded at Chancellorsville\"",
                        "solution": "What is Stonewall Jackson"
                    }
                ]
            },
            {
                "category": "DON'T GO TO TOWN",
                "clues": [
                    {
                        "value": 400,
                        "clue": "Following \"Fredericks\" & \"Salz\", this other word for a town is also part of many place names",
                        "solution": "What is burg"
                    },
                    {
                        "value": 800,
                        "clue": "Population under 100, a place in Hayes County, Nebraska has this Shakespearean name & also is one",
                        "solution": "What is a hamlet"
                    },
                    {
                        "value": 1200,
                        "clue": "This New York City region is bounded by 14th Street & Houston Street, west of Broadway",
                        "solution": "What is Greenwich Village"
                    },
                    {
                        "value": 1600,
                        "clue": "This type of community was created in Israel; Nir Am is one near the Gaza border",
                        "solution": "What is a kibbutz"
                    },
                    {
                        "value": 2000,
                        "clue": "In France thousands of small towns are classified as these, which in the U.S. calls up images of group living",
                        "solution": "What is communes"
                    }
                ]
            },
            {
                "category": "\"SHOP\" TALK",
                "clues": [
                    {
                        "value": 400,
                        "clue": "This software name was trademarked in April 1991",
                        "solution": "What is Photoshop"
                    },
                    {
                        "value": 800,
                        "clue": "Let's use 2 straws to share the milkshake relative for which this establishment is named",
                        "solution": "What is a malt shop"
                    },
                    {
                        "value": 1200,
                        "clue": "The king's ones start each game on the F1 & F8 squares",
                        "solution": "What is bishops"
                    },
                    {
                        "value": 1600,
                        "clue": "Eclectic place in a Dickens title",
                        "solution": "What is the old curiosity shop"
                    },
                    {
                        "value": 2000,
                        "clue": "Faded or soiled from long display in a store window",
                        "solution": "What is shopworn"
                    }
                ]
            }
        ],
        "final": {
            "category": "PEOPLE & PLACES",
            "clue": "In 1790 Thursday October Christian became the first child whose birth was recorded on this remote island",
            "solution": "What is Pitcairn Island"
        }
    }
}