{
    "game": {
        "single": [
            {
                "category": "HERE COMES 39",
                "clues": [
                    {
                        "value": 200,
                        "clue": "39 of the 55 assembled delegates signed this document in Philadelphia on September 17, 1787",
                        "solution": "What is the Constitution"
                    },
                    {
                        "value": 400,
                        "clue": "A popular tourist spot, Pier 39 in this California city features many attractions, including the Aquarium of the Bay",
                        "solution": "What is San Francisco"
                    },
                    {
                        "value": 600,
                        "clue": "In 1972 this team retired catcher Roy Campanella's No. 39 on the same day as it retired his teammate's famous 42",
                        "solution": "What is Dodgers"
                    },
                    {
                        "value": 800,
                        "clue": "This Opus No. 39 by Edward Elgar has a theme often heard at school graduations",
                        "solution": "What is \"Pomp And Circumstance\""
                    },
                    {
                        "value": 1000,
                        "clue": "In the King James Bible, the Old Testament has 39 books, with Kings, Chronicles & this prophet each having a 1 & 2 book",
                        "solution": "What is Samuel"
                    }
                ]
            },
            {
                "category": "WORLD CAPITAL RHYME TIME",
                "clues": [
                    {
                        "value": 200,
                        "clue": "A Hungarian exam",
                        "solution": "What is a Budapest test"
                    },
                    {
                        "value": 400,
                        "clue": "A Korean parchment curled up for storage",
                        "solution": "What is a Seoul scroll"
                    },
                    {
                        "value": 600,
                        "clue": "A Lebanese matching jacket & trousers",
                        "solution": "What is a Beirut suit"
                    },
                    {
                        "value": 800,
                        "clue": "Philippine flavoring from a tropical orchid",
                        "solution": "What is Manila vanilla"
                    },
                    {
                        "value": 1000,
                        "clue": "Sudanese darkness or sadness",
                        "solution": "What is Khartoum gloom"
                    }
                ]
            },
            {
                "category": "ALL KINDS OF DOORS",
                "clues": [
                    {
                        "value": 200,
                        "clue": "It can mean a high rate of personnel turnover, or an entryway like the elegant ones at New York City's Plaza Hotel",
                        "solution": "What is a revolving door"
                    },
                    {
                        "value": 400,
                        "clue": "The entryway at this London address features a Georgian era glossed-black door with lion's head knocker & a 10",
                        "solution": "What is 10 Downing Street"
                    },
                    {
                        "value": 600,
                        "clue": "The 80-mile-long Door Peninsula separates Wisconsin's Green Bay from the rest of this Great Lake",
                        "solution": "What is Lake Michigan"
                    },
                    {
                        "value": 800,
                        "clue": "This type of spider makes a hinged opening through which the unlucky descend to their doom",
                        "solution": "What is a trapdoor spider"
                    },
                    {
                        "value": 1000,
                        "clue": "Initiated in 1899, the Open Door Policy was based on the U.S. & other nations all having equal access to this Asian country",
                        "solution": "What is China"
                    }
                ]
            },
            {
                "category": "WRITERS & THEIR WORKS",
                "clues": [
                    {
                        "value": 200,
                        "clue": "One-name title of Alexandra Ripley's sequel to \"Gone with the Wind\"; Ashley finally proposes, but she says no",
                        "solution": "What is Scarlett"
                    },
                    {
                        "value": 400,
                        "clue": "This novel by Andy Weir about a stranded astronaut was originally self-published",
                        "solution": "What is The Martian"
                    },
                    {
                        "value": 600,
                        "clue": "\"The Sicilian\" by this author is another set in his universe of the criminal Corleone clan",
                        "solution": "What is Mario Puzo"
                    },
                    {
                        "value": 800,
                        "clue": "Like the narrator of \"The Little Prince\", the book's author, Antoine de Saint-Exupery, chose this as his profession",
                        "solution": "What is pilot"
                    },
                    {
                        "value": 1000,
                        "clue": "This poet wrote \"The Negro Speaks of Rivers\" on the back of an envelope when he was just 17",
                        "solution": "What is Langston Hughes"
                    }
                ]
            },
            {
                "category": "CHUMP CHANGE",
                "clues": [
                    {
                        "value": 200,
                        "clue": "Change a letter to get this big winner",
                        "solution": "What is a champ"
                    },
                    {
                        "value": 400,
                        "clue": "Drop a letter to get this dromedary dome",
                        "solution": "What is a hump"
                    },
                    {
                        "value": 600,
                        "clue": "Change 2 letters to get this bell sound",
                        "solution": "What is a chime"
                    },
                    {
                        "value": 800,
                        "clue": "Drop 2 letters to get this sports authority",
                        "solution": "What is an ump"
                    },
                    {
                        "value": 1000,
                        "clue": "Change 2 letters to get this metal fastener",
                        "solution": "What is a clamp"
                    }
                ]
            },
            {
                "category": "RALPH MACCHIO TALKS COBRA KAI",
                "clues": [
                    {
                        "value": 200,
                        "clue": "(Ralph Macchio presents the clue.) But what does \"Cobra Kai\" even mean? Well, \"kai\" is a gathering, so \"Cobra Kai\" is \"an assembly of cobras\"—fierce fighters who meet in this type of room & school to train",
                        "solution": "What is a dojo"
                    },
                    {
                        "value": 400,
                        "clue": "(Ralph Macchio presents the clue.) Just as Daniel once used this bird kick against Johnny to great effect, Johnny's student Miguel got similar results with it",
                        "solution": "What is the crane"
                    },
                    {
                        "value": 600,
                        "clue": "(Ralph Macchio presents the clue.) Running a car dealership has its perks, especially when you wanna teach this 4-word karate defense; it's great practice for the kids, & your fleet will look fantastic",
                        "solution": "What is wax on, wax off"
                    },
                    {
                        "value": 800,
                        "clue": "(Ralph Macchio presents the clue.) Johnny & I may not agree on a lot of things, but we did have a nice moment when we heard & sang \"Take It On The Run\" as we test-drove a car—as I said, \"What kind of man doesn't like this '80s band?\"",
                        "solution": "What is REO Speedwagon"
                    },
                    {
                        "value": 1000,
                        "clue": "(Ralph Macchio presents the clue.) We all wish Pat Morita was still with us to do the show; I've often said Pat brought a soulful magic to this \"Karate Kid\" role for which he earned an Oscar nomination",
                        "solution": "What is Mr. Miyagi"
                    }
                ]
            }
        ],
        "double": [
            {
                "category": "ON THE ROAD AGAIN",
                "clues": [
                    {
                        "value": 400,
                        "clue": "Between 49th & 60th Streets in NYC, you'll find glamorous shops like Cartier on this avenue",
                        "solution": "What is Fifth Avenue"
                    },
                    {
                        "value": 800,
                        "clue": "In a song by Phantom Planet, this 3-digit highway that takes you from L.A. to S.F. sort of rhymes with \"California Here We Come\"",
                        "solution": "What is the 101"
                    },
                    {
                        "value": 1600,
                        "clue": "This 2,460-mile interstate stretches coast to coast, passing the Superdome & Tucson's Pima Air & Space Museum",
                        "solution": "What is I-10 (Interstate 10)"
                    },
                    {
                        "value": 2000,
                        "clue": "You can see why the club-filled stretch of this Memphis street is called Neon Row",
                        "solution": "What is Beale Street"
                    }
                ]
            },
            {
                "category": "11-LETTER WORDS",
                "clues": [
                    {
                        "value": 400,
                        "clue": "A less serious offense, such as shoplifting, often punished with less than one year in prison",
                        "solution": "What is misdemeanor"
                    },
                    {
                        "value": 800,
                        "clue": "In 1949 Joseph Sobek created this soon-popular game played within 4 walls",
                        "solution": "What is racquetball"
                    },
                    {
                        "value": 1600,
                        "clue": "A homeless person may still have a place indoors to sleep; this is the term for someone sleeping on the streets",
                        "solution": "What is unsheltered"
                    },
                    {
                        "value": 2000,
                        "clue": "The original line of this separating 2 territories was the one dividing the New World between Spain & Portugal",
                        "solution": "What is demarcation"
                    }
                ]
            },
            {
                "category": "DISCOVERIES",
                "clues": [
                    {
                        "value": 400,
                        "clue": "Around 1860 Dr. W.F. Daniell took cola nuts for intestinal issues, couldn't sleep & discovered that they contain this chemical",
                        "solution": "What is caffeine"
                    },
                    {
                        "value": 800,
                        "clue": "4 of these were discovered by 1807; astronomers sulked that they weren't full planets but got over it when Astraea was found in 1845",
                        "solution": "What is asteroids"
                    },
                    {
                        "value": 1600,
                        "clue": "Work at Rice University led to the discovery of buckyballs, named for resembling this Buckminster Fuller creation",
                        "solution": "What is a geodesic dome"
                    },
                    {
                        "value": 2000,
                        "clue": "Discovered around 1980, these nasty proteins (hence the \"pr\" in the word) are a cause of fatal brain diseases",
                        "solution": "What is prions"
                    }
                ]
            },
            {
                "category": "CANADIAN HISTORY",
                "clues": [
                    {
                        "value": 400,
                        "clue": "Normally a dozy institution, this 105-member upper house of parliament was news in 2012 with a housing expenses scandal",
                        "solution": "What is the Senate"
                    },
                    {
                        "value": 800,
                        "clue": "In 1880 the Arctic Islands became part of these territories between the Yukon & Nunavut",
                        "solution": "What is the Northwest Territories"
                    },
                    {
                        "value": 1200,
                        "clue": "Founded by a royal charter, the company named for this body of water employed \"voyageurs\" who explored Canada by canoe",
                        "solution": "What is Hudson Bay"
                    },
                    {
                        "value": 1600,
                        "clue": "Asked to yield this city to the English in 1690, Count Frontenac said, \"My only reply will be from the mouths of my cannons\"",
                        "solution": "What is Quebec City"
                    },
                    {
                        "value": 2000,
                        "clue": "A World Heritage Site, these Newfoundland meadows contain the first evidence of Europeans in the New World",
                        "solution": "What is L'Anse aux Meadows"
                    }
                ]
            },
            {
                "category": "FINANCE & INVESTING",
                "clues": [
                    {
                        "value": 400,
                        "clue": "The 3 headline indexes are the Dow Industrials, the S&P 500 & this stock exchange's composite",
                        "solution": "What is NASDAQ"
                    },
                    {
                        "value": 800,
                        "clue": "In 2017 Oregon became the first state with automatic these savings accounts: employees are enrolled unless they opt out",
                        "solution": "What is IRAs"
                    }
                ]
            },
            {
                "category": "THAT'S SO SIR/REEL!",
                "clues": [
                    {
                        "value": 400,
                        "clue": "Rushing around in \"From Russia with Love\" & \"The Russia House\"",
                        "solution": "What is Sir Sean Connery"
                    },
                    {
                        "value": 800,
                        "clue": "Gus in \"Cats\" & also giving a magnetic performance in \"X-Men\"",
                        "solution": "What is Ian McKellen"
                    },
                    {
                        "value": 1200,
                        "clue": "The maitre d' at L'Idiot in \"L.A. Story\" & also giving a thoughtful performance in \"X-Men\"",
                        "solution": "What is Patrick Stewart"
                    },
                    {
                        "value": 1600,
                        "clue": "Ruling in \"The Cider House Rules\" & (What's it all about?) \"Alfie\"",
                        "solution": "What is Sir Michael Caine"
                    },
                    {
                        "value": 2000,
                        "clue": "\"Murder by Death\" & \"Star Wars\", one year apart",
                        "solution": "What is Sir Alec Guinness"
                    }
                ]
            }
        ],
        "final": {
            "category": "19th CENTURY NOVELS",
            "clue": "\"This bell was named Marie... alone in the southern tower, with her sister Jacqueline, a bell of lesser size\", says this novel",
            "solution": "What is The Hunchback of Notre Dame"
        }
    }
}