{
    "game": {
        "single": [
            {
                "category": "TOY STORY",
                "clues": [
                    {
                        "value": 200,
                        "clue": "\"Life in the Dreamhouse\" is the subtitle of an online show named for this doll",
                        "solution": "What is Barbie"
                    },
                    {
                        "value": 400,
                        "clue": "There are actually world championships for the trading card game & video game featuring these \"pocket monsters\"",
                        "solution": "What is Pokémon"
                    },
                    {
                        "value": 600,
                        "clue": "The Sawyer photo company invented this device that allows kids to see images in 3-D slide form",
                        "solution": "What is a View-Master"
                    },
                    {
                        "value": 800,
                        "clue": "Players stack & remove wooden blocks in this game whose name is from Swahili for \"to build\"",
                        "solution": "What is Jenga"
                    },
                    {
                        "value": 1000,
                        "clue": "A group of ninjas fight using a style of martial art called Spinjitzu in this line from Lego",
                        "solution": "What is Ninjago"
                    }
                ]
            },
            {
                "category": "A BUG'S LIFE",
                "clues": [
                    {
                        "value": 200,
                        "clue": "Whether dung, goliath or other, one of every 4 animal species on the planet is one of these insects",
                        "solution": "What is a beetle"
                    },
                    {
                        "value": 400,
                        "clue": "These insects, like the Anopheles variety, use a tubelike proboscis to inject saliva & draw up blood",
                        "solution": "What is mosquitoes"
                    },
                    {
                        "value": 600,
                        "clue": "When this larvae grows up, it'll become one of these familiar butterflies that you may have seen in your backyard",
                        "solution": "What is a monarch butterfly"
                    },
                    {
                        "value": 800,
                        "clue": "This \"religious\" insect can rotate its head (almost) 180 degrees & is the only animal with only one ear",
                        "solution": "What is a praying mantis"
                    },
                    {
                        "value": 1000,
                        "clue": "(Kelly of the Clue Crew reports from the Madikwe Game Reserve in South Africa.) Most spiders are solitary; communal homes like this one show that a few species are this other \"S\" word, like ants, termites, & some wasps",
                        "solution": "What is social"
                    }
                ]
            },
            {
                "category": "THE INCREDIBLES",
                "clues": [
                    {
                        "value": 200,
                        "clue": "If the '80s song \"Valley Girl\" came out today, it would use these 3 letters in place of its expression of incredibleness",
                        "solution": "What is OMG"
                    },
                    {
                        "value": 400,
                        "clue": "I'm giving out these paired double-vowel sounds of amazement",
                        "solution": "What is oohs & aahs"
                    },
                    {
                        "value": 600,
                        "clue": "This expression for \"Wow, incredible!\" is also what's seen coming out of the Vatican to indicate a new pope has been chosen",
                        "solution": "What is holy smoke"
                    },
                    {
                        "value": 800,
                        "clue": "Golly, gosh & this phrase of wide-eyed wonder, Katharine Hepburn's response to \"I love you\" in \"Alice Adams\"",
                        "solution": "What is gee whiz"
                    },
                    {
                        "value": 1000,
                        "clue": "This synonym for \"incredible\" was the title of a 1991 No. 1 hit song from EMF",
                        "solution": "What is \"Unbelievable\""
                    }
                ]
            },
            {
                "category": "UP",
                "clues": [
                    {
                        "value": 200,
                        "clue": "Although their \"first\" successful flight occured on Dec. 17, 1903, Wilbur had a 112-foot flight 3 days earlier",
                        "solution": "What is the Wright Brothers"
                    },
                    {
                        "value": 400,
                        "clue": "On June 1, 2012 Boeing's largest passenger plane, the 467-seat 747-8i, was launched by this German airline",
                        "solution": "What is Lufthansa"
                    },
                    {
                        "value": 600,
                        "clue": "In their military careers, Princes William & Harry were both primarily trained as pilots of these",
                        "solution": "What is helicopters"
                    },
                    {
                        "value": 800,
                        "clue": "After repairs in Burbank, this company's Electra 10E served as Amelia Earhart's last plane",
                        "solution": "What is Lockheed"
                    },
                    {
                        "value": 1000,
                        "clue": "Before his untimely death with Will Rogers, this aviator made the first solo airplane flight around the world",
                        "solution": "What is Wiley Post"
                    }
                ]
            },
            {
                "category": "BRAVE",
                "clues": [
                    {
                        "value": 200,
                        "clue": "Our nation's highest military decoration for bravery since 1861, it was originally only awarded to enlisted men",
                        "solution": "What is the Medal of Honor"
                    },
                    {
                        "value": 400,
                        "clue": "Mychal Judge, a 68-year-old chaplain to this department, went into the falling towers on 9/11",
                        "solution": "What is NYFD"
                    },
                    {
                        "value": 600,
                        "clue": "This little friend of Winnie-the-Pooh wisely opined that \"it is hard to be brave when you're only a very small animal\"",
                        "solution": "What is Piglet"
                    },
                    {
                        "value": 800,
                        "clue": "In April 1942 this entire Mediterranean island nation was awarded the George Cross for bravery",
                        "solution": "What is Malta"
                    },
                    {
                        "value": 1000,
                        "clue": "Second only to Achilles in strength & bravery at the siege of Troy, he later recovered Achilles' body",
                        "solution": "What is Ajax"
                    }
                ]
            },
            {
                "category": "PIX-\"R\"",
                "clues": [
                    {
                        "value": 200,
                        "clue": "Our favorite part of this 1988 film is Dustin Hoffman saying, \"Course I got 'Jeopardy!' at 5 o'clock. I watch 'Jeopardy!'\"",
                        "solution": "What is Rain Man"
                    },
                    {
                        "value": 400,
                        "clue": "In this Pixar film, Remy dreams of becoming a French chef despite his family's wishes",
                        "solution": "What is Ratatouille"
                    },
                    {
                        "value": 600,
                        "clue": "\"Gonna Fly Now\" was the theme to this movie",
                        "solution": "What is Rocky"
                    },
                    {
                        "value": 800,
                        "clue": "Bruce Willis & Helen Mirren returned in 2013 for this film \"2\", about older spies who've still got it",
                        "solution": "What is RED"
                    },
                    {
                        "value": 1000,
                        "clue": "Jimmy Stewart's defenestration in this Hitchcock movie breaks his other leg",
                        "solution": "What is Rear Window"
                    }
                ]
            }
        ],
        "double": [
            {
                "category": "POLITICAL CONVENTION KEYNOTERS",
                "clues": [
                    {
                        "value": 400,
                        "clue": "Republicans, 2008: This former New York City mayor",
                        "solution": "What is Giuliani"
                    },
                    {
                        "value": 800,
                        "clue": "Democrats, 2004: This Illinois senatorial candidate",
                        "solution": "What is Barack Obama"
                    },
                    {
                        "value": 1200,
                        "clue": "Republicans, 1944: This Californian future chief justice",
                        "solution": "What is Earl Warren"
                    },
                    {
                        "value": 1600,
                        "clue": "Democrats,1992: This African-American former Texas congresswoman",
                        "solution": "What is Barbara Jordan"
                    },
                    {
                        "value": 2000,
                        "clue": "Democrats, 1968: This long-serving senator from Hawaii",
                        "solution": "What is (Daniel) Inouye"
                    }
                ]
            },
            {
                "category": "LITERARY DOCTORS",
                "clues": [
                    {
                        "value": 400,
                        "clue": "\"I was returning from a journey to a patient\", he tells us, \"when my way led me through Baker Street\"—& the game is afoot!",
                        "solution": "What is Dr. Watson"
                    },
                    {
                        "value": 800,
                        "clue": "This Russian physician is married to Tonya but falls in love with Lara while working in a military hospital",
                        "solution": "What is Doctor Zhivago"
                    },
                    {
                        "value": 1200,
                        "clue": "This Dutch physician is knowledgeable in vampire lore & leads the group that destroys Dracula",
                        "solution": "What is Van Helsing"
                    },
                    {
                        "value": 1600,
                        "clue": "Magazine stories about this young doctor spawned several movies & a TV series starring Richard Chamberlain",
                        "solution": "What is Dr. Kildare"
                    },
                    {
                        "value": 2000,
                        "clue": "Shipwrecked in the South Seas, Edward Prendick stumbles on the island of this doctor who's creating human-animal hybrids",
                        "solution": "What is Dr. Moreau"
                    }
                ]
            },
            {
                "category": "NEW ORLEANS",
                "clues": [
                    {
                        "value": 400,
                        "clue": "(Sarah of the Clue Crew displays a satellite image on the monitor.) On its way to New Orleans, this hurricane had 115-mile-per-hour winds & was Category 3 on August 27, 2005; the next day, it became a Category 5",
                        "solution": "What is Katrina"
                    },
                    {
                        "value": 800,
                        "clue": "This song, recorded by Louis Armstrong in 1938 & many times after, is played at every New Orleans NFL home game",
                        "solution": "What is \"When The Saints Go Marching In\""
                    },
                    {
                        "value": 1200,
                        "clue": "The National World War II Museum has a reproduction of the New Orleans-built landing craft most famously used on this day",
                        "solution": "What is D-Day"
                    },
                    {
                        "value": 1600,
                        "clue": "Canal Street divides the American Sector from this better-known area to the west aka the Vieux Carre",
                        "solution": "What is the French Quarter"
                    },
                    {
                        "value": 2000,
                        "clue": "The airport serving New Orleans is in this nearby city, also the name of the toy company that introduced the Easy-Bake Oven",
                        "solution": "What is Kenner"
                    }
                ]
            },
            {
                "category": "\"PHIL\"-OSOPHY",
                "clues": [
                    {
                        "value": 400,
                        "clue": "It's the hobby of collecting stamps",
                        "solution": "What is philately"
                    },
                    {
                        "value": 800,
                        "clue": "Signature sandwich from the city of Brotherly Love",
                        "solution": "What is a Philly cheesesteak"
                    },
                    {
                        "value": 1200,
                        "clue": "This former talk show host brings his passion for sports to his gig as the host of \"Crowd Goes Wild\" on Fox Sports",
                        "solution": "What is (Regis) Philbin"
                    },
                    {
                        "value": 1600,
                        "clue": "To cheat on a spouse",
                        "solution": "What is philander"
                    },
                    {
                        "value": 2000,
                        "clue": "That indentation between your upper lip & your nose",
                        "solution": "What is philtrum"
                    }
                ]
            },
            {
                "category": "POP CULTURE",
                "clues": [
                    {
                        "value": 800,
                        "clue": "She stripped down to just a pair of Doc Martens in the video for her single \"Wrecking Ball\"",
                        "solution": "What is Miley Cyrus"
                    },
                    {
                        "value": 1200,
                        "clue": "Cate Blanchett, Alec Baldwin & Andrew Dice Clay were all in this 2013 Woody Allen movie",
                        "solution": "What is Blue Jasmine"
                    },
                    {
                        "value": 1600,
                        "clue": "Here's a mystery... how is it possible Pauley Perrette—forensic scientist Abby Sciuto on this CBS drama—is 44 years old?",
                        "solution": "What is NCIS"
                    }
                ]
            },
            {
                "category": "PEAS ON EARTH",
                "clues": [
                    {
                        "value": 400,
                        "clue": "Like peanuts, peas are this type of fruit of the family Fabaceae",
                        "solution": "What is legumes"
                    },
                    {
                        "value": 800,
                        "clue": "This \"chilly\" name of an Asian pea popular for its flat, edible pod is common in stir-fry cooking",
                        "solution": "What is a snow pea"
                    },
                    {
                        "value": 1200,
                        "clue": "Le Sueur peas go into the cans of this big guy's brand, formerly the Minnesota Valley Canning Company",
                        "solution": "What is Jolly Green Giant"
                    },
                    {
                        "value": 1600,
                        "clue": "You can boll a pea farmer over by telling him his crops are infested with Bruchus pisorum, the pea this",
                        "solution": "What is a weevil"
                    },
                    {
                        "value": 2000,
                        "clue": "Popular in the South, the cowpea, or China bean, is also known by this \"colorful\" name",
                        "solution": "What is a black-eyed pea"
                    }
                ]
            }
        ],
        "final": {
            "category": "SINGERS",
            "clue": "The only solo artist to have 5 Billboard No. 1 albums before the age of 19",
            "solution": "What is Justin Bieber"
        }
    }
}