{
    "game": {
        "single": [
            {
                "category": "THE STATUE OF LIBERTY",
                "clues": [
                    {
                        "value": 200,
                        "clue": "The color of the statue comes from oxidation of this metal; the museum has a model of the foot, in its original color",
                        "solution": "What is copper"
                    },
                    {
                        "value": 400,
                        "clue": "Broken chains lie at the statue's feet; an early plan had her hold broken shackles in her left hand as an homage to this practice's end",
                        "solution": "What is slavery"
                    },
                    {
                        "value": 600,
                        "clue": "In 1916 operatives of this nation exploded the Black Tom munitions depot; the nearby statue was hit & public torch access ended",
                        "solution": "What is Germany"
                    },
                    {
                        "value": 800,
                        "clue": "The statue's internal flexible skeletal system was designed by this Frenchman, known for his iron work",
                        "solution": "What is Gustave Eiffel"
                    },
                    {
                        "value": 1000,
                        "clue": "At the 1886 dedication, this president spoke of the statue \"keeping watch & ward before the open gates of America\"",
                        "solution": "What is Cleveland"
                    }
                ]
            },
            {
                "category": "YOU'RE GONNA NEED A BIGGER BOWL",
                "clues": [
                    {
                        "value": 200,
                        "clue": "This word for a thick seafood soup, maybe with clams, comes from French for \"cauldron\"",
                        "solution": "What is chowder"
                    },
                    {
                        "value": 400,
                        "clue": "A bigger bowl of the ice cream whose name is a dairy product & a nut? Yes, please",
                        "solution": "What is butter pecan"
                    },
                    {
                        "value": 600,
                        "clue": "This Kellogg's cereal debuted in 1952 with 4 mascots: Katy the Kangaroo, Elmo the Elephant, Newt the Gnu & one more who took over",
                        "solution": "What is Frosted Flakes"
                    },
                    {
                        "value": 800,
                        "clue": "Lamb, carrots & potatoes go into the traditional version of this \"national\" dish; a beef version often adds a little Guinness",
                        "solution": "What is Irish stew"
                    },
                    {
                        "value": 1000,
                        "clue": "This Hawaiian raw fish dish is often served in bowls over a bed of rice",
                        "solution": "What is poke"
                    }
                ]
            },
            {
                "category": "BRITISH TO AMERICAN LANGUAGE TRANSLATOR",
                "clues": [
                    {
                        "value": 200,
                        "clue": "A big dipper is more than a cluster of stars, it's also one of these amusement park attractions",
                        "solution": "What is a roller coaster"
                    },
                    {
                        "value": 400,
                        "clue": "In the U.K., this part of your Rolls-Royce is called a mudguard",
                        "solution": "What is the fender"
                    },
                    {
                        "value": 600,
                        "clue": "In Britain, a caravan behind your car isn't a line of vehicles, but just this one, & some pensioners choose to live in one",
                        "solution": "What is a trailer"
                    },
                    {
                        "value": 800,
                        "clue": "On hot summer days in London, you'll welcome an ice lolly, or what we call this treat",
                        "solution": "What is a Popsicle"
                    },
                    {
                        "value": 1000,
                        "clue": "A child's catapult may sound like an ancient war machine, but it's just one of these implements for flinging small projectiles",
                        "solution": "What is a slingshot"
                    }
                ]
            },
            {
                "category": "FANTASY SPORTS",
                "clues": [
                    {
                        "value": 200,
                        "clue": "Ginny Weasley had a brilliant career in this sport, joining the Holyhead Harpies",
                        "solution": "What is Quidditch"
                    },
                    {
                        "value": 400,
                        "clue": "On \"The Office\" Flonkerton is predictably played by racing with boxes of this product strapped to your feet",
                        "solution": "What is paper"
                    },
                    {
                        "value": 600,
                        "clue": "Katniss & Peeta are about to eat poisonous berries when they learn they can't both win this, but they get a reprieve",
                        "solution": "What is the Hunger Games"
                    },
                    {
                        "value": 800,
                        "clue": "The only rule in the game of Calvinball, seen in a comic strip by him, is that it can't be played the same way twice",
                        "solution": "What is (Bill) Watterson"
                    },
                    {
                        "value": 1000,
                        "clue": "This author says in \"Sirens of Titan\" that the children of Mars \"spent most of their time playing German batball\"",
                        "solution": "What is Kurt Vonnegut"
                    }
                ]
            },
            {
                "category": "I LED WHAT CABINET DEPARTMENT?",
                "clues": [
                    {
                        "value": 200,
                        "clue": "To put it diplomatically, Condoleezza Rice",
                        "solution": "What is State"
                    },
                    {
                        "value": 400,
                        "clue": "Alexander Hamilton; now say the phrase that pays!",
                        "solution": "What is Treasury"
                    },
                    {
                        "value": 600,
                        "clue": "William Willard Wirtz won workers' well-wishes",
                        "solution": "What is Labor"
                    },
                    {
                        "value": 800,
                        "clue": "Janet Napolitano, who as president of the University of California later sued this department over its treatment of \"dreamers\"",
                        "solution": "What is Homeland Security"
                    },
                    {
                        "value": 1000,
                        "clue": "George Dern, doing good work on preparedness in the 1930s in a job that no longer exists",
                        "solution": "What is Secretary of War"
                    }
                ]
            },
            {
                "category": "NUMBER \"ONE\" MOVIE",
                "clues": [
                    {
                        "value": 200,
                        "clue": "\"A Star Wars Story\" is the subtitle of this 2016 release",
                        "solution": "What is Rogue One"
                    },
                    {
                        "value": 400,
                        "clue": "This animated Disney \"tail\" was first released in 1961",
                        "solution": "What is One Hundred and One Dalmatians"
                    },
                    {
                        "value": 600,
                        "clue": "\"Get off my plane\", says an irate Harrison Ford to a soon-to-be-ejected hijacker in this 1997 thriller",
                        "solution": "What is Air Force One"
                    },
                    {
                        "value": 800,
                        "clue": "Steven Spielberg directed this 2018 movie about the hunt for an \"Easter egg\" in a virtual reality called OASIS",
                        "solution": "What is Ready Player One"
                    },
                    {
                        "value": 1000,
                        "clue": "Clark Gable won his only Oscar for this 1934 comedy",
                        "solution": "What is It Happened One Night"
                    }
                ]
            }
        ],
        "double": [
            {
                "category": "WHAT A BUNCH OF CARICATURES!",
                "clues": [
                    {
                        "value": 400,
                        "clue": "It's not Tarzan the Ape Man, but this Brit, depicted in a satirical magazine in 1871",
                        "solution": "What is Darwin"
                    },
                    {
                        "value": 800,
                        "clue": "Here's this chairman not of the board, who's perhaps applauding himself",
                        "solution": "What is Mao"
                    },
                    {
                        "value": 1200,
                        "clue": "He's the Polish-born composer tickling the ivories",
                        "solution": "What is Chopin"
                    },
                    {
                        "value": 1600,
                        "clue": "Hat's off to this playwright sometimes called \"The Father of Modern Drama\"",
                        "solution": "What is Ibsen"
                    }
                ]
            },
            {
                "category": "THE BIBLE",
                "clues": [
                    {
                        "value": 400,
                        "clue": "The fifth commandment tells us to honor this duo: Nebat & Zeruah for King Jeroboam",
                        "solution": "What is your mother & your father"
                    },
                    {
                        "value": 800,
                        "clue": "The First Book of Samuel recounts the encounter between these 2, big Philistine & smaller Israelite, in the valley of Elah",
                        "solution": "What is David & Goliath"
                    },
                    {
                        "value": 1200,
                        "clue": "While Moses was up on Mount Sinai, Aaron crafted this using earrings, angering the Lord",
                        "solution": "What is a golden calf"
                    },
                    {
                        "value": 1600,
                        "clue": "After the Last Supper, Jesus traveled to this garden to pray & was arrested there",
                        "solution": "What is Gethsemane"
                    },
                    {
                        "value": 2000,
                        "clue": "St. Paul declares himself to be from the tribe named for this younger son of Rachel & Jacob",
                        "solution": "What is Benjamin"
                    }
                ]
            },
            {
                "category": "FIGURES OF SPEECH",
                "clues": [
                    {
                        "value": 400,
                        "clue": "It's a combination of 2 contradictory terms used together, like \"sweet sorrow\"",
                        "solution": "What is oxymoron"
                    },
                    {
                        "value": 800,
                        "clue": "Saying you'll avoid me like the plague is a bit of this French-derived word for an overused phrase, don't you think, darling?",
                        "solution": "What is cliché"
                    },
                    {
                        "value": 1200,
                        "clue": "Saying \"That went well\" after a disaster is an example of the verbal type of this",
                        "solution": "What is irony"
                    },
                    {
                        "value": 1600,
                        "clue": "An example of this, also called meiosis, is Kathy Bates' line as the Titanic sinks, \"Now there's something you don't see every day\"",
                        "solution": "What is understatement"
                    },
                    {
                        "value": 2000,
                        "clue": "When a part is used to represent a whole, it's this figure of speech, as in \"all hands on deck\"",
                        "solution": "What is synecdoche"
                    }
                ]
            },
            {
                "category": "WE QUOTE MR. Ts",
                "clues": [
                    {
                        "value": 400,
                        "clue": "Alan Turing, who could do this pretty well, wrote in 1950, \"I propose to consider the question, 'can machines\"' do this?",
                        "solution": "What is think"
                    },
                    {
                        "value": 800,
                        "clue": "Who's the boss? In 1871 in NYC, it was certainly him: \"As long as I count the votes, what are you going to do about it?\"",
                        "solution": "What is Boss Tweed"
                    },
                    {
                        "value": 1200,
                        "clue": "Harry Truman said this man's \"Plan\" \"will go down in history as one of America's greatest contributions to the peace of the world\"",
                        "solution": "What is Marshall"
                    },
                    {
                        "value": 1600,
                        "clue": "\"These lands are ours. No one has a right to remove us, because we were the first owners\", said this Shawnee rival of Wm. H. Harrison",
                        "solution": "What is Tecumseh"
                    },
                    {
                        "value": 2000,
                        "clue": "In \"Democracy in America\", he wrote that in the U.S., \"everything is in constant motion & every change seems an improvement\"",
                        "solution": "What is Tocqueville"
                    }
                ]
            },
            {
                "category": "ISLANDS OF THE FAR NORTH",
                "clues": [
                    {
                        "value": 400,
                        "clue": "Like Antarctica, this vastest island is capped by an ice sheet; it has an average thickness of about 5,000 feet",
                        "solution": "What is Greenland"
                    },
                    {
                        "value": 800,
                        "clue": "A Russian lieutenant gave this island southeast of Anchorage its name because its outline resembled an Inuit canoe",
                        "solution": "What is Kayak Island"
                    },
                    {
                        "value": 1200,
                        "clue": "Spitsbergen Island in Norway's Svalbard archipelago is known for its great views of this luminous atmospheric display",
                        "solution": "What is the northern lights"
                    },
                    {
                        "value": 1600,
                        "clue": "The High Arctic is home to October Revolution Island & this island, named for the party that seized power during that time",
                        "solution": "What is Bolshevik (Island)"
                    },
                    {
                        "value": 2000,
                        "clue": "Canada's northernmost point, Cape Columbia is on Ellesmere Island, part of this vast territory created in 1999",
                        "solution": "What is Nunavut"
                    }
                ]
            },
            {
                "category": "I LIKE AMERICAN MUSIC",
                "clues": [
                    {
                        "value": 400,
                        "clue": "The 11 songs on \"Ten\" by this Seattle band include \"Even Flow\" & \"Jeremy\"",
                        "solution": "What is Pearl Jam"
                    },
                    {
                        "value": 800,
                        "clue": "Chronicled in the miniseries \"George and Tammy\" the complex relationship of him & Tammy Wynette produced some country classics",
                        "solution": "What is George Jones"
                    },
                    {
                        "value": 1200,
                        "clue": "This southern city is a hip-hop mecca & one of its temples is Lenox Square Mall, where the OutKast rappers met",
                        "solution": "What is Atlanta"
                    },
                    {
                        "value": 1600,
                        "clue": "\"Whole Lotta Shakin' Goin' On\" propelled this rock 'n' roll legend to stardom in 1957",
                        "solution": "What is Jerry Lee Lewis"
                    },
                    {
                        "value": 2000,
                        "clue": "An ad in the Village Voice brought drummer Clem Burke into this band he's been playing with since the '70s",
                        "solution": "What is Blondie"
                    }
                ]
            }
        ],
        "final": {
            "category": "CHEMICAL NAMES",
            "clue": "The name of this pungent gaseous compound is ultimately derived from the top god of the ancient Egyptians",
            "solution": "What is ammonia"
        }
    }
}