{
    "game": {
        "single": [
            {
                "category": "SATURDAY NIGHT LIVE PEOPLE",
                "clues": [
                    {
                        "value": 200,
                        "clue": "This actress & bestselling author was the first female head writer of the show",
                        "solution": "What is (Tina) Fey"
                    },
                    {
                        "value": 400,
                        "clue": "Yes, this \"Weekend Update\" co-anchor is named for the revolutionary",
                        "solution": "What is Che"
                    },
                    {
                        "value": 600,
                        "clue": "\"The ears aren't quite as big\", said President Obama of this SNLer who regularly portrayed him",
                        "solution": "What is Fred Armisen"
                    },
                    {
                        "value": 800,
                        "clue": "Back in 1975 this late comedian hosted the very first \"Saturday Night Live\"",
                        "solution": "What is (George) Carlin"
                    },
                    {
                        "value": 1000,
                        "clue": "Her character Mary Catherine Gallagher was based on her own Catholic school experience",
                        "solution": "What is Molly Shannon"
                    }
                ]
            },
            {
                "category": "COMPOUND WORDS",
                "clues": [
                    {
                        "value": 200,
                        "clue": "Here's an old-fashioned pair of these for a winter activity",
                        "solution": "What is snowshoes"
                    },
                    {
                        "value": 400,
                        "clue": "\"60 Minutes\" watchers are familiar with this object",
                        "solution": "What is a stopwatch"
                    },
                    {
                        "value": 600,
                        "clue": "This \"Wizard of Oz\" character says the only thing he's afraid of is \"a lighted match\"",
                        "solution": "What is the Scarecrow"
                    },
                    {
                        "value": 800,
                        "clue": "A technique of NFL bettors is to put money on these when they're playing at home & they'll \"bark\" for you",
                        "solution": "What is underdogs"
                    },
                    {
                        "value": 1000,
                        "clue": "A wonder of the world gave us the word pharos, meaning one of these",
                        "solution": "What is lighthouse"
                    }
                ]
            },
            {
                "category": "30 SOMETHING",
                "clues": [
                    {
                        "value": 200,
                        "clue": "In the Gospels, Judas Iscariot receives this payoff for betraying Jesus",
                        "solution": "What is 30 pieces of silver"
                    },
                    {
                        "value": 400,
                        "clue": "To save gas during World War II, a national 35 mph standard was dubbed this \"speed limit\", like \"gardens\" of the day",
                        "solution": "What is victory"
                    },
                    {
                        "value": 600,
                        "clue": "The Houston Astros & Texas Rangers have both retired the No. 34 jersey of this pitching \"Express\"",
                        "solution": "What is (Nolan) Ryan"
                    },
                    {
                        "value": 800,
                        "clue": "There are this many months of the year with 31 days",
                        "solution": "What is 7"
                    },
                    {
                        "value": 1000,
                        "clue": "Sir John Buchan wrote this spy novel that Hitchcock made into a big screen thriller",
                        "solution": "What is 39 Steps"
                    }
                ]
            },
            {
                "category": "CHARACTER DEVELOPMENT",
                "clues": [
                    {
                        "value": 200,
                        "clue": "In an 1843 story, paranormal activity around the holidays convinces this business owner to stop making his employee's life hell",
                        "solution": "What is (Ebenezer) Scrooge"
                    },
                    {
                        "value": 400,
                        "clue": "Not actually much development for this man who plots revenge against the Earnshaws, can't get past Cathy's death & also dies",
                        "solution": "What is Heathcliff"
                    },
                    {
                        "value": 600,
                        "clue": "In book titles, his development saw him get \"Rich\" in 1981 & be \"at Rest\" 9 years later",
                        "solution": "What is Rabbit"
                    },
                    {
                        "value": 800,
                        "clue": "He gets a new job with a Mancha, Mancha man who promises future land ownership, but things don't exactly work out",
                        "solution": "What is Sancho Panza"
                    },
                    {
                        "value": 1000,
                        "clue": "He tinkers with history at the Ministry of Truth, gets a girlfriend & has a very bad year",
                        "solution": "What is Winston Smith"
                    }
                ]
            },
            {
                "category": "\"EZ\" GEOGRAPHY",
                "clues": [
                    {
                        "value": 200,
                        "clue": "An arm of the Red Sea, this gulf bears the name of the canal it feeds into",
                        "solution": "What is Suez"
                    },
                    {
                        "value": 400,
                        "clue": "El Paso, Texas sits just opposite this Mexican city on the Rio Grande",
                        "solution": "What is Juárez"
                    },
                    {
                        "value": 600,
                        "clue": "This city on the Lower Mississippi takes its name from a Native American people who once lived there",
                        "solution": "What is Natchez"
                    },
                    {
                        "value": 800,
                        "clue": "Brigitte Bardot & the filming of \"And God Created Woman\" made this \"saint\"ly French Riviera town an international destination",
                        "solution": "What is Saint-Tropez"
                    },
                    {
                        "value": 1000,
                        "clue": "This river flows for more than 1,700 miles east across Africa, emptying into the Mozambique Channel",
                        "solution": "What is Zambezi"
                    }
                ]
            }
        ],
        "double": [
            {
                "category": "SCENE HERE",
                "clues": [
                    {
                        "value": 400,
                        "clue": "In \"The Devil Wears Prada\", this actress inquires, \"Is there some reason that my coffee isn't here? Has she died or something?\"",
                        "solution": "What is Streep"
                    },
                    {
                        "value": 1200,
                        "clue": "In this movie, Marge says to a suspect in the back of a police car, \"I guess that was your accomplice in the wood chipper\"",
                        "solution": "What is Fargo"
                    },
                    {
                        "value": 1600,
                        "clue": "After a newspaper publisher loses an election in this classic, his people have no choice but to run the headline \"Fraud at polls!\"",
                        "solution": "What is Citizen Kane"
                    },
                    {
                        "value": 2000,
                        "clue": "In \"Animal House\" this college official has unfortunate midterm grade news: \"Mr. Blutarsky... zero point zero\"",
                        "solution": "What is Dean Wormer"
                    }
                ]
            },
            {
                "category": "A PRESI-DENTAL CATEGORY",
                "clues": [
                    {
                        "value": 400,
                        "clue": "On a golf trip to this Coachella Valley city, Ike chipped a tooth; a quiet dentist visit started rumors of a meeting with aliens",
                        "solution": "What is Palm Springs"
                    },
                    {
                        "value": 800,
                        "clue": "In 2001 George W. Bush began his plainspoken \"Toothpaste Diplomacy\" by saying he & this Brit \"both use Colgate\"",
                        "solution": "What is Blair"
                    },
                    {
                        "value": 1200,
                        "clue": "Gold dental plates made for this general/president & his wife Julia were stolen from their dentist's office & never recovered",
                        "solution": "What is (Ulysses S.) Grant"
                    },
                    {
                        "value": 1600,
                        "clue": "Admiral Ralph Malone served as the dentist for this president known for his smile, cigarette holder & all",
                        "solution": "What is FDR (Franklin D. Roosevelt)"
                    },
                    {
                        "value": 2000,
                        "clue": "At the 1991 look into whether this 1840s prez was poisoned, the forensic dentist said his teeth were \"better than mine\"",
                        "solution": "What is Taylor"
                    }
                ]
            },
            {
                "category": "THE EARTH",
                "clues": [
                    {
                        "value": 400,
                        "clue": "In haloclasty the weathering of a substance is caused by crystals of this",
                        "solution": "What is salt"
                    },
                    {
                        "value": 800,
                        "clue": "A cirque is a bowl-shaped hollow; there's a cirque type of this snow & ice formation",
                        "solution": "What is glacier"
                    },
                    {
                        "value": 1200,
                        "clue": "You've heard of the ones in New York, but here's another type of this body part lake on New Zealand's South Island",
                        "solution": "What is fingers (a finger lake)"
                    },
                    {
                        "value": 1600,
                        "clue": "Hack's Law defines the relationship between the length of a river & the size of this 5-letter word, the whole area it drains",
                        "solution": "What is basin"
                    }
                ]
            },
            {
                "category": "WE DID START THE FIRE",
                "clues": [
                    {
                        "value": 400,
                        "clue": "Plains Indians regularly set prairie fires to spur the growth of fresh grass that enticed herds of these animals",
                        "solution": "What is buffalo"
                    },
                    {
                        "value": 1200,
                        "clue": "Breaking with tradition, Hindu daughters are starting to light these for their deceased parents in India",
                        "solution": "What is funeral pyres"
                    },
                    {
                        "value": 1600,
                        "clue": "A fire started by an experiment in this gold-making pseudoscience destroyed a Weimar castle in 1618",
                        "solution": "What is alchemy"
                    },
                    {
                        "value": 2000,
                        "clue": "On Feb. 7, 1497 Florentines burned objects said to be distractions from religious duty—an event known as this",
                        "solution": "What is Bonfire of the Vanities"
                    }
                ]
            },
            {
                "category": "U.S. FRANCHISES",
                "clues": [
                    {
                        "value": 400,
                        "clue": "\"Oh thank heaven for\" this chain of convenience stores & for its Slurpees",
                        "solution": "What is 7-Eleven"
                    },
                    {
                        "value": 800,
                        "clue": "Completes the name of the business started in 2009 after the founder cracked his cell phone screen: uBreak...",
                        "solution": "What is uBreakiFix"
                    },
                    {
                        "value": 1200,
                        "clue": "A red, white & blue hot air balloon is the logo of this real estate franchise that opened its first office in 1973",
                        "solution": "What is RE/MAX"
                    },
                    {
                        "value": 1600,
                        "clue": "At its 2,000+ locations, this \"worldly\" chain makes its gym users feel welcome with its \"Judgement Free Zone\"",
                        "solution": "What is Planet Fitness"
                    },
                    {
                        "value": 2000,
                        "clue": "This specialty comes between \"Nothing\" & \"Cakes\" in the punning name of a franchisee",
                        "solution": "What is Bundt"
                    }
                ]
            },
            {
                "category": "SAY IT IN LATIN",
                "clues": [
                    {
                        "value": 400,
                        "clue": "It does not follow",
                        "solution": "What is non sequitur"
                    },
                    {
                        "value": 800,
                        "clue": "Great work",
                        "solution": "What is magnum opus"
                    },
                    {
                        "value": 1200,
                        "clue": "Makes a good motto: always faithful",
                        "solution": "What is semper fidelis"
                    },
                    {
                        "value": 1600,
                        "clue": "There is truth in wine",
                        "solution": "What is in vino, veritas"
                    },
                    {
                        "value": 2000,
                        "clue": "Love conquers all things",
                        "solution": "What is amor omnia vincit"
                    }
                ]
            }
        ],
        "final": {
            "category": "WINTER OLYMPIC SPORTS",
            "clue": "The official Olympic website says this event \"has its roots in survival skills\" practiced in the snowy forests of Scandinavia",
            "solution": "What is biathlon"
        }
    }
}