{
    "game": {
        "single": [
            {
                "category": "KENTUCKY",
                "clues": [
                    {
                        "value": 100,
                        "clue": "Physical feature of Kentucky's northern bulge that gave the state its nickname",
                        "solution": "What is Bluegrass"
                    },
                    {
                        "value": 200,
                        "clue": "Among his 4 Top 40 hits in 1967 was \"Kentucky Woman\"",
                        "solution": "What is Neil Diamond"
                    },
                    {
                        "value": 300,
                        "clue": "This city named for a French king goes back to one founded by George Rogers Clark in 1778",
                        "solution": "What is Louisville"
                    },
                    {
                        "value": 400,
                        "clue": "Lexington is home to the International Museum of this animal",
                        "solution": "What is Horse"
                    },
                    {
                        "value": 500,
                        "clue": "Over 350 miles of this national park's underground passages have been mapped",
                        "solution": "What is Mammoth Cave"
                    }
                ]
            },
            {
                "category": "NAME'S THE SAME",
                "clues": [
                    {
                        "value": 100,
                        "clue": "Flagg, Farmer",
                        "solution": "What is Fannie"
                    },
                    {
                        "value": 200,
                        "clue": "Tillis, Torme",
                        "solution": "What is Mel"
                    },
                    {
                        "value": 300,
                        "clue": "Landon, Learned",
                        "solution": "What is Michael"
                    },
                    {
                        "value": 400,
                        "clue": "Patric, Priestley",
                        "solution": "What is Jason"
                    },
                    {
                        "value": 500,
                        "clue": "James, Springfield",
                        "solution": "What is Rick"
                    }
                ]
            },
            {
                "category": "ARCHAEOLOGY",
                "clues": [
                    {
                        "value": 100,
                        "clue": "Lennart von Post first counted grains of this from plants to reconstruct past vegetation",
                        "solution": "What is Pollen"
                    },
                    {
                        "value": 300,
                        "clue": "Meal sites of the Anasazi people have led to the controversial theory that they engaged in this horrific practice",
                        "solution": "What is cannibalism"
                    },
                    {
                        "value": 400,
                        "clue": "In 1998 the world's oldest church was found in Jordan & the oldest of these, 300 years older, near Jericho",
                        "solution": "What is Synagogue"
                    },
                    {
                        "value": 500,
                        "clue": "In 1999 this university in Chapel Hill returned excavated human remains to the Cherokee nation",
                        "solution": "What is North Carolina"
                    }
                ]
            },
            {
                "category": "BEATLES LYRICS",
                "clues": [
                    {
                        "value": 100,
                        "clue": "\"Na na na na-na-na-na, na-na-na-na...\"",
                        "solution": "What is \"Hey Jude\""
                    },
                    {
                        "value": 200,
                        "clue": "\"All the lonely people, where do they all belong?\"",
                        "solution": "What is \"Eleanor Rigby\""
                    },
                    {
                        "value": 300,
                        "clue": "\"Dear Sir or Madam, will you read my book\"",
                        "solution": "What is \"Paperback Writer\""
                    },
                    {
                        "value": 400,
                        "clue": "\"Children at your feet, wonder how you manage to make ends meet\"",
                        "solution": "What is \"Lady Madonna\""
                    },
                    {
                        "value": 500,
                        "clue": "\"There beneath the blue suburban skies\"",
                        "solution": "What is \"Penny Lane\""
                    }
                ]
            },
            {
                "category": "TOOTHPASTE TALK",
                "clues": [
                    {
                        "value": 100,
                        "clue": "Brand some folks have used since they were just one in their father's eye",
                        "solution": "What is Gleem"
                    },
                    {
                        "value": 200,
                        "clue": "We can guess what's the most popular toothpaste among students at this Hamilton, N.Y. university",
                        "solution": "What is Colgate"
                    },
                    {
                        "value": 300,
                        "clue": "It's the toothpaste Norma Desmond is ready for",
                        "solution": "What is Close-Up"
                    },
                    {
                        "value": 400,
                        "clue": "What you have to do to shoot that tube on the top shelf of the medicine cabinet",
                        "solution": "What is Aim"
                    },
                    {
                        "value": 500,
                        "clue": "Sounds like just the brand to use in a Los Angeles art museum named for the CEO of Occidental Petroleum",
                        "solution": "What is Arm & Hammer (for Armand Hammer)"
                    }
                ]
            },
            {
                "category": "THE \"FIRST\"",
                "clues": [
                    {
                        "value": 100,
                        "clue": "It's where you've gotten if you've drawn a walk or kissed a girl",
                        "solution": "What is first base"
                    },
                    {
                        "value": 300,
                        "clue": "Enrollment in the National Archives & Records Administration's Modern Archives Institute is on this basis — hurry!",
                        "solution": "What is first come, first serve"
                    }
                ]
            }
        ],
        "double": [
            {
                "category": "HISTORICAL NOVELS",
                "clues": [
                    {
                        "value": 200,
                        "clue": "The 1875 novel \"Honest John Vane\" satirizes the administration of this general-turned-president",
                        "solution": "What is Ulysses S. Grant"
                    },
                    {
                        "value": 400,
                        "clue": "\"Dred: A Tale of the Great Dismal Swamp\" was her second anti-slavery novel",
                        "solution": "What is Harriet Beecher Stowe"
                    },
                    {
                        "value": 600,
                        "clue": "King Louis XI of France is a major character in this Scotsman's 1823 novel \"Quentin Durward\"",
                        "solution": "What is Sir Walter Scott"
                    },
                    {
                        "value": 800,
                        "clue": "The hero of this \"Vanity Fair\" author's \"History of Henry Esmond\" fights in the War of the Spanish Succession",
                        "solution": "What is William Makepeace Thackeray"
                    },
                    {
                        "value": 1000,
                        "clue": "He wrote \"The Fair God\", a novel about the Spanish conquest of Mexico, 7 years before \"Ben-Hur\"",
                        "solution": "What is Lew Wallace"
                    }
                ]
            },
            {
                "category": "A.A.",
                "clues": [
                    {
                        "value": 200,
                        "clue": "This tennis player published 1988's \"A Hard Road to Glory\", a 3-volume history of African-American athletes",
                        "solution": "What is Arthur Ashe"
                    },
                    {
                        "value": 600,
                        "clue": "Fred's sister, she was his dancing partner before Ginger Rogers",
                        "solution": "What is Adele Astaire"
                    },
                    {
                        "value": 1000,
                        "clue": "He's the highest-ranking U.S. intelligence official ever arrested for spying",
                        "solution": "What is Aldrich Ames"
                    }
                ]
            },
            {
                "category": "PHYSICS",
                "clues": [
                    {
                        "value": 200,
                        "clue": "The point around which a body's weight is evenly balanced is called its center of mass or of this",
                        "solution": "What is Gravity"
                    },
                    {
                        "value": 400,
                        "clue": "It's defined as a narrow beam of energy, or as a drop of golden sun",
                        "solution": "What is Ray"
                    },
                    {
                        "value": 600,
                        "clue": "Max Planck gave this name to the smallest amount of energy that can be emitted as electromagnetic radiation",
                        "solution": "What is Quantum"
                    },
                    {
                        "value": 800,
                        "clue": "Archimedes' Principle is part of hydrostatics, the study of this at rest",
                        "solution": "What is Water/fluid"
                    }
                ]
            },
            {
                "category": "THE SILVER SCREEN",
                "clues": [
                    {
                        "value": 200,
                        "clue": "In this film Marlon Brando tells Rod Steiger, \"You don't understand. I could've had class. I could've been a contender\"",
                        "solution": "What is On the Waterfront"
                    },
                    {
                        "value": 400,
                        "clue": "She made her English-speaking debut in \"Intermezzo\", a 1939 film she had made in Swedish 3 years earlier",
                        "solution": "What is Ingrid Bergman"
                    },
                    {
                        "value": 600,
                        "clue": "In \"The Adventures of Rocky and Bullwinkle\", he plays Fearless Leader, would-be conqueror of the world",
                        "solution": "What is Robert De Niro"
                    },
                    {
                        "value": 800,
                        "clue": "(Here comes film critic Roger Ebert) \"This film ennobles filmmaking\" is what I wrote of this death row drama starring Susan Sarandon",
                        "solution": "What is Dead Man Walking"
                    },
                    {
                        "value": 1000,
                        "clue": "Leonard Maltin calls this 1987 Warren Beatty-Dustin Hoffman farce the \"'Heaven's Gate' of movie comedies\"",
                        "solution": "What is Ishtar"
                    }
                ]
            },
            {
                "category": "TEAM PLAYERS",
                "clues": [
                    {
                        "value": 200,
                        "clue": "A young reporter on the Tribune or the Sun-Times",
                        "solution": "What is Chicago Cub"
                    },
                    {
                        "value": 400,
                        "clue": "Someone filling his suitcase to get out of Wisconsin",
                        "solution": "What is Green Bay Packer"
                    },
                    {
                        "value": 600,
                        "clue": "One who goes wild with a credit card at California's Horton Plaza",
                        "solution": "What is San Diego Charger"
                    },
                    {
                        "value": 800,
                        "clue": "A Georgia native who wants war",
                        "solution": "What is Atlanta Hawk"
                    },
                    {
                        "value": 1000,
                        "clue": "A tandoori chef imported to the shores of Lake Erie",
                        "solution": "What is Cleveland Indian"
                    }
                ]
            },
            {
                "category": "THE SECOND",
                "clues": [
                    {
                        "value": 200,
                        "clue": "This began in 18th C. Britain; the 19th C. U.S. manufacturing boom is sometimes called the second one",
                        "solution": "What is Industrial Revolution"
                    },
                    {
                        "value": 400,
                        "clue": "Union general John Pope proved very fallible at the second battle of this in August 1862",
                        "solution": "What is Bull Run/Manassas"
                    },
                    {
                        "value": 600,
                        "clue": "Vaishali, India was the site of the Second Council of this faith, held after the founder's death",
                        "solution": "What is Buddhism"
                    },
                    {
                        "value": 800,
                        "clue": "In 1852 Napoleon III established France's second (& last) of these",
                        "solution": "What is Empire"
                    },
                    {
                        "value": 1000,
                        "clue": "The 1790s was the decade to rise & shine for the second of these \"Great\" religious revivals",
                        "solution": "What is Great Awakening"
                    }
                ]
            }
        ],
        "final": {
            "category": "POLITICIANS",
            "clue": "In 1928 this oilman served as chairman of the Republican State Central Committee of Kansas",
            "solution": "What is Alf Landon"
        }
    }
}