{
    "game": {
        "single": [
            {
                "category": "INAUGURAL ADDRESSES",
                "clues": [
                    {
                        "value": 200,
                        "clue": "In his 1789 address he stated that he didn't believe he should be paid for becoming president",
                        "solution": "What is George Washington"
                    },
                    {
                        "value": 400,
                        "clue": "He thanked Al Gore \"for a contest conducted with spirit and ended with grace\"",
                        "solution": "What is George W. Bush"
                    },
                    {
                        "value": 600,
                        "clue": "He said, \"The country having just emerged from a great rebellion, many questions will come before it for settlement\"",
                        "solution": "What is Ulysses S. Grant"
                    },
                    {
                        "value": 800,
                        "clue": "In his March 4, 1825 address he mentioned our forefathers but never mentioned his own father, a former president",
                        "solution": "What is John Quincy Adams"
                    },
                    {
                        "value": 1000,
                        "clue": "Polk declared, \"Our title to\" this western territory \"is 'clear and unquestionable'\"",
                        "solution": "What is Oregon Territory"
                    }
                ]
            },
            {
                "category": "ROCKIN' STUPID ANSWERS",
                "clues": [
                    {
                        "value": 200,
                        "clue": "It's the band that had a hit with \"Up on Cripple Creek\"",
                        "solution": "What is The Band"
                    },
                    {
                        "value": 400,
                        "clue": "It's the nickname of the Beatles album that has a stark white cover",
                        "solution": "What is \"The White Album\""
                    },
                    {
                        "value": 600,
                        "clue": "In a 1978 song, this group asked, \"Who Are You?\"",
                        "solution": "What is The Who"
                    },
                    {
                        "value": 800,
                        "clue": "A song by this group says, \"Everybody have fun tonight, everybody Wang Chung tonight\"",
                        "solution": "What is Wang Chung"
                    },
                    {
                        "value": 1000,
                        "clue": "This double album by Kiss was certified platinum",
                        "solution": "What is Double Platinum"
                    }
                ]
            },
            {
                "category": "ALSO AN AUTO",
                "clues": [
                    {
                        "value": 200,
                        "clue": "This Kate Mulgrew \"Star Trek\" show would've been very different if the crew traveled around space in the Chrysler van",
                        "solution": "What is Star Trek: Voyager"
                    },
                    {
                        "value": 400,
                        "clue": "It won't tax you much to take a gamble & name this Riviera city 9 miles from Nice, France",
                        "solution": "What is Monte Carlo"
                    },
                    {
                        "value": 600,
                        "clue": "One might think that this make of Ford runs best from April 20 to May 20",
                        "solution": "What is Taurus"
                    },
                    {
                        "value": 800,
                        "clue": "Once living near the Great Lakes but defeated by the Iroquois, this tribe moved to the Southeast (but not in Jeeps)",
                        "solution": "What is Cherokee"
                    },
                    {
                        "value": 1000,
                        "clue": "It orbits the Sun at a mean distance of about 888 million miles, though we're not sure what kind of mpg it gets",
                        "solution": "What is Saturn"
                    }
                ]
            },
            {
                "category": "A TRIP TO MARS",
                "clues": [
                    {
                        "value": 200,
                        "clue": "Like rust, Mars gets its reddish color from oxides of this element",
                        "solution": "What is Iron"
                    },
                    {
                        "value": 400,
                        "clue": "\"Once upon a time there was a Martian named Valentine Michael Smith\", begins this Heinlein work",
                        "solution": "What is Stranger in a Strange Land"
                    },
                    {
                        "value": 600,
                        "clue": "Arnold arduously activates an ancient atmosphere appliance in this 1990 Martian big screen adventure",
                        "solution": "What is Total Recall"
                    }
                ]
            },
            {
                "category": "YES SIR, THAT'S MY BAY",
                "clues": [
                    {
                        "value": 200,
                        "clue": "The Potomac",
                        "solution": "What is Chesapeake Bay"
                    },
                    {
                        "value": 400,
                        "clue": "The Ganges",
                        "solution": "What is Bay of Bengal"
                    },
                    {
                        "value": 600,
                        "clue": "The Loire River in France",
                        "solution": "What is Bay of Biscay"
                    },
                    {
                        "value": 800,
                        "clue": "The Trinity River in Texas",
                        "solution": "What is Galveston Bay"
                    },
                    {
                        "value": 1000,
                        "clue": "The Cooks & Georges Rivers in Australia",
                        "solution": "What is Botany Bay"
                    }
                ]
            },
            {
                "category": "\"B\"",
                "clues": [
                    {
                        "value": 200,
                        "clue": "Let's hear it for this capital of Idaho",
                        "solution": "What is Boise"
                    },
                    {
                        "value": 400,
                        "clue": "\"Streetwise\" nickname of the Super Bowl III MVP",
                        "solution": "What is \"Broadway Joe\" Namath"
                    },
                    {
                        "value": 600,
                        "clue": "Appropriately, the stock ticker symbol for Sotheby's is this 3-letter word",
                        "solution": "What is BID"
                    },
                    {
                        "value": 800,
                        "clue": "Oh, you can call it Istanbul, or you can call it Constantinople, or you can call it this",
                        "solution": "What is Byzantium"
                    },
                    {
                        "value": 1000,
                        "clue": "A carillon is a set of 23 or more of these",
                        "solution": "What is Bells"
                    }
                ]
            }
        ],
        "double": [
            {
                "category": "CHINESE DYNASTIES",
                "clues": [
                    {
                        "value": 400,
                        "clue": "The Sui dynasty refortified this major construction project mainly built under the Ch'ins",
                        "solution": "What is Great Wall of China"
                    },
                    {
                        "value": 800,
                        "clue": "(Alex reads the clue in a Southern drawl.) Li Po & Tu Fu did their own thang, & wrote a bunch of these works in the dynasty T'ang",
                        "solution": "What is Poems"
                    },
                    {
                        "value": 1200,
                        "clue": "The Chinese one of these dates back to the Shang Dynasty & it accounted for the phases of the Moon",
                        "solution": "What is a calendar"
                    }
                ]
            },
            {
                "category": "NICKNAMES",
                "clues": [
                    {
                        "value": 400,
                        "clue": "This entertainer earned the nickname \"The Handcuff King\" for his ability to escape manacles",
                        "solution": "What is Harry Houdini"
                    },
                    {
                        "value": 800,
                        "clue": "(Jimmy of the Clue Crew reports from the halls of Alcatraz.) During his term at Alcatraz, this man called \"Machine Gun\" worked as an altar boy in the prison chapel",
                        "solution": "What is \"Machine Gun\" Kelly"
                    },
                    {
                        "value": 1200,
                        "clue": "Because of his oratory style, James K. Polk was nicknamed this French leader \"of the stump\"",
                        "solution": "What is Napoleon"
                    },
                    {
                        "value": 1600,
                        "clue": "It was the \"chubby\" nickname of jazz musician Thomas Wright Waller",
                        "solution": "What is \"Fats\""
                    },
                    {
                        "value": 2000,
                        "clue": "Nicknamed \"Night Train\", in 1952 he became the first & only player in NFL history to intercept 14 passes in one season",
                        "solution": "What is Dick Lane"
                    }
                ]
            },
            {
                "category": "PLACES IN THE NEWS",
                "clues": [
                    {
                        "value": 400,
                        "clue": "In 2000 Salman Rushdie visited this, his native country, for the first time since the \"Satanic Verses\" furor",
                        "solution": "What is India"
                    },
                    {
                        "value": 800,
                        "clue": "People in this South American city were upset by a \"Simpsons\" episode showing street kids & monkeys there",
                        "solution": "What is Rio de Janeiro"
                    },
                    {
                        "value": 1200,
                        "clue": "In a landmark case, Slobodan Milosevic was arraigned on war crimes charges in this European city in 2001",
                        "solution": "What is The Hague"
                    },
                    {
                        "value": 1600,
                        "clue": "A coup against this country's president Hugo Chavez fizzled in 2002",
                        "solution": "What is Venezuela"
                    },
                    {
                        "value": 2000,
                        "clue": "On June 14, 2001 the U.S. said it would end bombing exercises on this Puerto Rican island",
                        "solution": "What is Vieques"
                    }
                ]
            },
            {
                "category": "SIX CHARACTERS IN SEARCH OF AN AUTHOR",
                "clues": [
                    {
                        "value": 400,
                        "clue": "Bilbo Baggins",
                        "solution": "What is J.R.R. Tolkien"
                    },
                    {
                        "value": 800,
                        "clue": "Captain Nemo & Phileas Fogg",
                        "solution": "What is Jules Verne"
                    },
                    {
                        "value": 1200,
                        "clue": "Pudd'nhead Wilson",
                        "solution": "What is Mark Twain"
                    },
                    {
                        "value": 1600,
                        "clue": "John Yossarian",
                        "solution": "What is Joseph Heller"
                    },
                    {
                        "value": 2000,
                        "clue": "George Smiley",
                        "solution": "What is John le Carré"
                    }
                ]
            },
            {
                "category": "BEASTLY MOVIES",
                "clues": [
                    {
                        "value": 400,
                        "clue": "1986: Paul Hogan faces the jungle of New York City",
                        "solution": "What is Crocodile Dundee"
                    },
                    {
                        "value": 800,
                        "clue": "1992: Criminals \"hound\" each other following a bungled jewel heist",
                        "solution": "What is Reservoir Dogs"
                    },
                    {
                        "value": 1200,
                        "clue": "1968: As Henry II, Peter O'Toole deliberates over who should succeed him",
                        "solution": "What is The Lion in Winter"
                    },
                    {
                        "value": 1600,
                        "clue": "1965: Jane Fonda turns from schoolteacher to outlaw",
                        "solution": "What is Cat Ballou"
                    },
                    {
                        "value": 2000,
                        "clue": "1976: Burt Reynolds as an ex-con with a personal vendetta against corrupt politicians",
                        "solution": "What is Gator"
                    }
                ]
            },
            {
                "category": "UP WORDS",
                "clues": [
                    {
                        "value": 400,
                        "clue": "In the King James Bible, Hilkiah is described as this type of priest",
                        "solution": "What is High priest"
                    },
                    {
                        "value": 1200,
                        "clue": "A type of apartment often used by artists, or the backward slant on a golf club's face",
                        "solution": "What is Loft"
                    },
                    {
                        "value": 1600,
                        "clue": "\"You're\" this, \"you're a Waldorf salad; you're\" this, \"you're a Berlin ballad\"",
                        "solution": "What is the top"
                    },
                    {
                        "value": 2000,
                        "clue": "(Sarah of the Clue Crew is pulling up a punching bag.) As a verb, it means \"to lift\"; as a noun, it's an assembly of pulleys to lift heavy objects",
                        "solution": "What is Hoist"
                    }
                ]
            }
        ],
        "final": {
            "category": "BY THE NUMBERS",
            "clue": "In the 1800s Carl Wunderlich got this number by averaging over a million readings from armpits of 25,000 patients",
            "solution": "What is 98.6 degrees"
        }
    }
}