{
    "game": {
        "single": [
            {
                "category": "SAINTS ON THE MAP",
                "clues": [
                    {
                        "value": 100,
                        "clue": "In the 19th century French choreographer Charles Didelot headed this Russian city's ballet company",
                        "solution": "What is St. Petersburg"
                    },
                    {
                        "value": 200,
                        "clue": "Eero Saarinen designed its famous arch",
                        "solution": "What is St. Louis"
                    },
                    {
                        "value": 300,
                        "clue": "This island is called St. Kitts for short",
                        "solution": "What is St. Christopher"
                    },
                    {
                        "value": 400,
                        "clue": "Careful, this dragon-slaying capital of Grenada is a possessive",
                        "solution": "What is St. George's"
                    },
                    {
                        "value": 500,
                        "clue": "In 1754 the Royal and Ancient Golf Club was founded in this burgh",
                        "solution": "What is St. Andrews"
                    }
                ]
            },
            {
                "category": "COUPLES THERAPY",
                "clues": [
                    {
                        "value": 100,
                        "clue": "One partner may have \"fear of\" this type of closeness, from Latin for \"a close friend\"",
                        "solution": "What is Intimacy"
                    },
                    {
                        "value": 200,
                        "clue": "Couples shouldn't play this, the rhyming name of an MTV show about \"When Love Goes Wrong\"",
                        "solution": "What is The Blame Game"
                    },
                    {
                        "value": 300,
                        "clue": "(Dr. Joyce Brothers speaking) This is what you're really fighting about — it's \"the root of\" most quarrels throughout marriage",
                        "solution": "What is Money"
                    },
                    {
                        "value": 400,
                        "clue": "Gordon Clanton calls it a reaction to a perceived threat to a relationship; it's also a green-eyed monster",
                        "solution": "What is Jealousy"
                    },
                    {
                        "value": 500,
                        "clue": "You may test the marital waters as what the Census Bureau calls POSSLQ, persons of the opposite sex sharing these",
                        "solution": "What is Living quarters"
                    }
                ]
            },
            {
                "category": "THE RATING GAME",
                "clues": [
                    {
                        "value": 100,
                        "clue": "This travel organization rates lodgings from 1 diamond (modest) to 5 diamonds (world class)",
                        "solution": "What is AAA"
                    },
                    {
                        "value": 200,
                        "clue": "Their heat is rated in Scoville units, with the jalapeno at about 10,000 & the habanero at about 300,000",
                        "solution": "What is Chili peppers"
                    },
                    {
                        "value": 300,
                        "clue": "The Entertainment Software Rating Board's categories include T for Teen, M for Mature & AO for this",
                        "solution": "What is Adults Only"
                    },
                    {
                        "value": 400,
                        "clue": "In 1968 this man \"& Associates\" started a company to rate car owner satisfaction",
                        "solution": "What is J.D. Power"
                    },
                    {
                        "value": 500,
                        "clue": "Since 1991 the Billboard charts have used this computerized system to track sales",
                        "solution": "What is SoundScan"
                    }
                ]
            },
            {
                "category": "METHODS OF EXECUTION",
                "clues": [
                    {
                        "value": 100,
                        "clue": "Joan of Arc, 1431",
                        "solution": "What is Burning at the stake"
                    },
                    {
                        "value": 200,
                        "clue": "Julius & Ethel Rosenberg, 1953",
                        "solution": "What is Electric chair"
                    },
                    {
                        "value": 300,
                        "clue": "Charlotte Corday, 1793",
                        "solution": "What is Guillotine"
                    },
                    {
                        "value": 400,
                        "clue": "British officer John Andre, 1780",
                        "solution": "What is Hanging"
                    },
                    {
                        "value": 500,
                        "clue": "Emperor Maximilian, 1867",
                        "solution": "What is Firing squad"
                    }
                ]
            },
            {
                "category": "PEOPLE",
                "clues": [
                    {
                        "value": 100,
                        "clue": "Her final answer?: On Feb. 29, 2000 she announced she's leaving Regis & her TV show to spread her \"creative wings\"",
                        "solution": "What is Kathie Lee Gifford"
                    },
                    {
                        "value": 200,
                        "clue": "For the November 1999 opening of his Notting Hill bookstore, owner Robie Uniacke had this actor friend clerk for a day",
                        "solution": "What is Hugh Grant"
                    },
                    {
                        "value": 300,
                        "clue": "Using a pack mule, David Jones delivers mail to Supai Village at the bottom of this landmark",
                        "solution": "What is the Grand Canyon"
                    },
                    {
                        "value": 400,
                        "clue": "(Hi, I'm Patrika Darbo of \"Days of our Lives\") In a 1994 TV movie I played this domestic goddess comedienne turned sitcom star",
                        "solution": "What is Roseanne"
                    },
                    {
                        "value": 500,
                        "clue": "This '70s diet doc returned to the weight-loss forefront with his 1999 \"New Diet Revolution\"",
                        "solution": "What is Robert Atkins"
                    }
                ]
            },
            {
                "category": "ENDS IN \"EE\"",
                "clues": [
                    {
                        "value": 100,
                        "clue": "A native New Englander, a Union soldier or Derek Jeter",
                        "solution": "What is Yankee"
                    },
                    {
                        "value": 200,
                        "clue": "Wham-O makes one of these for dogs with a softer plastic that's easy to bite into",
                        "solution": "What is Frisbee"
                    },
                    {
                        "value": 300,
                        "clue": "Traditionally, at a theatre, it's where you see the stars' names up in lights",
                        "solution": "What is Marquee"
                    },
                    {
                        "value": 400,
                        "clue": "One may be steering, standing or just plain special",
                        "solution": "What is Committee"
                    },
                    {
                        "value": 500,
                        "clue": "It's the basic monetary unit needed to dine in a Delhi-catessen",
                        "solution": "What is Rupee"
                    }
                ]
            }
        ],
        "double": [
            {
                "category": "EUROPEAN HISTORY",
                "clues": [
                    {
                        "value": 200,
                        "clue": "This \"Bloody\" 16th C. English queen made a disastrous marriage to future armada sender Philip II",
                        "solution": "What is Mary I (\"Bloody Mary\")"
                    },
                    {
                        "value": 400,
                        "clue": "The movement to reform Communist Czechoslovakia in early 1968 was known as this city's \"spring\"",
                        "solution": "What is Prague"
                    },
                    {
                        "value": 600,
                        "clue": "Enosis isn't a disease, but the historic desire of people on this 3500-square-mile island for union with Greece",
                        "solution": "What is Cyprus"
                    },
                    {
                        "value": 800,
                        "clue": "9th century Breton hero Nomenoe rebelled against this dynasty named for Charlemagne",
                        "solution": "What is Carolingian"
                    },
                    {
                        "value": 1000,
                        "clue": "The troops of Catholic king James II were defeated at this July 11, 1690 battle in Ireland",
                        "solution": "What is Battle of the Boyne"
                    }
                ]
            },
            {
                "category": "SPORTS LEAGUES",
                "clues": [
                    {
                        "value": 200,
                        "clue": "The first 4 Super Bowls matched up the champions of these 2 leagues",
                        "solution": "What is AFL & NFL"
                    },
                    {
                        "value": 400,
                        "clue": "Founded in 1876, it's baseball's \"Senior Circuit\"",
                        "solution": "What is National League"
                    },
                    {
                        "value": 600,
                        "clue": "The Detroit Loves sound like a Motown soul group, but in the '70s they were part of World Team this",
                        "solution": "What is Tennis"
                    },
                    {
                        "value": 800,
                        "clue": "In this sport's major league, the Dallas Burn & Chicago Fire vie for the Alan I. Rothenberg Trophy",
                        "solution": "What is Soccer"
                    },
                    {
                        "value": 1000,
                        "clue": "Before the NBA discovered Mario Elie, he spent 2 seasons with the Albany Patroons of this association",
                        "solution": "What is CBA (Continental Basketball Association)"
                    }
                ]
            },
            {
                "category": "UNREAL ESTATE",
                "clues": [
                    {
                        "value": 200,
                        "clue": "When \"Gone With the Wind\" begins, Gerald O'Hara is the master of this plantation",
                        "solution": "What is Tara"
                    },
                    {
                        "value": 400,
                        "clue": "In a Nathaniel Hawthorne novel, the old Pyncheon-House is otherwise known by this title name",
                        "solution": "What is the House of the Seven Gables"
                    },
                    {
                        "value": 600,
                        "clue": "A.A. Milne's theatrical adaptation of \"The Wind in the Willows\" is called \"Toad of\" this residence",
                        "solution": "What is Toad Hall"
                    },
                    {
                        "value": 800,
                        "clue": "Gothic novel fan Catherine Morland imagines fearful mysteries at Northanger Abbey in a novel by this author",
                        "solution": "What is Jane Austen"
                    },
                    {
                        "value": 1000,
                        "clue": "The menacing Mrs. Danvers strives to keep the memory of Rebecca alive in this mansion",
                        "solution": "What is Manderley"
                    }
                ]
            },
            {
                "category": "BEASTLY COMMON BONDS",
                "clues": [
                    {
                        "value": 200,
                        "clue": "Tiger swallowtail, Queen Alexandra's birdwing, great purple hairstreak",
                        "solution": "What is butterflies"
                    },
                    {
                        "value": 400,
                        "clue": "Green tree, leopard, bull",
                        "solution": "What is Frogs"
                    },
                    {
                        "value": 600,
                        "clue": "Jersey, red poll, brahma",
                        "solution": "What is Cattle/bulls"
                    },
                    {
                        "value": 800,
                        "clue": "Dog, gold, lung",
                        "solution": "What is fish"
                    },
                    {
                        "value": 1000,
                        "clue": "Hampshire, Poland China, spotted",
                        "solution": "What is Pigs/hogs"
                    }
                ]
            },
            {
                "category": "ON THE GO",
                "clues": [
                    {
                        "value": 200,
                        "clue": "This company invites passengers to \"Leave the Driving to Us\"",
                        "solution": "What is Greyhound"
                    },
                    {
                        "value": 400,
                        "clue": "(Hi, I'm Vanna White; I'm here at Bill Blass in New York City) Bill Blass has designed everything from clothes & linens to Continentals for this automaker",
                        "solution": "What is Lincoln"
                    },
                    {
                        "value": 600,
                        "clue": "A tandem can be a carriage, or one of these upon whose seat you'd look sweet",
                        "solution": "What is Bicycle built for two"
                    },
                    {
                        "value": 800,
                        "clue": "1 of 2 airlines that offer service on the Concorde",
                        "solution": "What is Air France (or British Airways)"
                    },
                    {
                        "value": 1000,
                        "clue": "The Conestoga wagon originated in this colony during the early 1700s",
                        "solution": "What is Pennsylvania"
                    }
                ]
            },
            {
                "category": "A LITTLE FOREIGN NUMBER",
                "clues": [
                    {
                        "value": 200,
                        "clue": "Dancing in Havana, Lou Bega may try mambo numero cinco, this number",
                        "solution": "What is 5"
                    },
                    {
                        "value": 400,
                        "clue": "Number of hills a Roman has covered if he's roamed over sette",
                        "solution": "What is 7"
                    },
                    {
                        "value": 600,
                        "clue": "Split a check in the Czech Republic between dva people & each pays this percent",
                        "solution": "What is 50% (2 people)"
                    },
                    {
                        "value": 800,
                        "clue": "In Copenhagen, it's how many Danish pastries you have left from a dozen if you ate otte",
                        "solution": "What is 4 (you ate eight)"
                    },
                    {
                        "value": 1000,
                        "clue": "Ja, it's the German for the square root of neun",
                        "solution": "What is drei"
                    }
                ]
            }
        ],
        "final": {
            "category": "FAMOUS SCIENTISTS",
            "clue": "At his death in 1727, he left over one million words he had written on alchemy & the occult",
            "solution": "What is Sir Isaac Newton"
        }
    }
}