{
    "game": {
        "single": [
            {
                "category": "\"C\" WORLD",
                "clues": [
                    {
                        "value": 200,
                        "clue": "The name of this Tennessee city is from the Creek, meaning \"rock rising to a point\", not \"choo choo\"",
                        "solution": "What is Chattanooga"
                    },
                    {
                        "value": 400,
                        "clue": "Do you know the way to San Jose, the capital of this central American nation?",
                        "solution": "What is Costa Rica"
                    },
                    {
                        "value": 800,
                        "clue": "Rich deposits of copper have been found on this Mediterranean island whose name means \"copper\"",
                        "solution": "What is Cyprus"
                    },
                    {
                        "value": 1000,
                        "clue": "It's linked to the European mainland by the Perekop Isthmus",
                        "solution": "What is Crimea (Crimean Peninsula)"
                    }
                ]
            },
            {
                "category": "THEIR GREATEST HITS",
                "clues": [
                    {
                        "value": 200,
                        "clue": "\"Bicycle Race\" & \"Another One Bites The Dust\"",
                        "solution": "What is Queen"
                    },
                    {
                        "value": 400,
                        "clue": "\"Paradise City\" & \"November Rain\"",
                        "solution": "What is Guns N' Roses"
                    },
                    {
                        "value": 600,
                        "clue": "\"September\" & \"Shining Star\"",
                        "solution": "What is Earth, Wind & Fire"
                    },
                    {
                        "value": 800,
                        "clue": "\"What's My Age Again?\" & \"All The Small Things\"",
                        "solution": "What is Blink-182"
                    },
                    {
                        "value": 1000,
                        "clue": "\"Everlong\" & \"Learn To Fly\"",
                        "solution": "What is the Foo Fighters"
                    }
                ]
            },
            {
                "category": "A CANDY-GORY",
                "clues": [
                    {
                        "value": 200,
                        "clue": "A classic commercial for this sweet had one person say, \"you got your chocolate in my peanut butter!\"",
                        "solution": "What is Reese's"
                    },
                    {
                        "value": 400,
                        "clue": "This candy bar, crispy wafers in chocolate, says it's for \"break time, anytime\"",
                        "solution": "What is Kit Kat"
                    },
                    {
                        "value": 600,
                        "clue": "Hugs are a version of this bite-sized Hershey candy, with milk chocolate hugged by sweet white cream",
                        "solution": "What is Kisses"
                    },
                    {
                        "value": 800,
                        "clue": "These chewy candies were launched in the U.K. under the name \"opal fruits\"",
                        "solution": "What is Starburst"
                    },
                    {
                        "value": 1000,
                        "clue": "One of \"Z\" best candy bars is this one, crunchy peanut butter & toasted coconut, created way back in 1930",
                        "solution": "What is Zagnut"
                    }
                ]
            },
            {
                "category": "CELEBRITIES' FAVORITE BOOKS",
                "clues": [
                    {
                        "value": 200,
                        "clue": "(Dana Delany presents the clue.) I love this 1925 F. Scott Fitzgerald masterpiece, with its gorgeous prose & moral themes — some say I'm a bit Daisy Buchanan myself",
                        "solution": "What is The Great Gatsby"
                    },
                    {
                        "value": 400,
                        "clue": "(Pat Sajak presents the clue.) Ayn Rand put the individual's right to seek happiness at the center of this 1957 novel with a mythical character in its title",
                        "solution": "What is Atlas Shrugged"
                    },
                    {
                        "value": 600,
                        "clue": "(Dr. Oz presents the clue.) A dramatic telegram in this Hemingway novel that I love reads, \"Lady Ashley Hotel Montana Madrid arriving Sud Express tomorrow love Jake\"",
                        "solution": "What is The Sun Also Rises"
                    },
                    {
                        "value": 800,
                        "clue": "(Julie Bowen presents the clue.) As in \"Age of Innocence\", this author depicts a struggle with the New York social order in \"The House of Mirth\", & I think even more powerfully",
                        "solution": "What is Edith Wharton"
                    },
                    {
                        "value": 1000,
                        "clue": "(Former President Clinton presents the clue.) My favorite work of nonfiction is the \"Meditations\" of this Roman emperor who used his stoic philosophy to face the troubles of his reign in his own life",
                        "solution": "What is Marcus Aurelius"
                    }
                ]
            },
            {
                "category": "CLASSIC MONOPOLY TOKENS",
                "clues": [
                    {
                        "value": 200,
                        "clue": "You wear one of these to protect your fingers when sewing",
                        "solution": "What is a thimble"
                    },
                    {
                        "value": 400,
                        "clue": "The one Lincoln wore to Ford's Theatre is in the Smithsonian",
                        "solution": "What is a top hat"
                    },
                    {
                        "value": 600,
                        "clue": "Awaiting the inevitable is like \"waiting for the other\" this \"to drop\"",
                        "solution": "What is the shoe"
                    },
                    {
                        "value": 800,
                        "clue": "It's also a classic combat game from Milton Bradley",
                        "solution": "What is the battleship"
                    },
                    {
                        "value": 1000,
                        "clue": "On May 30, 2010 Dario Franchitti claimed a big victory in one",
                        "solution": "What is a racecar"
                    }
                ]
            },
            {
                "category": "SPELL IT RIGHT",
                "clues": [
                    {
                        "value": 200,
                        "clue": "He was big in Egypt",
                        "solution": "What is P-H-A-R-A-O-H"
                    },
                    {
                        "value": 400,
                        "clue": "A new star?",
                        "solution": "What is I-N-G-E-N-U-E"
                    },
                    {
                        "value": 600,
                        "clue": "In England it's zero",
                        "solution": "What is C-Y-P-H-E-R"
                    },
                    {
                        "value": 800,
                        "clue": "It's got mass appeal",
                        "solution": "What is R-E-Q-U-I-E-M"
                    },
                    {
                        "value": 1000,
                        "clue": "A French connection",
                        "solution": "What is R-E-N-D-E-Z-V-O-U-S"
                    }
                ]
            }
        ],
        "double": [
            {
                "category": "THE NEW YORK PUBLIC LIBRARY",
                "clues": [
                    {
                        "value": 400,
                        "clue": "The iconic lions at the entrance were named \"Patience\" and \"Fortitude\" by this 1930s mayor after needed qualities during the Depression",
                        "solution": "What is LaGuardia"
                    },
                    {
                        "value": 800,
                        "clue": "They changed a bit in illustrations & movies, but the library has this author's son's original animals, including a bear",
                        "solution": "What is A.A. Milne"
                    },
                    {
                        "value": 1200,
                        "clue": "The library has a loveletter to Fanny Brawne by this poet, from August of 1820; he died the following February",
                        "solution": "What is Keats"
                    },
                    {
                        "value": 1600,
                        "clue": "The circa 1510 Hunt-Lenox globe bears the Latin inscription \"hc svnt dracones\" which translates to this 3-word phrase",
                        "solution": "What is here be dragons"
                    },
                    {
                        "value": 2000,
                        "clue": "Among books that don't circulate is an 1866 volume inscribed by this British author to the little girl who inspired his work",
                        "solution": "What is Lewis Carroll"
                    }
                ]
            },
            {
                "category": "SATURDAY NIGHT LIVE RECURRING ROLES",
                "clues": [
                    {
                        "value": 400,
                        "clue": "The distinctive-looking Beldar Conehead",
                        "solution": "What is Dan Aykroyd"
                    },
                    {
                        "value": 800,
                        "clue": "Motivational speaker Matt Foley",
                        "solution": "What is Chris Farley"
                    },
                    {
                        "value": 1200,
                        "clue": "New York governor David Paterson",
                        "solution": "What is Fred Armisen"
                    },
                    {
                        "value": 1600,
                        "clue": "The monkey-esque Mr. Peepers",
                        "solution": "What is Chris Kattan"
                    },
                    {
                        "value": 2000,
                        "clue": "Dominican baseball great Chico Escuela",
                        "solution": "What is Garrett Morris"
                    }
                ]
            },
            {
                "category": "MOTHER JONES SAID",
                "clues": [
                    {
                        "value": 400,
                        "clue": "Waxing pragmatic, Mother Jones said, \"Pray for the dead & fight... for the\" this",
                        "solution": "What is the living"
                    },
                    {
                        "value": 800,
                        "clue": "Mother Jones said of herself, \"I'm not a humanitarian, I'm a\" this \"raiser\"",
                        "solution": "What is a hellraiser"
                    },
                    {
                        "value": 1200,
                        "clue": "Mother Jones said, \"Sit down &\" do this to \"educate yourself for the coming conflicts\"",
                        "solution": "What is read"
                    },
                    {
                        "value": 1600,
                        "clue": "\"On their sides the workers had only\" this document: \"the other side had bayonets\"",
                        "solution": "What is the Constitution"
                    },
                    {
                        "value": 2000,
                        "clue": "Talking with a man in prison for stealing shoes, she said if he'd \"stolen a railroad he could be\" one of these 100 people",
                        "solution": "What is a senator"
                    }
                ]
            },
            {
                "category": "CRAZY EIGHTS",
                "clues": [
                    {
                        "value": 400,
                        "clue": "The 8-ball in pool is primarily this color",
                        "solution": "What is black"
                    },
                    {
                        "value": 800,
                        "clue": "The 8-day festival of this utilizes a 9-branched menorah",
                        "solution": "What is Hanukkah"
                    },
                    {
                        "value": 1200,
                        "clue": "Alphanumeric term for your car engine that has 2 banks of 4 cylinders aligned in a specific angle",
                        "solution": "What is a V-8"
                    },
                    {
                        "value": 1600,
                        "clue": "On a baseball scorecard, this position player is No. 8; put me in, coach!",
                        "solution": "What is center field"
                    },
                    {
                        "value": 2000,
                        "clue": "This \"Little Magician\" was our 8th president",
                        "solution": "What is (Martin) van Buren"
                    }
                ]
            },
            {
                "category": "THE KING'S SPEECH",
                "clues": [
                    {
                        "value": 400,
                        "clue": "Gustav V's 1914 borggardstalet, or \"courtyard speech\", prompted the resignation of this country's government",
                        "solution": "What is Sweden"
                    },
                    {
                        "value": 800,
                        "clue": "In 1969 he said, \"I receive from... Generalissimo Franco the political legitimacy born of 18 July 1936\"",
                        "solution": "What is Juan Carlos"
                    },
                    {
                        "value": 1200,
                        "clue": "On January 21, 1793 he told a throng of onlookers, \"I die innocent of all the crimes laid to my charge\"",
                        "solution": "What is Louis XVI"
                    },
                    {
                        "value": 1600,
                        "clue": "In 1895 this czar said that calls for democratic reform by the zemstvos, or rural councils, were merely a \"senseless dream\"",
                        "solution": "What is Nicholas II"
                    },
                    {
                        "value": 2000,
                        "clue": "In an Aug. 15, 1945 broadcast, this emperor said, \"we have ordered the acceptance of the provisions of the joint declaration\"",
                        "solution": "What is Hirohito"
                    }
                ]
            },
            {
                "category": "THE QUEEN'S ENGLISH",
                "clues": [
                    {
                        "value": 400,
                        "clue": "In Britain it's a swimming pool; in the U.S. it's something you take in a tub",
                        "solution": "What is a bath"
                    },
                    {
                        "value": 800,
                        "clue": "To the Brits he can be an unscrupulous businessman, not just a ranch hand or John Wayne character",
                        "solution": "What is a cowboy"
                    },
                    {
                        "value": 1200,
                        "clue": "In Britain it's a baby's pacifier; to us, it's a thick, often down-filled blanket",
                        "solution": "What is a comforter"
                    },
                    {
                        "value": 1600,
                        "clue": "Here, it's a small quick bread; in Britain, it's a cookie",
                        "solution": "What is a biscuit"
                    },
                    {
                        "value": 2000,
                        "clue": "In the U.S., it's a scientist who studies what matter is made of; in Britain, a dispensing one is a pharmacist",
                        "solution": "What is a chemist"
                    }
                ]
            }
        ],
        "final": {
            "category": "MEDICINE",
            "clue": "In 1964 a dean at Tufts' medical school wrote a modern version of this, used at many medical school graduations",
            "solution": "What is the Hippocratic Oath"
        }
    }
}