{
    "game": {
        "single": [
            {
                "category": "AWARDS",
                "clues": [
                    {
                        "value": 100,
                        "clue": "In 1999 Gisele Bundchen was this of the Year at the VH1/Vogue Fashion Awards",
                        "solution": "What is Model"
                    },
                    {
                        "value": 200,
                        "clue": "Hollywood.com gives Golden Hitches to these previews of coming attractions",
                        "solution": "What is trailers"
                    },
                    {
                        "value": 300,
                        "clue": "The Ron Brown Award for Corporate Leadership honors the late secretary of this cabinet department",
                        "solution": "What is Commerce"
                    },
                    {
                        "value": 400,
                        "clue": "The M in AMS, which gives awards for predicting the weather, stands for this 14-letter word",
                        "solution": "What is Meteorological"
                    },
                    {
                        "value": 500,
                        "clue": "In 1979 Philip Johnson was the first winner of the Pritzker Prize in this field",
                        "solution": "What is Architecture"
                    }
                ]
            },
            {
                "category": "DON'T ROCK THE...",
                "clues": [
                    {
                        "value": 100,
                        "clue": "This large barge of the Bible carried passengers in pairs",
                        "solution": "What is Noah's Ark"
                    },
                    {
                        "value": 200,
                        "clue": "It can be logs lashed together or inflatable rubber",
                        "solution": "What is raft"
                    },
                    {
                        "value": 300,
                        "clue": "Take note, these large luxurious ships can hold passengers (& LPs)",
                        "solution": "What is liners"
                    },
                    {
                        "value": 400,
                        "clue": "In the 1988 America's Cup, the Stars & Stripes, this type of ship, beat New Zealand's entry",
                        "solution": "What is (racing) yacht"
                    },
                    {
                        "value": 500,
                        "clue": "This 19th century speedy, sharp-bowed, fully rigged sailing ship sounds like it went to Barber-y Coast School",
                        "solution": "What is clipper"
                    }
                ]
            },
            {
                "category": "STATES BY SENATORS",
                "clues": [
                    {
                        "value": 100,
                        "clue": "Akaka & Inouye",
                        "solution": "What is Hawaii"
                    },
                    {
                        "value": 200,
                        "clue": "Thurmond & Hollings",
                        "solution": "What is South Carolina"
                    },
                    {
                        "value": 300,
                        "clue": "Cochran & Lott",
                        "solution": "What is Mississippi"
                    },
                    {
                        "value": 400,
                        "clue": "Specter & Santorum",
                        "solution": "What is Pennsylvania"
                    },
                    {
                        "value": 500,
                        "clue": "Grassley & Harkin",
                        "solution": "What is Iowa"
                    }
                ]
            },
            {
                "category": "TONY ORLANDO!",
                "clues": [
                    {
                        "value": 100,
                        "clue": "Collective name for Tony's backup singers Telma Hopkins & Joyce Vincent",
                        "solution": "What is Dawn"
                    },
                    {
                        "value": 200,
                        "clue": "In 1980 Tony appeared in a Broadway production of a musical about this circus showman",
                        "solution": "What is P.T. Barnum"
                    },
                    {
                        "value": 300,
                        "clue": "In 1977 Orlando announced his retirement after the suicide of this comedian friend",
                        "solution": "What is Freddie Prinze"
                    },
                    {
                        "value": 500,
                        "clue": "In the early '90s Tony moved to this Missouri city where he opened his own theater",
                        "solution": "What is Branson"
                    }
                ]
            },
            {
                "category": "IT'S COLUMBO",
                "clues": [
                    {
                        "value": 100,
                        "clue": "Sri Lanka's port city of Colombo is near the mouth of the Kelani River on this ocean",
                        "solution": "What is Indian Ocean"
                    },
                    {
                        "value": 200,
                        "clue": "Dating back 2,000 years, the Kelaniya Raja Mahavihara is Colombo's most prominent temple of this religion",
                        "solution": "What is Buddhism"
                    },
                    {
                        "value": 300,
                        "clue": "This political official's house in Colombo is known as \"Queen's House\"",
                        "solution": "What is President"
                    },
                    {
                        "value": 400,
                        "clue": "In 1791 the city of Colombo passed to this empire that made it the capital of its crown colony of Ceylon",
                        "solution": "What is Great Britain/England"
                    },
                    {
                        "value": 500,
                        "clue": "Traders from this Iberian nation arrived in Colombo in the 16th c. & built a fort to protect their spice trade",
                        "solution": "What is Portugal"
                    }
                ]
            },
            {
                "category": "JUST \"ONE\" MORE THING",
                "clues": [
                    {
                        "value": 100,
                        "clue": "Proverbially, this action \"deserves another\"",
                        "solution": "What is one good turn"
                    },
                    {
                        "value": 200,
                        "clue": "This 4-word phrase means \"suitable to be worn by almost everyone\"",
                        "solution": "What is one size fits all"
                    },
                    {
                        "value": 300,
                        "clue": "This playground selection system counts closed hands as \"spuds\"",
                        "solution": "What is \"One potato, two potato...\""
                    },
                    {
                        "value": 400,
                        "clue": "This 1954 big screener was highlighted by Marlon Brando as the leader of the \"Black Rebels\"",
                        "solution": "What is The Wild One"
                    },
                    {
                        "value": 500,
                        "clue": "In a No. 1 R&B hit from 1978, Funkadelic celebrated this \"under a groove\"",
                        "solution": "What is \"One Nation\""
                    }
                ]
            }
        ],
        "double": [
            {
                "category": "THE 1920s",
                "clues": [
                    {
                        "value": 200,
                        "clue": "In 1921 this Swiss psychiatrist developed his famous inkblot test",
                        "solution": "What is Hermann Rorschach"
                    },
                    {
                        "value": 400,
                        "clue": "During a cruise Harold Vanderbilt perfected the \"contract\" form of this game",
                        "solution": "What is Bridge"
                    },
                    {
                        "value": 600,
                        "clue": "Awarded a Pulitzer Prize for \"Arrowsmith\", he said no thanks",
                        "solution": "What is Sinclair Lewis"
                    },
                    {
                        "value": 800,
                        "clue": "Expelled from the Communist Party in 1927, he was deported to Turkey in 1929 & later moved to Mexico",
                        "solution": "What is Leon Trotsky"
                    },
                    {
                        "value": 1000,
                        "clue": "Some dispute it but Floyd Bennett & this man claimed to have been first to fly over the North Pole in May 1926",
                        "solution": "What is Richard Byrd"
                    }
                ]
            },
            {
                "category": "WHO'S YOUR DADDY?",
                "clues": [
                    {
                        "value": 200,
                        "clue": "Horse-loving Princess Anne",
                        "solution": "What is Prince Philip"
                    },
                    {
                        "value": 400,
                        "clue": "Tricia Cox",
                        "solution": "What is Richard Nixon"
                    },
                    {
                        "value": 600,
                        "clue": "Ilyasah & Attallah Shabazz",
                        "solution": "What is Malcolm X"
                    },
                    {
                        "value": 800,
                        "clue": "Actress Angelina Jolie",
                        "solution": "What is Jon Voight"
                    },
                    {
                        "value": 1000,
                        "clue": "Tennis star Alexandra Stevenson",
                        "solution": "What is Julius Erving"
                    }
                ]
            },
            {
                "category": "BOTANY",
                "clues": [
                    {
                        "value": 200,
                        "clue": "Introduced into New Zealand in 1906, this fruit was named for the country's national symbol",
                        "solution": "What is Kiwi fruit"
                    },
                    {
                        "value": 400,
                        "clue": "The Holy Ghost flower, an orchid, is the national flower of this long, narrow Central American nation",
                        "solution": "What is Panama"
                    },
                    {
                        "value": 600,
                        "clue": "This spice comes from the membrane that covers the nutmeg seed kernel",
                        "solution": "What is Mace"
                    },
                    {
                        "value": 800,
                        "clue": "By definition, this branch of botany studies fossil plants",
                        "solution": "What is paleobotany"
                    },
                    {
                        "value": 1000,
                        "clue": "In 1742 he became professor of botany at Upsala, Sweden",
                        "solution": "What is Carl Linnaeus"
                    }
                ]
            },
            {
                "category": "FILMS OF THE '90s",
                "clues": [
                    {
                        "value": 200,
                        "clue": "Who could forget Demi Moore as Hester Prynne in this 1995 film?",
                        "solution": "What is The Scarlet Letter"
                    },
                    {
                        "value": 400,
                        "clue": "Al Pacino couldn't see but he sure could tango in this 1992 film",
                        "solution": "What is Scent of a Woman"
                    },
                    {
                        "value": 600,
                        "clue": "\"They stole his mind, now he wants it back\" was a tagline for this Arnold Schwarzenegger film",
                        "solution": "What is Total Recall"
                    },
                    {
                        "value": 800,
                        "clue": "John Travolta was the perfect candidate for this 1998 movie based on a book by \"Anonymous\"",
                        "solution": "What is Primary Colors"
                    },
                    {
                        "value": 1000,
                        "clue": "In this 1990 film Robin Williams played a doctor who was able to rouse a group of catatonic patients",
                        "solution": "What is Awakenings"
                    }
                ]
            },
            {
                "category": "THE PLAYWRIGHT WRITES",
                "clues": [
                    {
                        "value": 200,
                        "clue": "\"I don't say he's a great man. Willy Loman never made a lot of money\"",
                        "solution": "What is Arthur Miller (Death of a Salesman)"
                    },
                    {
                        "value": 400,
                        "clue": "\"WEAF presents Dinner at Brighton Beach starring the Jacob Jerome family...\"",
                        "solution": "What is Neil Simon (Brighton Beach Memoirs)"
                    },
                    {
                        "value": 600,
                        "clue": "\"I think you ought to know, Doolittle, that Mr. Higgins's intentions are entirely honorable\"",
                        "solution": "What is George Bernard Shaw (Pygmalion)"
                    },
                    {
                        "value": 800,
                        "clue": "\"Good-by, good-by world. Good-by Grover's Corners... Mama and Papa. Good-by to clocks ticking...\"",
                        "solution": "What is Thornton Wilder (Our Town)"
                    },
                    {
                        "value": 1000,
                        "clue": "\"Gimme a whiskey—ginger ale on the side. And don't be stingy, baby\"",
                        "solution": "What is Eugene O'Neill (Anna Christie)"
                    }
                ]
            },
            {
                "category": "\"LES\" IS MORE",
                "clues": [
                    {
                        "value": 200,
                        "clue": "This drug-addled big screener from 1987 was based on a Bret Easton Ellis novel",
                        "solution": "What is Less than Zero"
                    },
                    {
                        "value": 400,
                        "clue": "Sappho's birthplace",
                        "solution": "What is Lesbos"
                    },
                    {
                        "value": 600,
                        "clue": "This country of southern Africa was formerly known as Basutoland",
                        "solution": "What is Lesotho"
                    },
                    {
                        "value": 1000,
                        "clue": "Group name for the islands that extend from Puerto Rico to the northeast coast of South America",
                        "solution": "What is Lesser Antilles"
                    }
                ]
            }
        ],
        "final": {
            "category": "THE CALENDAR",
            "clue": "It's the second-shortest month in most of the U.S., beating out the third-shortest months by one hour",
            "solution": "What is April"
        }
    }
}