{
    "game": {
        "single": [
            {
                "category": "JOYCE TO THE WORLD",
                "clues": [
                    {
                        "value": 200,
                        "clue": "Joyce Hall co-founded this greeting card company",
                        "solution": "What is Hallmark"
                    },
                    {
                        "value": 400,
                        "clue": "Familiar to TV viewers as a talk show guest, this psychologist received her Ph.D. from Columbia University",
                        "solution": "What is Dr. Joyce Brothers"
                    },
                    {
                        "value": 600,
                        "clue": "This \"Trees\" poet was posthumously awarded the Croix de Guerre",
                        "solution": "What is (Joyce) Kilmer"
                    },
                    {
                        "value": 800,
                        "clue": "His 1901 essay \"The Day of the Rabblement\" attacked the Irish Literary Theatre for catering to popular taste",
                        "solution": "What is James Joyce"
                    },
                    {
                        "value": 1000,
                        "clue": "You heard it here: Anglo-Irish writer Joyce Cary wrote the comic novel \"The Horse's\" this",
                        "solution": "What is Mouth"
                    }
                ]
            },
            {
                "category": "HOLIDAY ALBUMS",
                "clues": [
                    {
                        "value": 200,
                        "clue": "Vince Guaraldi's LP from a 1965 TV special about this title animated boy featured \"Christmas Time Is Here\"",
                        "solution": "What is Charlie Brown"
                    },
                    {
                        "value": 400,
                        "clue": "This crooner's 1955 album \"White Christmas\" consisted of 10 songs recorded in 1945",
                        "solution": "What is Bing Crosby"
                    },
                    {
                        "value": 600,
                        "clue": "This saxophonist's \"Miracles: The Holiday Album\" is said to be the bestselling Christmas album of all time",
                        "solution": "What is Kenny G"
                    },
                    {
                        "value": 800,
                        "clue": "\"All I Want For Christmas Is You\" from her \"Merry Christmas\" CD was the first holiday song to sell 1 million downloads",
                        "solution": "What is Mariah Carey"
                    },
                    {
                        "value": 1000,
                        "clue": "This brother-sister duo's 1978 million-selling LP \"Christmas Portrait\" featured \"Merry Christmas, Darling\"",
                        "solution": "What is the Carpenters"
                    }
                ]
            },
            {
                "category": "GATHER 'ROUND THE \"TRE\"",
                "clues": [
                    {
                        "value": 200,
                        "clue": "It's the crime of undermining one's own government",
                        "solution": "What is treason"
                    },
                    {
                        "value": 400,
                        "clue": "It's where you'll find a baby in a bough-borne cradle in a popular lullaby",
                        "solution": "What is the tree tops"
                    },
                    {
                        "value": 600,
                        "clue": "Korean War General Oliver Smith said, \"we are not\" doing this, but \"advancing in a different direction\"",
                        "solution": "What is retreating"
                    },
                    {
                        "value": 800,
                        "clue": "You might \"desire\" this urban vehicle that runs on rails & is often powered by electricity",
                        "solution": "What is a streetcar"
                    },
                    {
                        "value": 1000,
                        "clue": "The metropolitan area of this Canadian city of 3.6 million spills off its main island",
                        "solution": "What is Montreal"
                    }
                ]
            },
            {
                "category": "OH BOY! PRESENTS!",
                "clues": [
                    {
                        "value": 200,
                        "clue": "Aspiring rockers will love banging away on the sound percussion pro 5-piece set of these, cymbals included",
                        "solution": "What is a drum set"
                    },
                    {
                        "value": 400,
                        "clue": "Fore! How about a Wham-O equipment set for playing \"golf\" with mini versions of this flying disc",
                        "solution": "What is a frisbee"
                    },
                    {
                        "value": 600,
                        "clue": "For folks living in inclement climes, Senz makes these built to withstand 70 mph winds without turning inside out",
                        "solution": "What is umbrellas"
                    },
                    {
                        "value": 800,
                        "clue": "Maybe someone on your list would like a Bjursta dining table from this retailer (while you're there, pick up some meatballs)",
                        "solution": "What is IKEA"
                    },
                    {
                        "value": 1000,
                        "clue": "Fans of this comedienne's 1970s variety show might enjoy a copy of her best-selling memoir \"This Time Together\"",
                        "solution": "What is (Carol) Burnett"
                    }
                ]
            },
            {
                "category": "ON THE DAY AFTER CHRISTMAS",
                "clues": [
                    {
                        "value": 200,
                        "clue": "In 1982 Time magazine named this machine its \"man of the year\"",
                        "solution": "What is the computer"
                    },
                    {
                        "value": 400,
                        "clue": "In Los Angeles in 1966, this African-American holiday was celebrated for the first time",
                        "solution": "What is Kwanzaa"
                    },
                    {
                        "value": 600,
                        "clue": "In 1944 this man's Third Army tanks broke through the German lines surrounding Allied forces at Bastogne",
                        "solution": "What is General Patton"
                    },
                    {
                        "value": 800,
                        "clue": "In 1792 this man's trial began in Paris",
                        "solution": "What is Louis XVI"
                    },
                    {
                        "value": 1000,
                        "clue": "In 1776 George Washington & the continental army defeated the Hessians at the battle of this New Jersey city",
                        "solution": "What is Trenton"
                    }
                ]
            },
            {
                "category": "IN DEFENSE OF FRUITCAKE",
                "clues": [
                    {
                        "value": 200,
                        "clue": "In The Bahamas not only is the fruitcake drenched in this potent potable, the ingredients are as well",
                        "solution": "What is rum"
                    },
                    {
                        "value": 400,
                        "clue": "In \"Martin Chuzzlewit\", this author called fruitcake \"a geological homemade cake\"",
                        "solution": "What is Dickens"
                    },
                    {
                        "value": 600,
                        "clue": "A spicy fruitcake from Italy, panforte means \"strong\" this",
                        "solution": "What is bread"
                    },
                    {
                        "value": 800,
                        "clue": "Gugelhupf, a German fruitcake also called turban cake, may date from the effort of these people to conquer the region",
                        "solution": "What is the Ottomans (or the Turks)"
                    },
                    {
                        "value": 1000,
                        "clue": "In theirs, the ancient Romans used pine nuts, barley mash & seeds from this red fruit associated with Persephone",
                        "solution": "What is the pomegranate"
                    }
                ]
            }
        ],
        "double": [
            {
                "category": "MOLECULES",
                "clues": [
                    {
                        "value": 800,
                        "clue": "Molecules of this substance, from the Latin for \"wipe away\", are part water-soluble & part water-insoluble",
                        "solution": "What is a detergent"
                    },
                    {
                        "value": 1200,
                        "clue": "In 2008 scientists discovered an unusual molecule, with 2 hydrogen bonds, that may clean up this toxic precipitation",
                        "solution": "What is acid rain"
                    },
                    {
                        "value": 1600,
                        "clue": "Molecular geneticists practice the \"isolation\" of this, extracting it from cells in pure form",
                        "solution": "What is DNA"
                    },
                    {
                        "value": 2000,
                        "clue": "A 1988 Nobel Prize was for unraveling a key molecule in this \"most important chemical reaction in the biosphere\"",
                        "solution": "What is photosynthesis"
                    }
                ]
            },
            {
                "category": "CELEBRITY MEMOIRS",
                "clues": [
                    {
                        "value": 400,
                        "clue": "This actress & reality TV star moved into \"Uncharted Territori\" with her 2010 memoir",
                        "solution": "What is Tori Spelling"
                    },
                    {
                        "value": 800,
                        "clue": "In 2010 you could go-go to the bookstore to buy this lead singer's memoir \"Lips Unsealed\"",
                        "solution": "What is Belinda Carlisle"
                    },
                    {
                        "value": 1200,
                        "clue": "This rocker hit readers with her best shot in 2010: a memoir called \"Between a Heart and a Rock Place\"",
                        "solution": "What is Pat Benatar"
                    },
                    {
                        "value": 1600,
                        "clue": "Turning 70, this fabulous star of \"One Million Years B.C.\" took readers \"Beyond the Cleavage\"",
                        "solution": "What is Raquel Welch"
                    },
                    {
                        "value": 2000,
                        "clue": "\"Growing Up Again\", this TV star's memoir, is subtitled \"Life, Loves, and oh yeah, Diabetes\"",
                        "solution": "What is Mary Tyler Moore"
                    }
                ]
            },
            {
                "category": "LITERARY CANINES & FELINES",
                "clues": [
                    {
                        "value": 400,
                        "clue": "In a poem by Edward Lear, the pussy-cat proposes to this bird",
                        "solution": "What is the owl"
                    },
                    {
                        "value": 800,
                        "clue": "After being sold, this Eric Knight collie trekked 400 miles across Scotland to get back to her young master",
                        "solution": "What is Lassie"
                    },
                    {
                        "value": 1200,
                        "clue": "In \"Macbeth\", a witch is summoned by a familiar named not purplemalkin or greenmalkin but this",
                        "solution": "What is greymalkin"
                    },
                    {
                        "value": 1600,
                        "clue": "The \"white shaggy dog\" in \"Oliver Twist\" was as mean as his master, this brutal burglar who was brought up in Fagin's gang",
                        "solution": "What is (Bill) Sikes"
                    },
                    {
                        "value": 2000,
                        "clue": "One Eye, a wolf, was the father of this Jack London canine; his mother was half-wolf, half-dog",
                        "solution": "What is White Fang"
                    }
                ]
            },
            {
                "category": "COMMON BONDS",
                "clues": [
                    {
                        "value": 400,
                        "clue": "A battery, a claim, a checkers piece",
                        "solution": "What is things you jump"
                    },
                    {
                        "value": 800,
                        "clue": "Spanish punctuation, pineapple cake, people owing $400,000 on a home now worth $300,000",
                        "solution": "What is upside-down"
                    },
                    {
                        "value": 1200,
                        "clue": "ICE, DARPA, NIST",
                        "solution": "What is acronyms (of U.S. Government Agencies)"
                    },
                    {
                        "value": 1600,
                        "clue": "The Beastie Boys, a Chrysler model, Pauline Kael's workplace",
                        "solution": "What is New Yorkers"
                    },
                    {
                        "value": 2000,
                        "clue": "Pork bellies, talented teenagers, verb tenses",
                        "solution": "What is (things with) futures"
                    }
                ]
            },
            {
                "category": "LIFE IS SHORT",
                "clues": [
                    {
                        "value": 400,
                        "clue": "Being only 4'11'' tall didn't stop this artist from painting posters like 1895's \"La Revue Blanche\"",
                        "solution": "What is Toulouse-Lautrec"
                    },
                    {
                        "value": 1200,
                        "clue": "Only 4'6'' he was the first full-blooded Native American President of Mexico",
                        "solution": "What is Benito Juárez"
                    },
                    {
                        "value": 1600,
                        "clue": "Now a professor at Berkeley all 4'10'' of him served as Clinton's first Labor Secretary",
                        "solution": "What is Robert Reich"
                    },
                    {
                        "value": 2000,
                        "clue": "This German epistemological philosopher who lived from 1724 to 1804 was categorically, exactly 5' tall",
                        "solution": "What is (Immanuel) Kant"
                    }
                ]
            },
            {
                "category": "\"PP\"s ON EARTH",
                "clues": [
                    {
                        "value": 400,
                        "clue": "To go to a higher court to try & reverse a legal judgment",
                        "solution": "What is to appeal"
                    },
                    {
                        "value": 800,
                        "clue": "A student who habitually fails to attend class, or the captain of a naval vessel",
                        "solution": "What is a skipper"
                    },
                    {
                        "value": 1200,
                        "clue": "A quantity like extra vitamins, added to make up for a deficiency",
                        "solution": "What is a supplement"
                    },
                    {
                        "value": 1600,
                        "clue": "German word for a ghostly double of a living person that haunts its counterpart",
                        "solution": "What is a doppelgänger"
                    },
                    {
                        "value": 2000,
                        "clue": "Beastly title of a Hermann Hesse novel",
                        "solution": "What is Steppenwolf"
                    }
                ]
            }
        ],
        "final": {
            "category": "U.S. HISTORY",
            "clue": "The day after the 15th Amendment took effect, Thomas Peterson became the 1st Afr. American to do this under its provisions",
            "solution": "What is vote"
        }
    }
}