{
    "game": {
        "single": [
            {
                "category": "FAMOUS AMERICANS",
                "clues": [
                    {
                        "value": 200,
                        "clue": "These 2 explorers who eventually teamed up were both born in Virginia in the 1770s",
                        "solution": "What is Lewis & Clark"
                    },
                    {
                        "value": 400,
                        "clue": "WHile visiting Europe, this markswoman once shot a cigarette from the mouth of future Kaiser Wilhelm II",
                        "solution": "What is Annie Oakley"
                    },
                    {
                        "value": 600,
                        "clue": "Just months before his death in 1844, this Mormon founder declared his candidacy for president",
                        "solution": "What is Joseph Smith"
                    },
                    {
                        "value": 800,
                        "clue": "This organizer of the Air National Guard was first elected to the Senate in 1952",
                        "solution": "What is Barry Goldwater"
                    },
                    {
                        "value": 1000,
                        "clue": "This Naval hero in the Spanish-American War served in the Civil War under David Farragut",
                        "solution": "What is George Dewey"
                    }
                ]
            },
            {
                "category": "I WANNA BE A COWBOY",
                "clues": [
                    {
                        "value": 200,
                        "clue": "(Sarah rounds up the clue.) A \"honda\" is a loop used by cowboys to make this tool of their trade",
                        "solution": "What is a lasso"
                    },
                    {
                        "value": 400,
                        "clue": "(Sarah fires off the clue.) It's the numerical term for this self-defense necessity",
                        "solution": "What is a six-shooter"
                    },
                    {
                        "value": 600,
                        "clue": "(Sarah shows off the clue.) From a Hindi word for a method of tie-dyeing, it's the colorful cowboy accessory I'm wearing",
                        "solution": "What is a bandanna"
                    },
                    {
                        "value": 800,
                        "clue": "(Sarah strolls in with the clue.) These leggings I'm wearing are used to protect a cowboy's legs from branches and underbrush",
                        "solution": "What is chaps"
                    },
                    {
                        "value": 1000,
                        "clue": "(Sarah (and friend) heat up the clue.) A rawhide artist is a ranch hand who's good with this identifying implement",
                        "solution": "What is a branding iron"
                    }
                ]
            },
            {
                "category": "CHARACTERS IN MUSICALS",
                "clues": [
                    {
                        "value": 200,
                        "clue": "The forbidden love of Lun Tha & Tuptim inspires Anna to sing\"Hello, Young Lovers\" in this musical",
                        "solution": "What is King and I"
                    },
                    {
                        "value": 400,
                        "clue": "Hodel leaves the village of Anatevka to join her husband in Siberia in this classic musical",
                        "solution": "What is Fiddler on the Roof"
                    },
                    {
                        "value": 600,
                        "clue": "Appassionata von Climax vies with Daisy Mae for the affections of this title yokel",
                        "solution": "What is Little Abner"
                    },
                    {
                        "value": 800,
                        "clue": "Traditionally a dancer takes over the role of Laury in the dream-ballet part of this Rodgers & Hammerstein show",
                        "solution": "What is Oklahoma!"
                    },
                    {
                        "value": 1000,
                        "clue": "Cotton Blossom performer Ellie May Shipley sings \"Life Upon The Wicked Stage\" in this Mississippi River musical",
                        "solution": "What is Show Boat"
                    }
                ]
            },
            {
                "category": "WATCH YOUR TONGUE",
                "clues": [
                    {
                        "value": 200,
                        "clue": "The standard form of this language is based on the Central dialect, the speech in & around Moscow",
                        "solution": "What is Russian"
                    },
                    {
                        "value": 400,
                        "clue": "In the early 1500s Martin Luther translated the Bible into this language using a dialect of Saxony",
                        "solution": "What is German"
                    },
                    {
                        "value": 600,
                        "clue": "English began to absorb French words after this 1066 event",
                        "solution": "What is the Battle of Hastings (the Norman Conquest)"
                    },
                    {
                        "value": 800,
                        "clue": "The poet Sappho wrote in the Aeolic dialect of this language",
                        "solution": "What is Greek"
                    },
                    {
                        "value": 1000,
                        "clue": "This Scandinavian language has many dialects, especially in North Jutland & the island of Bornholm",
                        "solution": "What is Danish"
                    }
                ]
            },
            {
                "category": "LARRY, MOE OR CURLY",
                "clues": [
                    {
                        "value": 200,
                        "clue": "He's one of the Pep Boys",
                        "solution": "What is Moe"
                    },
                    {
                        "value": 400,
                        "clue": "In \"City Slickers II\" Jack Palance played Duke, the twin brother of this character",
                        "solution": "What is Curly"
                    },
                    {
                        "value": 600,
                        "clue": "Need some lignite? Head to this mining town in Gippsland, Australia",
                        "solution": "What is Moe"
                    },
                    {
                        "value": 800,
                        "clue": "Leisure-suited lounge lizard who's starred in a series of video games",
                        "solution": "What is Larry"
                    },
                    {
                        "value": 1000,
                        "clue": "This Missoula, Montana-born skier's career went downhill at Lillehammer & he won the gold",
                        "solution": "What is (Tommy) Moe"
                    }
                ]
            },
            {
                "category": "\"K.C.\"",
                "clues": [
                    {
                        "value": 200,
                        "clue": "This rock star was married to Courtney Love",
                        "solution": "What is Kurt Cobain"
                    },
                    {
                        "value": 400,
                        "clue": "Now Mrs. Steven Spielberg, she was born in Fort Worth, Texas",
                        "solution": "What is Kate Capshaw"
                    },
                    {
                        "value": 600,
                        "clue": "With brother Richard, she won the Best New Artist Grammy for 1970",
                        "solution": "What is Karen Carpenter"
                    },
                    {
                        "value": 800,
                        "clue": "The capital of Nevada was named for this frontiersman",
                        "solution": "What is Kit Carson"
                    },
                    {
                        "value": 1000,
                        "clue": "On '80s TV he had \"Growing Pains\" as Mike Seaver",
                        "solution": "What is Kirk Cameron"
                    }
                ]
            }
        ],
        "double": [
            {
                "category": "17th CENTURY SCIENCE",
                "clues": [
                    {
                        "value": 400,
                        "clue": "In 1609 English astronomer Thomas Harriot used the new telescope to draw maps of this body before Galileo did",
                        "solution": "What is the moon"
                    },
                    {
                        "value": 800,
                        "clue": "Johann Magnenus believed there were 3 elements, fire, earth & water, each made up of these, which we can't see",
                        "solution": "What is atoms"
                    },
                    {
                        "value": 1200,
                        "clue": "In 1656 Christiaan Huygens found time to invent a clock with this new regulator",
                        "solution": "What is the pendulum"
                    },
                    {
                        "value": 1600,
                        "clue": "The machine Denis Papin built in 1690 was the first to use steam to move one of these in a cylinder",
                        "solution": "What is a piston"
                    },
                    {
                        "value": 2000,
                        "clue": "John Napier's 1614 table of these took the blues out of calculating",
                        "solution": "What is logarithms"
                    }
                ]
            },
            {
                "category": "A \"WOMAN\" OF THE MOVIES",
                "clues": [
                    {
                        "value": 400,
                        "clue": "1990: Julia Roberts",
                        "solution": "What is Pretty Woman"
                    },
                    {
                        "value": 800,
                        "clue": "1992: Al Pacino",
                        "solution": "What is Scent of a Woman"
                    },
                    {
                        "value": 1200,
                        "clue": "1985: William Hurt",
                        "solution": "What is Kiss of the Spider Woman"
                    },
                    {
                        "value": 1600,
                        "clue": "1981: Lily Tomlin",
                        "solution": "What is The Incredible Shrinking Woman"
                    },
                    {
                        "value": 2000,
                        "clue": "1993, on TV: Daryl Hannah",
                        "solution": "What is The Attack of the 50 Ft. Woman"
                    }
                ]
            },
            {
                "category": "ON THE INDEX OF FORBIDDEN BOOKS",
                "clues": [
                    {
                        "value": 400,
                        "clue": "Entering the list in the 20th century were all the works by this Existentialist, including \"No Exit\"",
                        "solution": "What is Sartre"
                    },
                    {
                        "value": 800,
                        "clue": "The Bill Watterson comic strip wasn't on the list but these namesakes of the title characters were",
                        "solution": "What is Calvin and Hobbes"
                    },
                    {
                        "value": 1200,
                        "clue": "This 18th century Italian lover's \"Memoirs\", written in French, probably debuted at No. 1 on the list",
                        "solution": "What is Cassanova"
                    },
                    {
                        "value": 1600,
                        "clue": "His \"Salammbo\" was shortlisted, as well as his \"Madame Bovary\"",
                        "solution": "What is Flaubert"
                    },
                    {
                        "value": 2000,
                        "clue": "If you wanted to drool over his \"Pantagruel\", you couldn't; it was on the list",
                        "solution": "What is François Rabelais"
                    }
                ]
            },
            {
                "category": "JUST A THOUGHT",
                "clues": [
                    {
                        "value": 400,
                        "clue": "The American Anti-Vivisection Society is against experimentation on these",
                        "solution": "What is animals"
                    },
                    {
                        "value": 800,
                        "clue": "The people who were against the decisions made at the second Diet of Speyer & sided with Martin Luther were called these",
                        "solution": "What is Protestant Lutherans (Protestants)"
                    },
                    {
                        "value": 1200,
                        "clue": "It was the \"Revolution\" that the followers of Ned Lud were against",
                        "solution": "What is the Industrial Revolution"
                    },
                    {
                        "value": 1600,
                        "clue": "All this Chinese philosopher born in 551 B.C. wanted was to bring back a golden age & for people to be respectful",
                        "solution": "What is Confucius"
                    },
                    {
                        "value": 2000,
                        "clue": "The Greeks didn't believe in free will; there was this group weaving a web of destiny",
                        "solution": "What is the Fates"
                    }
                ]
            },
            {
                "category": "\"COP\"ING",
                "clues": [
                    {
                        "value": 400,
                        "clue": "The Amalienborg Palace & the Thorvaldsen museum are landmarks of this city",
                        "solution": "What is Copenhagen"
                    },
                    {
                        "value": 800,
                        "clue": "According to Mr. Manilow, it's \"the hottest spot north of Havana\"",
                        "solution": "What is the Copacabana"
                    },
                    {
                        "value": 1200,
                        "clue": "Fine, completely satisfactory, OK",
                        "solution": "What is copasetic"
                    },
                    {
                        "value": 1600,
                        "clue": "In 1491 he entered the University of Krakow, where he became interested in the study of astronomy",
                        "solution": "What is Copernicus"
                    },
                    {
                        "value": 2000,
                        "clue": "He won the 1945 Pulitzer Prize for Music for the ballet \"Appalachian Spring\"",
                        "solution": "What is Aaron Copland"
                    }
                ]
            },
            {
                "category": "K.C.",
                "clues": [
                    {
                        "value": 400,
                        "clue": "Kansas City is known as \"The City of\" these, like the Trevi in Rome",
                        "solution": "What is fountains"
                    },
                    {
                        "value": 800,
                        "clue": "Lester Young, Count Basie & Charlie Parker played the Kansas City style of this genre of music",
                        "solution": "What is jazz"
                    },
                    {
                        "value": 1200,
                        "clue": "Opened in 1869, the Hannibal Bridge spanning this river helped make Kansas CIty a railroading center",
                        "solution": "What is the Missouri (River)"
                    },
                    {
                        "value": 1600,
                        "clue": "After high school Harry Truman worked briefly in the mail room of this newspaper",
                        "solution": "What is The Kansas City Star"
                    }
                ]
            }
        ],
        "final": {
            "category": "RECENT HISTORY",
            "clue": "In 1993 this country of over 35 million people had 2 official languages; now it has 11",
            "solution": "What is South Africa"
        }
    }
}