{
    "game": {
        "single": [
            {
                "category": "LITTLE RED RIDING HOOD",
                "clues": [
                    {
                        "value": 200,
                        "clue": "It was the wolf's reply to Red's comment, \"Grandmother, what large eyes you have\"",
                        "solution": "What is the better to see you with"
                    },
                    {
                        "value": 400,
                        "clue": "In the 1934 Disney cartoon \"The Big Bad Wolf\", this trio warns Red about the wolf waiting at Grandma's house",
                        "solution": "What is the Three Little Pigs"
                    },
                    {
                        "value": 600,
                        "clue": "In the Grimms' version, this character was added to save Red's life after the wolf had devoured her",
                        "solution": "What is the woodsman"
                    },
                    {
                        "value": 800,
                        "clue": "\"Lil' Red Riding Hood\" was a No. 2 hit in 1966 for Sam the Sham & this group",
                        "solution": "What is The Pharaohs"
                    },
                    {
                        "value": 1000,
                        "clue": "\"Little Red Riding Hood\" was first written as \"Le Petit Chaperon Rouge\" in 1697 by this French fairy tale compiler",
                        "solution": "What is Charles Perrault"
                    }
                ]
            },
            {
                "category": "SHORTWAVE",
                "clues": [
                    {
                        "value": 200,
                        "clue": "The shortwave band begins at about 1700 these units abbreviated kHz; below that you're in AM territory",
                        "solution": "What is kilohertz"
                    },
                    {
                        "value": 400,
                        "clue": "Mainly funded by the CIA, this broadcasting operation began transmitting behind the Iron Curtain in 1949",
                        "solution": "What is Radio Free Europe"
                    },
                    {
                        "value": 600,
                        "clue": "One book calls this 12-letter word the \"arch-enemy of shortwave listeners\"; I just call it annoying",
                        "solution": "What is interference"
                    },
                    {
                        "value": 800,
                        "clue": "This service that broadcasts from Abuja & Lagos has a name reflecting that of the USA's official radio service",
                        "solution": "What is Voice of Nigeria"
                    },
                    {
                        "value": 1000,
                        "clue": "To catch the BBC at 1700 UTC, or Universal Time Coordinated, tune in at this morning hour Pacific Standard time",
                        "solution": "What is 9:00 AM"
                    }
                ]
            },
            {
                "category": "SMALL TOWN FOLKS",
                "clues": [
                    {
                        "value": 200,
                        "clue": "This popcorn magnate burst into the world on July 16, 1907 in Brazil, Indiana",
                        "solution": "What is Orville Redenbacher"
                    },
                    {
                        "value": 400,
                        "clue": "As a player, this man led tiny Williston, N.D. High to the state basketball championships",
                        "solution": "What is Phil Jackson"
                    },
                    {
                        "value": 600,
                        "clue": "Last name of Cecile, Yvonne, Annette, Emelie, & Marie, born May 28, 1934 in the village of Callendar, Ontario",
                        "solution": "What is Dionne"
                    },
                    {
                        "value": 1000,
                        "clue": "From Dublin, Mich. this actor & Verizon spokesman first used a phone when he won a college scholarship",
                        "solution": "What is James Earl Jones"
                    }
                ]
            },
            {
                "category": "MICRONESIA",
                "clues": [
                    {
                        "value": 200,
                        "clue": "The only native mammal in Micronesia is this flying one",
                        "solution": "What is a bat"
                    },
                    {
                        "value": 400,
                        "clue": "In the 1950s Enewetak & this atoll consisted the Pacific proving ground of the U.S. Atomic Energy Commission",
                        "solution": "What is Bikini Atoll"
                    },
                    {
                        "value": 600,
                        "clue": "The name Micronesia comes from 2 Greek words, micro & nesos, which mean this",
                        "solution": "What is small island"
                    },
                    {
                        "value": 800,
                        "clue": "In Agana, the capital of this U.S. territory, you can visit Latte Stone Park & see stone pillars from a prehistoric people",
                        "solution": "What is Guam"
                    },
                    {
                        "value": 1000,
                        "clue": "Most of the Caroline Islands are now a part of this independent country known as FSM for short",
                        "solution": "What is the Federated States of Micronesia"
                    }
                ]
            },
            {
                "category": "A \"TINY\" CATEGORY",
                "clues": [
                    {
                        "value": 200,
                        "clue": "Probably the most famous ukulele player to have a top 40 hit, his name came from a Charles Dickens character",
                        "solution": "What is Tiny Tim"
                    },
                    {
                        "value": 400,
                        "clue": "Leon Prober composed this Don Ho standard",
                        "solution": "What is \"Tiny Bubbles\""
                    },
                    {
                        "value": 600,
                        "clue": "1980s Boston Celtics standout Nate",
                        "solution": "What is \"Tiny\" Archibald"
                    },
                    {
                        "value": 800,
                        "clue": "This TV show featured younger versions of classic Warner Bros. animated characters",
                        "solution": "What is Tiny Toon Adventures (Tiny Toons accepted)"
                    },
                    {
                        "value": 1000,
                        "clue": "In the Oscar-nominated song, the 3 words that follow \"Thumbelina, Thumbelina...\"",
                        "solution": "What is \"Tiny Little Thing\""
                    }
                ]
            },
            {
                "category": "MY NEWT",
                "clues": [
                    {
                        "value": 400,
                        "clue": "When my newt developed this pair of organs, it was ready to start living on land & be called an eft",
                        "solution": "What is lungs"
                    },
                    {
                        "value": 600,
                        "clue": "My newt takes pride in how carefully female newts attach these individually to aquatic plants",
                        "solution": "What is her eggs"
                    },
                    {
                        "value": 800,
                        "clue": "It's no fun for my newt to hug his European cousin named for these bumps attributed to toads",
                        "solution": "What is warts"
                    },
                    {
                        "value": 1000,
                        "clue": "My newt wonders why newts aren't a Japanese delicacy like this fish that secretes the same poison",
                        "solution": "What is blowfish (or fugu)"
                    }
                ]
            }
        ],
        "double": [
            {
                "category": "TALL BUILDINGS",
                "clues": [
                    {
                        "value": 400,
                        "clue": "If a chunk of this New England city's Travelers Tower falls on you, we're confident they're insured",
                        "solution": "What is Hartford, Connecticut"
                    },
                    {
                        "value": 800,
                        "clue": "Manhattan's Lever House helped usher in the era of the building style known as a box of this material",
                        "solution": "What is glass"
                    },
                    {
                        "value": 1200,
                        "clue": "You might expect decor by Michelangelo at the over 500-foot towers with this name in Dallas & Detroit",
                        "solution": "What is Renaissance"
                    },
                    {
                        "value": 1600,
                        "clue": "The Jin Mao Building, China's tallest, is in this commercial center in the east of the country",
                        "solution": "What is Shanghai"
                    }
                ]
            },
            {
                "category": "SPORTS GIANTS",
                "clues": [
                    {
                        "value": 400,
                        "clue": "In 1946, Elmore Morgenthaler was the first NBA player with this physical distinction",
                        "solution": "What is being 7 feet tall"
                    },
                    {
                        "value": 800,
                        "clue": "Through 2003 this pitcher now with Arizona had 3,871 strikeouts in 3,122 innings",
                        "solution": "What is Randy Johnson"
                    },
                    {
                        "value": 1600,
                        "clue": "Known as \"Tooz\", he played defensive line for the Raiders & played Tonda in the film \"Caveman\"",
                        "solution": "What is John Matuszak"
                    },
                    {
                        "value": 2000,
                        "clue": "(I'm Hall of Famer Dan Hampton.) My Hall of Fame biography mentions this beastly nickname that came from my first name & my fierce attitude",
                        "solution": "What is \"Danimal\""
                    }
                ]
            },
            {
                "category": "HEAPING PORTIONS",
                "clues": [
                    {
                        "value": 400,
                        "clue": "This \"male\" brand of frozen dinners contains more than 1 pound of food; the XXL line has 1 1/2 pounds",
                        "solution": "What is Hungry-Man"
                    },
                    {
                        "value": 800,
                        "clue": "The Overtons named this restaurant for a certain dessert; it's known for its large menu & giant portions",
                        "solution": "What is Cheesecake Factory"
                    },
                    {
                        "value": 1200,
                        "clue": "A 32-ounce soft drink at 7-Eleven has this trademarked name",
                        "solution": "What is Big Gulp"
                    },
                    {
                        "value": 1600,
                        "clue": "(Jimmy of the Clue Crew points to three stacks of different-sized paper cups in a Starbucks in Seattle, Washington.) At Starbucks, tall is only 12 ounces, grande is 16 ounces & this, Italian for 20, is 20 ounces",
                        "solution": "What is venti"
                    },
                    {
                        "value": 2000,
                        "clue": "This bottle size named for one of the Magi is the equivalent of 16 standard bottles of wine",
                        "solution": "What is Balthazar"
                    }
                ]
            },
            {
                "category": "LOTS OF SPACE",
                "clues": [
                    {
                        "value": 400,
                        "clue": "NASA has 134 of these & has no current plan to hire more",
                        "solution": "What is astronauts"
                    },
                    {
                        "value": 800,
                        "clue": "On August 27, 2003 this planet reached its closest point to Earth in nearly 60,000 years",
                        "solution": "What is Mars"
                    },
                    {
                        "value": 1200,
                        "clue": "In 1965, Belyayev just had to sit there while his partner Leonov became the first to do this",
                        "solution": "What is walk in space"
                    },
                    {
                        "value": 1600,
                        "clue": "In 1945 this \"Space Odyssey\" author suggested a space-based telecommunication system",
                        "solution": "What is Arthur Clarke"
                    },
                    {
                        "value": 2000,
                        "clue": "Try & come up with this name of the Apollo 15 command module or the shuttle first launched in 1992",
                        "solution": "What is Endeavor"
                    }
                ]
            },
            {
                "category": "THE VAST & THE FURIOUS",
                "clues": [
                    {
                        "value": 400,
                        "clue": "The shortest \"war\" in history, 45 minutes, occured in 1896 between Zanzibar & naval forces of this vast empire",
                        "solution": "What is the British Empire"
                    },
                    {
                        "value": 800,
                        "clue": "This nation of 200 million has fought small independence movements like those in Aceh & East Timor",
                        "solution": "What is Indonesia"
                    }
                ]
            },
            {
                "category": "BIG WORDS",
                "clues": [
                    {
                        "value": 400,
                        "clue": "A person who fought against slavery, like John Brown, was termed this 12-letter word",
                        "solution": "What is abolitionist"
                    },
                    {
                        "value": 800,
                        "clue": "This instrument, often attached to an inflatable cuff, is used to measure blood pressure",
                        "solution": "What is a sphygmomanometer"
                    },
                    {
                        "value": 1200,
                        "clue": "This 11-letter word for \"sleight of hand\" is from the French for \"light of hand\"",
                        "solution": "What is legerdemain"
                    },
                    {
                        "value": 1600,
                        "clue": "This adjective refers to a 150th anniversary",
                        "solution": "What is sesquicentennial"
                    },
                    {
                        "value": 2000,
                        "clue": "28-letter term for opposition to the withdrawal of state support, as for the Anglican church",
                        "solution": "What is antidisestablishmentarianism"
                    }
                ]
            }
        ],
        "final": {
            "category": "HISTORIC MEDIUMS",
            "clue": "In the '20s the alleged spirit powers of Margery caused a rift between these 2 men, a magician & a writer",
            "solution": "What is Harry Houdini & Sir Arthur Conan Doyle"
        }
    }
}