{
    "game": {
        "single": [
            {
                "category": "THE ATLANTIC OCEAN",
                "clues": [
                    {
                        "value": 100,
                        "clue": "This expensive treat may be the eggs of the north Atlantic lumpfish; read the label!",
                        "solution": "What is Caviar"
                    },
                    {
                        "value": 200,
                        "clue": "Of the Earth's oceans, the Atlantic ranks here in size",
                        "solution": "What is Second"
                    },
                    {
                        "value": 300,
                        "clue": "In 1932 she crossed the Atlantic alone in 13 hours, 30 minutes",
                        "solution": "What is Amelia Earhart"
                    },
                    {
                        "value": 400,
                        "clue": "In July 1866 one of these was laid across the Atlantic by the Great Eastern Steamer",
                        "solution": "What is Cable"
                    },
                    {
                        "value": 500,
                        "clue": "This \"sea\" that lies between the Azores & the West Indies is named for the brown gulfweed floating in it",
                        "solution": "What is Sargasso Sea"
                    }
                ]
            },
            {
                "category": "CELEBRITY ASTROLOGY",
                "clues": [
                    {
                        "value": 100,
                        "clue": "Little Richard & Rich Little were both born under this sign of the archer",
                        "solution": "What is Sagittarius"
                    },
                    {
                        "value": 200,
                        "clue": "People born under this fishy sign, like Tommy Tune, are often slim & make excellent dancers",
                        "solution": "What is Pisces"
                    },
                    {
                        "value": 300,
                        "clue": "David Copperfield & Claudia Schiffer must have a lot in common; they share this \"maidenly\" sign",
                        "solution": "What is Virgo"
                    },
                    {
                        "value": 400,
                        "clue": "Roger Ebert is a Gemini & this partner is an Aquarius; hmmm, their signs are supposed to be compatible",
                        "solution": "What is Gene Siskel"
                    },
                    {
                        "value": 500,
                        "clue": "Sissy Spacek was born on Christmas Day, so this is her sign",
                        "solution": "What is Capricorn"
                    }
                ]
            },
            {
                "category": "U.S. COINS",
                "clues": [
                    {
                        "value": 100,
                        "clue": "The design of the Franklin half dollar includes a deliberate crack in this object",
                        "solution": "What is The Liberty Bell"
                    },
                    {
                        "value": 200,
                        "clue": "The face value of the 1-ounce gold American Eagle is $50; this is the face value of the 1/10-ounce",
                        "solution": "What is $5"
                    },
                    {
                        "value": 300,
                        "clue": "The figure on a Mercury dime is actually Liberty wearing these on her head, like Mercury",
                        "solution": "What is Wings"
                    },
                    {
                        "value": 400,
                        "clue": "On the back of some of the Denver Mint's 1937 nickels, this animal is missing a leg",
                        "solution": "What is Buffalo"
                    },
                    {
                        "value": 500,
                        "clue": "Next U.S. one-dollar coin in order: Morgan, Peace, Eisenhower....",
                        "solution": "What is Susan B. Anthony"
                    }
                ]
            },
            {
                "category": "ANNUAL EVENTS",
                "clues": [
                    {
                        "value": 100,
                        "clue": "In October Waynesville, Ohio hosts a 2-day festival devoted to this fermented cabbage dish",
                        "solution": "What is Sauerkraut"
                    },
                    {
                        "value": 200,
                        "clue": "In mid-July this Maine capital celebrates its Franco-American heritage with Le Festival de la Bastille",
                        "solution": "What is Augusta"
                    },
                    {
                        "value": 300,
                        "clue": "Each summer Bridgeport, Connecticut holds a festival honoring this circus showman",
                        "solution": "What is P.T. Barnum"
                    },
                    {
                        "value": 400,
                        "clue": "Many Mexican-Americans celebrate this day on when Mexico defeated France at the Battle of Puebla",
                        "solution": "What is Cinco de Mayo"
                    },
                    {
                        "value": 500,
                        "clue": "The colors green for hope & red for struggle are prominently displayed during this African-American festival",
                        "solution": "What is Kwanzaa"
                    }
                ]
            },
            {
                "category": "LIONS, TIGERS & BEARS",
                "clues": [
                    {
                        "value": 100,
                        "clue": "Of the males of the 3, the one that can weigh the most",
                        "solution": "What is Bear"
                    },
                    {
                        "value": 200,
                        "clue": "The 2 you'd find naturally in Siberia",
                        "solution": "What is Bears & tigers"
                    },
                    {
                        "value": 300,
                        "clue": "The 2 that are digitigrade toe-walkers, as opposed to plantigrade, like humans",
                        "solution": "What is Lions & tigers"
                    }
                ]
            },
            {
                "category": "OH \"MI\"",
                "clues": [
                    {
                        "value": 100,
                        "clue": "Math sign that looks like a hyphen",
                        "solution": "What is Minus sign"
                    },
                    {
                        "value": 200,
                        "clue": "2 Samuel 1:25 proclaims \"How\" have they \"fallen in the midst of the battle!\"",
                        "solution": "What is The mighty"
                    },
                    {
                        "value": 300,
                        "clue": "The process of a cell with 46 chromosomes spilitting into 2 cells, each also with 46 chromosomes",
                        "solution": "What is Mitosis"
                    },
                    {
                        "value": 400,
                        "clue": "This city's Herald was founded in 1910",
                        "solution": "What is Miami"
                    },
                    {
                        "value": 500,
                        "clue": "Muscovite is a white type of this rock that splits into thin leaves",
                        "solution": "What is mica"
                    }
                ]
            }
        ],
        "double": [
            {
                "category": "ARCHAEOLOGY",
                "clues": [
                    {
                        "value": 200,
                        "clue": "Some still believe a stone found in Kensington, Minn. proves these seafarers once visited there",
                        "solution": "What is Vikings"
                    },
                    {
                        "value": 400,
                        "clue": "In 1996 Franck Goddio found the ruins of this queen's palace in the port of Alexandria",
                        "solution": "What is Cleopatra"
                    },
                    {
                        "value": 600,
                        "clue": "In 1881 Claudius Rich surveyed this ancient city, including Nebuchadnezzar's summer palace",
                        "solution": "What is Babylon"
                    },
                    {
                        "value": 1000,
                        "clue": "In November 1996 remains believed to be this pirate's ship were found off North Carolina",
                        "solution": "What is Blackbeard"
                    }
                ]
            },
            {
                "category": "AUTHORS ON AUTHORS",
                "clues": [
                    {
                        "value": 200,
                        "clue": "Ogden Nash rhymed, \"I'm fond of women, also wine, but not the song of\" this Toklas pal",
                        "solution": "What is Gertrude Stein"
                    },
                    {
                        "value": 400,
                        "clue": "In 1922 this novelist said of Ezra Pound, \"He's teaching me to write, and I'm teaching him to box\"",
                        "solution": "What is Ernest Hemingway"
                    },
                    {
                        "value": 600,
                        "clue": "Longfellow said this \"Pride And Prejudice\" author's writings \"Are a capital picture of real life\"",
                        "solution": "What is Jane Austen"
                    },
                    {
                        "value": 800,
                        "clue": "To Robert Greene, Shakespeare was \"An upstart\" one of these black birds, \"beautified with our feathers\"",
                        "solution": "What is Crow"
                    },
                    {
                        "value": 1000,
                        "clue": "Yeats described this \"Arms And The Man\" playwright as \"An athiest who trembles in the haunted corridor\"",
                        "solution": "What is George Bernard Shaw"
                    }
                ]
            },
            {
                "category": "HERBS & SPICES",
                "clues": [
                    {
                        "value": 600,
                        "clue": "The fleshy orange coat around the seed of this spice is peeled off & dried to form mace",
                        "solution": "What is Nutmeg"
                    },
                    {
                        "value": 800,
                        "clue": "Also called Chinese parsley, it's a welcome addition to rice or salsa when chopped",
                        "solution": "What is Cilantro"
                    },
                    {
                        "value": 1000,
                        "clue": "The name of this herb essential to French cooking is derived from the Greek for \"dragon\"",
                        "solution": "What is Tarragon"
                    }
                ]
            },
            {
                "category": "WORLD GEOGRAPHY",
                "clues": [
                    {
                        "value": 200,
                        "clue": "The Great Karroo & the Little Karroo are dry tablelands in this African country's Cape Mountains region",
                        "solution": "What is South Africa"
                    },
                    {
                        "value": 400,
                        "clue": "The island of Anglesey, which the Welsh call Ynys Mon, lies off the northwest coast of Wales in this sea",
                        "solution": "What is Irish Sea"
                    },
                    {
                        "value": 600,
                        "clue": "This Baltic country's major cities include Kaunas, Klaipeda & Vilnius",
                        "solution": "What is Lithuania"
                    },
                    {
                        "value": 800,
                        "clue": "The only river in this Chilean desert to reach the sea is the Loa",
                        "solution": "What is Atacama"
                    },
                    {
                        "value": 1000,
                        "clue": "The westernmost of Canada's prairie provinces, it's bordered on the west by British Columbia",
                        "solution": "What is Alberta"
                    }
                ]
            },
            {
                "category": "JOHN BROWN",
                "clues": [
                    {
                        "value": 200,
                        "clue": "Brown's Pennsylvania home was a \"station\" on this",
                        "solution": "What is The Underground Railroad"
                    },
                    {
                        "value": 400,
                        "clue": "2 of Brown's sons were killed during the attack on the federal arsenal at this site October 16, 1859",
                        "solution": "What is Harper's Ferry"
                    },
                    {
                        "value": 600,
                        "clue": "This 1862 song shared the melody from the chorus of \"John Brown's Body\"",
                        "solution": "What is \"The Battle Hymn of the Republic\""
                    },
                    {
                        "value": 800,
                        "clue": "In 1855 Brown & 5 of his sons went to this territory to help the antislavery battle & while there get some land",
                        "solution": "What is Kansas"
                    },
                    {
                        "value": 1000,
                        "clue": "In 1858 this president of the U.S. with the same initials offered a reward for Brown's capture",
                        "solution": "What is James Buchanan"
                    }
                ]
            },
            {
                "category": "____ IN THE ____",
                "clues": [
                    {
                        "value": 200,
                        "clue": "In 1979 this TV sitcom got a new setting & a new title, \"Archie Bunker's Place\"",
                        "solution": "What is \"All In The Family\""
                    },
                    {
                        "value": 600,
                        "clue": "Harry Chapin's only No. 1 song; country singer Ricky Skaggs also had a hit with it, in 1996",
                        "solution": "What is \"Cat's In The Cradle\""
                    },
                    {
                        "value": 800,
                        "clue": "V.C. Andrews' career as an author took off with this 1979 novel",
                        "solution": "What is \"Flowers In The Attic\""
                    },
                    {
                        "value": 1000,
                        "clue": "In this 1995 film Christian Slater defends Alcatraz inmate Kevin Bacon after he kills another prisoner",
                        "solution": "What is \"Murder In The First\""
                    }
                ]
            }
        ],
        "final": {
            "category": "COMPOSERS",
            "clue": "Composer whose works inspired stage hits by David Henry Hwang & Jonathan Larson",
            "solution": "What is Giacomo Puccini"
        }
    }
}