{
    "game": {
        "single": [
            {
                "category": "STATES OF THE UNION",
                "clues": [
                    {
                        "value": 200,
                        "clue": "Part of this big state crosses the 180th meridian of longitude",
                        "solution": "What is Alaska"
                    },
                    {
                        "value": 400,
                        "clue": "With a population of about 120,000, Columbia is this state's most populous city",
                        "solution": "What is South Carolina"
                    },
                    {
                        "value": 600,
                        "clue": "These 2 states have the shortest coasts on the Gulf of Mexico, only about 50 miles apiece",
                        "solution": "What is Alabama & Mississippi"
                    },
                    {
                        "value": 800,
                        "clue": "This state has the highest average altitude of any state east of the Mississippi; must be pretty \"mountainous\"",
                        "solution": "What is West Virginia"
                    },
                    {
                        "value": 1000,
                        "clue": "Tears were shed when the Teddy Bear Museum in Naples in this state closed its doors forever in 2005",
                        "solution": "What is Florida"
                    }
                ]
            },
            {
                "category": "BREAKFAST CEREALS",
                "clues": [
                    {
                        "value": 200,
                        "clue": "Since 1979 it's been tempting the \"tummy with the taste of nuts & honey\"",
                        "solution": "What is Honey Nut Cheerios"
                    },
                    {
                        "value": 400,
                        "clue": "As its name suggests, this General Mills cereal provides 100% daily value of 12 vitamins & minerals",
                        "solution": "What is Total"
                    },
                    {
                        "value": 600,
                        "clue": "About a third of all Life cereal sold is of this flavor introduced in 1978",
                        "solution": "What is cinnamon"
                    },
                    {
                        "value": 800,
                        "clue": "Introduced in the 1980s, it's the trademark name for a cereal of \"seven whole grains & sesame\" & little puffs",
                        "solution": "What is Kashi"
                    },
                    {
                        "value": 1000,
                        "clue": "This cereal from Kellogg's is \"crispy rice on one side, crunchy corn on the other\"",
                        "solution": "What is Crispix"
                    }
                ]
            },
            {
                "category": "PUBLIC DOMAIN JUKEBOX",
                "clues": [
                    {
                        "value": 600,
                        "clue": "You might need to join A.A. if you take this song literally",
                        "solution": "What is \"Little Brown Jug\""
                    }
                ]
            },
            {
                "category": "WHICH U.S. CABINET DEPT.?",
                "clues": [
                    {
                        "value": 200,
                        "clue": "Federal Motor Carrier Safety Administration",
                        "solution": "What is the Department of Transportation"
                    },
                    {
                        "value": 400,
                        "clue": "Grain Inspection, Packers & Stockyards Administration",
                        "solution": "What is the Department of Agriculture"
                    },
                    {
                        "value": 600,
                        "clue": "U.S. Fish & Wildlife Service",
                        "solution": "What is the Department of the Interior"
                    },
                    {
                        "value": 800,
                        "clue": "Office of Civilian Radioactive Waste Management",
                        "solution": "What is the Department of Energy"
                    },
                    {
                        "value": 1000,
                        "clue": "Government National Mortgage Association",
                        "solution": "What is the Department of Housing and Urban Development (HUD)"
                    }
                ]
            },
            {
                "category": "MOVIE KISSES",
                "clues": [
                    {
                        "value": 200,
                        "clue": "Tobey Maguire said kissing Kirsten Dunst upside-down in the rain was the hardest thing he's done as this superhero",
                        "solution": "What is Spider-Man"
                    },
                    {
                        "value": 400,
                        "clue": "In \"To Have and Have Not\", she kisses Bogart & says, \"It's even better when you help\"",
                        "solution": "What is Lauren Bacall"
                    },
                    {
                        "value": 600,
                        "clue": "A mutt & a cocker spaniel slurp spaghetti & smooch in this 1955 classic",
                        "solution": "What is Lady and the Tramp"
                    },
                    {
                        "value": 800,
                        "clue": "1940s classic film in which the heroine says, \"Kiss me. Kiss me as if it were the last time\"",
                        "solution": "What is Casablanca"
                    },
                    {
                        "value": 1000,
                        "clue": "1981 drama in which Norman Thayer asks wife Ethel, \"Wanna dance or would you rather just suck face?\"",
                        "solution": "What is On Golden Pond"
                    }
                ]
            },
            {
                "category": "HOW ABOUT A LITTLE ROMANCE LANGUAGE?",
                "clues": [
                    {
                        "value": 200,
                        "clue": "Around the Vatican you might be able to practice this source language of all Romance languages",
                        "solution": "What is Latin"
                    },
                    {
                        "value": 400,
                        "clue": "Of Catalan, Bulgarian or Romanian, the one that is not a Romance language",
                        "solution": "What is Bulgarian"
                    },
                    {
                        "value": 600,
                        "clue": "It's the most widely spoken Romance language in the world",
                        "solution": "What is Spanish"
                    },
                    {
                        "value": 800,
                        "clue": "Ligurian, Lombard & Piedmontese are all dialects of this Romance language",
                        "solution": "What is Italian"
                    },
                    {
                        "value": 1000,
                        "clue": "Linguists trace Romance languages back to this hyphenated family of languages",
                        "solution": "What is Indo-European"
                    }
                ]
            }
        ],
        "double": [
            {
                "category": "THE JAPANESE TEA CEREMONY",
                "clues": [
                    {
                        "value": 400,
                        "clue": "(Cheryl of the Clue Crew delivers the clue from Kyoto, Japan.) Among the many utensils used in the ceremony are the chashaku, or scoop, & a chasen, or wisk, made from a single piece of this",
                        "solution": "What is bamboo"
                    },
                    {
                        "value": 800,
                        "clue": "(Jimmy of the Clue Crew delivers the clue from Kyoto, Japan.) Crawling or crouching through the door to enter the room signifies kenson, Japanese for this 8-letter opposite of pride",
                        "solution": "What is humility"
                    },
                    {
                        "value": 1200,
                        "clue": "(Cheryl of the Clue Crew delivers the clue from Kyoto, Japan.) Like the altar of a Zen chapel which inspired it, the tokonoma, a decorated alcove, faces this direction, thought lucky due to its exposure to sunlight",
                        "solution": "What is south"
                    },
                    {
                        "value": 1600,
                        "clue": "(Cheryl of the Clue Crew delivers the clue from Kyoto, Japan.) Many elements of the ceremony like the fire & water, the open tea bowl & the closed tea caddy, represent these two complementary forces of nature borrowed from the Chinese",
                        "solution": "What is yin & yang"
                    },
                    {
                        "value": 2000,
                        "clue": "(Jimmy of the Clue Crew delivers the clue from Kyoto, Japan.) Once, sitting on these mats could signify one's noble stature; today, everyone sits on them for the tea ceremony",
                        "solution": "What is tatami"
                    }
                ]
            },
            {
                "category": "MYTHICAL MENAGERIE",
                "clues": [
                    {
                        "value": 400,
                        "clue": "Nessus, one of these half-horse creatures, tried to abduct Hercules' wife; big mistake",
                        "solution": "What is a Centaur"
                    },
                    {
                        "value": 800,
                        "clue": "Every 500 years or so, this bird was reborn from its own ashes",
                        "solution": "What is the Phoenix"
                    },
                    {
                        "value": 1200,
                        "clue": "The Nemean Lion was the sibling of this monster who liked to riddle people with her own riddle before eating them",
                        "solution": "What is the Sphinx"
                    },
                    {
                        "value": 1600,
                        "clue": "It wasn't hard for this Lernaean serpent to get ahead; every time one of its heads was cut off, 2 grew in its place",
                        "solution": "What is the Hydra"
                    },
                    {
                        "value": 2000,
                        "clue": "She was a beautiful nymph before she was turned into a sea monster, doomed to live in a cave opposite Charybdis",
                        "solution": "What is Scylla"
                    }
                ]
            },
            {
                "category": "WESTWARD EXPANSION OF THE U.S.",
                "clues": [
                    {
                        "value": 400,
                        "clue": "It created an all-water link from NYC to the Great Lakes & opened up the settlement of the Great Lakes area",
                        "solution": "What is the Erie Canal"
                    },
                    {
                        "value": 800,
                        "clue": "On May 10, 1869 telegraph operators in Utah signaled the nation that this had been completed",
                        "solution": "What is the Transcontinental Railway"
                    },
                    {
                        "value": 1200,
                        "clue": "This 1862 act gave 160 acres of free land to anyone who had lived on it & improved it for 5 years",
                        "solution": "What is the Homestead Act"
                    },
                    {
                        "value": 1600,
                        "clue": "In the 1846 Oregon Treaty, the British gave up claims to all territory below the 49th parallel except this large island",
                        "solution": "What is Vancouver Island"
                    },
                    {
                        "value": 2000,
                        "clue": "This 1853 deal that brought the U.S. chunks of New Mexico & Arizona is known in Mexico as the sale of La Mesilla",
                        "solution": "What is the Gadsden Purchase"
                    }
                ]
            },
            {
                "category": "HOSPITALS",
                "clues": [
                    {
                        "value": 400,
                        "clue": "Of U.S. News & Word Report's 5 top U.S. hospitals in pediatrics, 4 include these 2 words in their names",
                        "solution": "What is Children's Hospital"
                    },
                    {
                        "value": 800,
                        "clue": "There's a stroke center at Boswell Hospital in this Arizona retirement city",
                        "solution": "What is Sun City"
                    },
                    {
                        "value": 1200,
                        "clue": "An L.A. \"home for the incurables\" named for this holy mountain later merged with Cedars of Lebanon",
                        "solution": "What is Mount Sinai"
                    },
                    {
                        "value": 1600,
                        "clue": "London's HTD, Hospital for these Diseases, has a consultant parasitologist & leprologist",
                        "solution": "What is tropical diseases"
                    }
                ]
            },
            {
                "category": "BESTSELLERS OF THE DECADE",
                "clues": [
                    {
                        "value": 400,
                        "clue": "\"Jaws\" & \"Jonathan Livingston Seagull\"",
                        "solution": "What is the 1970s"
                    },
                    {
                        "value": 800,
                        "clue": "\"Red Storm Rising\" & \"The Prince of Tides\"",
                        "solution": "What is the 1980s"
                    },
                    {
                        "value": 1200,
                        "clue": "\"The Agony and the Ecstasy\" & \"You Only Live Twice\"",
                        "solution": "What is the 1960s"
                    },
                    {
                        "value": 1600,
                        "clue": "\"Forever Amber\" & \"The Naked and the Dead\"",
                        "solution": "What is the 1940s"
                    },
                    {
                        "value": 2000,
                        "clue": "\"Arrowsmith\" & \"The Age of Innocence\"",
                        "solution": "What is the 1920s"
                    }
                ]
            },
            {
                "category": "\"G\" WHIZ",
                "clues": [
                    {
                        "value": 400,
                        "clue": "Battles between these fighters in the Roman Colosseum were stopped in 404 A.D.",
                        "solution": "What is the gladiators"
                    },
                    {
                        "value": 800,
                        "clue": "Bartenders use it to make an orange blossom",
                        "solution": "What is gin"
                    },
                    {
                        "value": 1200,
                        "clue": "These large masses of slow-moving ice occur where winter snowfall exceeds summer melt",
                        "solution": "What is glaciers"
                    },
                    {
                        "value": 1600,
                        "clue": "Rich in phosphates, this waste matter left by bats & seabirds can be a valuable commodity",
                        "solution": "What is guano"
                    },
                    {
                        "value": 2000,
                        "clue": "In construction, it's a horizontal load-bearing structural member",
                        "solution": "What is a girder"
                    }
                ]
            }
        ],
        "final": {
            "category": "WORD HISTORY",
            "clue": "This term for a deadly substance may derive from the name of a love goddess",
            "solution": "What is venom"
        }
    }
}