{
    "game": {
        "single": [
            {
                "category": "IT'S GOT ELECTROLYTES",
                "clues": [
                    {
                        "value": 200,
                        "clue": "Well, blow me down! Popeye would be big on New Zealand this, high in nutrients & low in calories & fat",
                        "solution": "What is spinach"
                    },
                    {
                        "value": 400,
                        "clue": "Calcium is one of the many healthful things in this fish",
                        "solution": "What is sardines"
                    },
                    {
                        "value": 600,
                        "clue": "OK, kids have never fallen for the \"Nature's Candy\" thing, but these, made from Thompson seedless grapes, are good!",
                        "solution": "What is raisins"
                    },
                    {
                        "value": 800,
                        "clue": "Ward off high blood pressure with the magnesium in these legumes with haricot & adzuki varieties",
                        "solution": "What is beans"
                    },
                    {
                        "value": 1000,
                        "clue": "We like this potassium-rich fruit that comes in a blue Java variety a whole bunch",
                        "solution": "What is bananas"
                    }
                ]
            },
            {
                "category": "ANCIENT STUFF",
                "clues": [
                    {
                        "value": 200,
                        "clue": "In the 5th century B.C., Xerxes, the king of this empire, invaded Greece & occupied Athens",
                        "solution": "What is Persia"
                    },
                    {
                        "value": 400,
                        "clue": "Demosthenes urged the Greeks to fight, lest they be enslaved by this 359 to 336 B.C. Macedonian king & famous dad",
                        "solution": "What is Philip"
                    },
                    {
                        "value": 600,
                        "clue": "Epictetus was a leading thinker of this stonefaced group & his philosophic talks influenced Emperor Marcus Aurelius",
                        "solution": "What is the Stoics"
                    },
                    {
                        "value": 800,
                        "clue": "Working alongside the sculptor Phidias, Ictinus was the architect of this building in Athens",
                        "solution": "What is the Parthenon"
                    },
                    {
                        "value": 1000,
                        "clue": "Subject of a lesser-known Shakespeare play, he was a 1st-century king of Britain & father of Caractacus",
                        "solution": "What is Cymbeline"
                    }
                ]
            },
            {
                "category": "NEW TO THE OXFORD ENGLISH DICTIONARY",
                "clues": [
                    {
                        "value": 200,
                        "clue": "This 5-syllable Italian farewell wish",
                        "solution": "What is arrivederci"
                    },
                    {
                        "value": 400,
                        "clue": "This brand of sharp knife with a pseudo-Japanese name",
                        "solution": "What is a Ginsu knife"
                    },
                    {
                        "value": 600,
                        "clue": "This, Spanish for \"rice with chicken\"",
                        "solution": "What is arroz con pollo"
                    },
                    {
                        "value": 800,
                        "clue": "This baseball word for a ball hit directly to the pitcher",
                        "solution": "What is a comebacker"
                    },
                    {
                        "value": 1000,
                        "clue": "This hyphenated term describing a political environment in which facts are less important than belief",
                        "solution": "What is post-truth"
                    }
                ]
            },
            {
                "category": "SAN CITY, CALIFORNIA",
                "clues": [
                    {
                        "value": 200,
                        "clue": "San Diego's Balboa Park has more than a dozen museums, a Friendship Garden & this attraction with 3 million-plus visitors a year",
                        "solution": "What is the zoo"
                    },
                    {
                        "value": 400,
                        "clue": "This city is home to the NHL's Sharks",
                        "solution": "What is San Jose"
                    },
                    {
                        "value": 600,
                        "clue": "In 1953 Beat poet Lawrence Ferlinghetti founded City Lights bookstore in this city",
                        "solution": "What is San Francisco"
                    },
                    {
                        "value": 800,
                        "clue": "This type of bird famously returns to city of San Juan Capistrano each year in March",
                        "solution": "What is a swallow"
                    },
                    {
                        "value": 1000,
                        "clue": "Once home to the estate of railroad magnate Henry E. Huntington, this city shares its name with a tiny European republic",
                        "solution": "What is San Marino"
                    }
                ]
            },
            {
                "category": "GREED, OH!",
                "clues": [
                    {
                        "value": 200,
                        "clue": "CNBC's David Faber wrote \"And Then the Roof Caved In: How\" this street's \"Greed & Stupidity Brought Capitalism to Its Knees\"",
                        "solution": "What is Wall Street"
                    },
                    {
                        "value": 400,
                        "clue": "In \"Treasure of the Sierra Madre\", he plays gold-greedy Fed C. Dobbs, sweetheart",
                        "solution": "What is Bogart"
                    },
                    {
                        "value": 600,
                        "clue": "On a Kanye song, this type of woman \"take my money when I'm in need, yea, she's a trifling friend indeed\"",
                        "solution": "What is a golddigger"
                    },
                    {
                        "value": 800,
                        "clue": "The greed of this title Sinclair Lewis character spurs him into leading a burgeoning Methodist congregation",
                        "solution": "What is Elmer Gantry"
                    },
                    {
                        "value": 1000,
                        "clue": "The greedy wolf Isengrim is the antagonist of this medieval fox",
                        "solution": "What is Reynard the fox"
                    }
                ]
            },
            {
                "category": "SHOT FIRST",
                "clues": [
                    {
                        "value": 200,
                        "clue": "\"'Red Sonja\", \"White Christmas\", \"Blue Jasmine\"",
                        "solution": "What is White Christmas"
                    },
                    {
                        "value": 400,
                        "clue": "\"La La Land\", \"Zombieland\", \"Tomorrowland\"",
                        "solution": "What is Zombieland"
                    },
                    {
                        "value": 600,
                        "clue": "\"Mrs. Brown\", \"Mrs. Doubtfire\", \"Mrs. Miniver\"",
                        "solution": "What is Mrs. Miniver"
                    },
                    {
                        "value": 800,
                        "clue": "\"Encino Man\", \"Rain Man\", \"Repo Man\"",
                        "solution": "What is Repo Man"
                    },
                    {
                        "value": 1000,
                        "clue": "\"You've Got Mail\", \"In the Good Old Summertime\", \"The Shop Around the Corner\"",
                        "solution": "What is The Shop Around the Corner"
                    }
                ]
            }
        ],
        "double": [
            {
                "category": "VINTAGE CARS WITH PEDIGREES",
                "clues": [
                    {
                        "value": 400,
                        "clue": "(Kelly of the Clue Crew presents from the Nethercutt Collection.) Just as the Great Depression hit, Cadillac unveiled its luxurious V-16; one of the first ordered was this beauty by this famed director of Biblical epics like \"The Ten Commandments\"",
                        "solution": "What is (Cecil B.) DeMille"
                    },
                    {
                        "value": 800,
                        "clue": "(Jimmy of the Clue Crew presents from the Nethercutt Collection.) The Nethercutt's 1928 Pierce Arrow was bedecked with flowers to carry the grand marshal of the 2010 Rose Parade, this heroic airline pilot who fit the parade's theme, \"A Cut Above the Rest\"",
                        "solution": "What is (Sully) Sullenberger"
                    },
                    {
                        "value": 1200,
                        "clue": "(Kelly of the Clue Crew presents from the Nethercutt Collection.) A skilled mechanic who liked to work on his own cars, this silent film star of \"The Sheik\" was at the height of his career when he bought the 1923 Voisin, whose cobra hood ornament was a gift from Douglas Fairbanks & Mary Pickford",
                        "solution": "What is Rudolph Valentino"
                    },
                    {
                        "value": 1600,
                        "clue": "(Jimmy of the Clue Crew presents from the Nethercutt Collection.) The 1930 Dupont Model G town car, personally restored by J.B. Nethercutt over 18 months, was featured in the 1982 film \"Annie\" as the car of this wealthy character",
                        "solution": "What is Daddy Warbucks"
                    },
                    {
                        "value": 2000,
                        "clue": "(Kelly of the Clue Crew presents from the Nethercutt Collection.) Exhibited at the 1933 Chicago World's Fair where it was the hit of the show, the SJ, a model of this car, was nicknamed the \"Twenty Grand\" for its asking price, making it a real doozy",
                        "solution": "What is a Duesenberg"
                    }
                ]
            },
            {
                "category": "THEIR BIGGEST BILLBOARD HITS",
                "clues": [
                    {
                        "value": 400,
                        "clue": "\"Hollaback Girl\"",
                        "solution": "What is Gwen Stefani"
                    },
                    {
                        "value": 800,
                        "clue": "\"Best Song Ever\"",
                        "solution": "What is One Direction"
                    },
                    {
                        "value": 1200,
                        "clue": "A hit in 2003, \"Don't Know Why\"",
                        "solution": "What is Norah Jones"
                    }
                ]
            },
            {
                "category": "WOMEN POETS",
                "clues": [
                    {
                        "value": 400,
                        "clue": "She began a poem, \"Because I could not stop for Death—he kindly stopped for me\"",
                        "solution": "What is Emily Dickinson"
                    },
                    {
                        "value": 800,
                        "clue": "Her 1967 New York Times obituary called her a \"poet, critic, sardonic humorist and literary wit\"",
                        "solution": "What is Dorothy Parker"
                    },
                    {
                        "value": 1200,
                        "clue": "Often compared to another New England poet, Maxine Kumin was dubbed this, the female equivalent of his name",
                        "solution": "What is Roberta Frost"
                    },
                    {
                        "value": 1600,
                        "clue": "Elizabeth Barrett Browning's \"On the Death of\" this poet mentions \"that Harold's pilgrimage at last is o'er\"",
                        "solution": "What is Lord Byron"
                    },
                    {
                        "value": 2000,
                        "clue": "Known for her confessional poetry, she won a 2013 Pulitzer Prize for \"Stag's Leap\", a book of poems about her divorce",
                        "solution": "What is Sharon Olds"
                    }
                ]
            },
            {
                "category": "NATIONAL RHYME TIME",
                "clues": [
                    {
                        "value": 400,
                        "clue": "A passing look in Toulouse",
                        "solution": "What is a France glance"
                    },
                    {
                        "value": 800,
                        "clue": "Bedroom communities just outside Belgrade",
                        "solution": "What is Serbia suburbia"
                    },
                    {
                        "value": 1200,
                        "clue": "A drum in Kinshasa",
                        "solution": "What is a Congo bongo"
                    },
                    {
                        "value": 1600,
                        "clue": "A strategy in Darfur",
                        "solution": "What is a Sudan plan"
                    },
                    {
                        "value": 2000,
                        "clue": "A task done regularly in an island city-state of Asia",
                        "solution": "What is Singapore chore"
                    }
                ]
            },
            {
                "category": "UNUSUAL ANIMALS",
                "clues": [
                    {
                        "value": 400,
                        "clue": "As well as a duck bill, this Aussie monotreme has a cloaca, an organ common in birds",
                        "solution": "What is a platypus"
                    },
                    {
                        "value": 800,
                        "clue": "Naked mole rats thrive in low-oxygen areas by switching the fueling of cells from glucose to this fruit sugar",
                        "solution": "What is fructose"
                    },
                    {
                        "value": 1200,
                        "clue": "The Sphynx cat was selectively bred so that it would have minimal this",
                        "solution": "What is fur"
                    },
                    {
                        "value": 1600,
                        "clue": "The unusual blue blood of the horseshoe type of this is used to detect bacterial toxins & test drugs for purity",
                        "solution": "What is crab"
                    },
                    {
                        "value": 2000,
                        "clue": "Although it's easy to find on Youtube, in real life, the slow type of this primate is endangered",
                        "solution": "What is a loris"
                    }
                ]
            },
            {
                "category": "IOU \"AE\"",
                "clues": [
                    {
                        "value": 1200,
                        "clue": "In astronomy they include Horsehead & Ring",
                        "solution": "What is nebulae"
                    },
                    {
                        "value": 1600,
                        "clue": "Used as a dietary supplement, nutrient-rich spirulina is a type of this",
                        "solution": "What is algae"
                    },
                    {
                        "value": 2000,
                        "clue": "The German answer to pasta is this dish of tiny noodles or dumplings whose name means \"little sparrows\"",
                        "solution": "What is spaetzle"
                    }
                ]
            }
        ],
        "final": {
            "category": "CENTRAL AMERICAN GEOGRAPHY",
            "clue": "One active, one dormant, Madera & Concepcion are volcanoes in this body of water that shares its name with a country",
            "solution": "What is Lake Nicaragua"
        }
    }
}