{
    "game": {
        "single": [
            {
                "category": "NEW YORK STATE",
                "clues": [
                    {
                        "value": 100,
                        "clue": "In 1991, New York ranked 2nd to Washington in the production of this crop, its leading fruit",
                        "solution": "What is Apple"
                    },
                    {
                        "value": 200,
                        "clue": "Slide Mountain is the highest peak in this range known for its resort hotels",
                        "solution": "What is Catskills"
                    },
                    {
                        "value": 300,
                        "clue": "The longest river wholly within the state; it's been called \"The Rhine of America\"",
                        "solution": "What is Hudson"
                    },
                    {
                        "value": 400,
                        "clue": "This Republican governor served 14 years; longer than any man since statehood",
                        "solution": "What is Nelson Rockefeller"
                    },
                    {
                        "value": 500,
                        "clue": "New York State is bordered by these two Great Lakes",
                        "solution": "What is Erie and Ontario"
                    }
                ]
            },
            {
                "category": "POP MUSIC",
                "clues": [
                    {
                        "value": 100,
                        "clue": "\"Photograph\" and \"You're Sixteen\" made him the only ex-Beatle to have two consecutive songs reach #1 in the U.S.",
                        "solution": "What is Ringo Starr"
                    },
                    {
                        "value": 200,
                        "clue": "This Stones hit begins \"It is the evening of the day, I sit and watch the children play\"",
                        "solution": "What is \"As Tears Go By\""
                    },
                    {
                        "value": 300,
                        "clue": "\"But don't forget who's takin' you home and in whose arms you're gonna be, so darlin', save\" this",
                        "solution": "What is \"The Last Dance For Me\""
                    },
                    {
                        "value": 400,
                        "clue": "This rock star of the '50s & '60s hit the charts again in the '70s with the Stone Canyon Band",
                        "solution": "What is Ricky Nelson"
                    },
                    {
                        "value": 500,
                        "clue": "This 1961 Lawrence Welk pop hit takes its title from the name of a city in India & features a harpsichord",
                        "solution": "What is \"Calcutta\""
                    }
                ]
            },
            {
                "category": "BUSINESS & INDUSTRY",
                "clues": [
                    {
                        "value": 100,
                        "clue": "\"Mama Mia!\"; since purchasing Ronzoni, this #1 U.S. chocolate maker has become #2 in pasta",
                        "solution": "What is Hershey's"
                    },
                    {
                        "value": 200,
                        "clue": "\"Like a good neighbor\", this company has been selling folks insurance since 1922",
                        "solution": "What is State Farm"
                    },
                    {
                        "value": 300,
                        "clue": "In 1990, to boost U.S. sales, this Korean auto company introduced its sporty Scoupe",
                        "solution": "What is Hyundai"
                    },
                    {
                        "value": 400,
                        "clue": "A leading maker of athletic shoes, this company was named for a swift antelope",
                        "solution": "What is Reebok"
                    },
                    {
                        "value": 500,
                        "clue": "In July 1992 this last U.S. consumer typewriter co. announced it's moving its factory to Mexico",
                        "solution": "What is Smith-Corona"
                    }
                ]
            },
            {
                "category": "THE MING DYNASTY",
                "clues": [
                    {
                        "value": 100,
                        "clue": "The folding type of this cooling device became accepted in China during the Ming dynasty",
                        "solution": "What is Fan"
                    },
                    {
                        "value": 200,
                        "clue": "Its use as a defensive barrier fell with the fall of the Ming dynasty, and it fell into disrepair",
                        "solution": "What is Great Wall of China"
                    },
                    {
                        "value": 300,
                        "clue": "In 1421, the emperor Yung-Lo got gung-ho and moved the capital to this city where he built an imperial palace",
                        "solution": "What is Peking/Beijing"
                    },
                    {
                        "value": 400,
                        "clue": "A housepet during the Ming dynasty was this Lhasa Apso relative, whose name is Chinese for \"lion\"",
                        "solution": "What is Shih Tzu"
                    },
                    {
                        "value": 500,
                        "clue": "In 1368 the Ming dynasty replaced this one founded by Kublai Khan",
                        "solution": "What is Yuan (Mongol)"
                    }
                ]
            },
            {
                "category": "WORD ORIGINS",
                "clues": [
                    {
                        "value": 100,
                        "clue": "The name of this small metal fingercap is derived from an Old English word for thumb",
                        "solution": "What is Thimble"
                    },
                    {
                        "value": 200,
                        "clue": "The name of this military horn comes from the Latin for \"young ox\" since the first ones were ox horns",
                        "solution": "What is Bugle"
                    },
                    {
                        "value": 300,
                        "clue": "From Arabic for \"old man\", it's the leader of an Arab family, tribe, or village",
                        "solution": "What is sheik"
                    },
                    {
                        "value": 400,
                        "clue": "This mammal's name comes from the corruption of a French phrase which meant \"phony pig\"",
                        "solution": "What is Porcupine"
                    },
                    {
                        "value": 500,
                        "clue": "This term for a person who bowls is derived from the German word for \"bowling pin\"",
                        "solution": "What is Kegler"
                    }
                ]
            },
            {
                "category": "NICKNAMES",
                "clues": [
                    {
                        "value": 100,
                        "clue": "\"The Peanut President\"",
                        "solution": "What is Jimmy Carter"
                    },
                    {
                        "value": 200,
                        "clue": "\"No-Hit Nolan\"",
                        "solution": "What is Nolan Ryan"
                    },
                    {
                        "value": 300,
                        "clue": "\"First Lady of the American Stage\"",
                        "solution": "What is Helen Hayes"
                    },
                    {
                        "value": 400,
                        "clue": "\"The Steel King\"",
                        "solution": "What is Andrew Carnegie"
                    },
                    {
                        "value": 500,
                        "clue": "\"Mother of the Civil Rights Movement\"",
                        "solution": "What is Rosa Parks"
                    }
                ]
            }
        ],
        "double": [
            {
                "category": "CHEMISTRY",
                "clues": [
                    {
                        "value": 200,
                        "clue": "The triple point is the temperature and pressure at which these three phases of a substance co-exist",
                        "solution": "What is Solid, Liquid, and Gas"
                    },
                    {
                        "value": 400,
                        "clue": "This is the chemical formula for dry ice",
                        "solution": "What is CO2"
                    },
                    {
                        "value": 600,
                        "clue": "Neoprene, a synthetic form of this material, is more resistant to oil than the natural type",
                        "solution": "What is Rubber"
                    },
                    {
                        "value": 800,
                        "clue": "This acid is the electrolyte in a lead-acid battery",
                        "solution": "What is Sulfuric Acid"
                    },
                    {
                        "value": 1000,
                        "clue": "It's the type of alcohol found in alcoholic beverages",
                        "solution": "What is Ethyl Alcohol"
                    }
                ]
            },
            {
                "category": "EXPLORERS",
                "clues": [
                    {
                        "value": 200,
                        "clue": "John Speke was the first European to reach this lake and identify it as the source of the Nile",
                        "solution": "What is Lake Victoria"
                    },
                    {
                        "value": 400,
                        "clue": "A year after his death, one of his ships completed the first around-the-world voyage",
                        "solution": "What is Ferdinand Magellan"
                    },
                    {
                        "value": 600,
                        "clue": "U.S. explorer Charles Wilkes was the first to designate this a continent, & has a land there named for him",
                        "solution": "What is Antarctica"
                    },
                    {
                        "value": 800,
                        "clue": "In 1768 he led an expedition to Tahiti, where astronomers studied the transit of Venus across the sun",
                        "solution": "What is James Cook"
                    },
                    {
                        "value": 1000,
                        "clue": "In 1542 after searching for the seven golden cities of Cibola, he returned to Mexico disappointed",
                        "solution": "What is Coronado"
                    }
                ]
            },
            {
                "category": "MOUNTAINS",
                "clues": [
                    {
                        "value": 200,
                        "clue": "This country's highest mountain is Rysy peak, about 60 miles south of Krakow",
                        "solution": "What is Poland"
                    },
                    {
                        "value": 400,
                        "clue": "Not only does Alaska have this, the highest U.S. peak, it has the next 15 tallest, too",
                        "solution": "What is Mt. McKinley"
                    },
                    {
                        "value": 600,
                        "clue": "In 1980, two Japanese climbers became the first to scale it from the north",
                        "solution": "What is Mt. Everest"
                    },
                    {
                        "value": 800,
                        "clue": "Lord Byron called this peak on the French-Italian border \"The Monarch of Mountains\"",
                        "solution": "What is Mont Blanc"
                    },
                    {
                        "value": 1000,
                        "clue": "Among the ranges in this Central American country are the Tabasalu, San Blas, & Darien mountains",
                        "solution": "What is Panama"
                    }
                ]
            },
            {
                "category": "LITERARY RELATIVES",
                "clues": [
                    {
                        "value": 200,
                        "clue": "This \"Fahrenheit 451\" author is descended from a woman who was tried for witchcraft in Salem",
                        "solution": "What is Ray Bradbury"
                    },
                    {
                        "value": 400,
                        "clue": "Literary sisters whose elder sisters, Maria & Elizabeth, died at ages 11 & 10 respectively",
                        "solution": "What is the Brontë Sisters (Emily & Charlotte Brontë accepted)"
                    },
                    {
                        "value": 600,
                        "clue": "His first book, \"Betty Zane\", was a historical novel about one of his ancestors",
                        "solution": "What is Zane Grey"
                    },
                    {
                        "value": 800,
                        "clue": "Lawrence Housman, who wrote the play \"Victoria Regina\", was this poet's brother",
                        "solution": "What is A.E. Housman"
                    },
                    {
                        "value": 1000,
                        "clue": "This \"Joseph Andrews\" author wrote a preface to his sister Sarah's novel, \"The Adventures of David Simple\"",
                        "solution": "What is Henry Fielding"
                    }
                ]
            },
            {
                "category": "THEATRE",
                "clues": [
                    {
                        "value": 200,
                        "clue": "The great \"Dionysia\" was this ancient civilization's most important drama festival",
                        "solution": "What is Greece"
                    },
                    {
                        "value": 400,
                        "clue": "Strindberg set \"Miss Julie\" in the kitchen of a manor house in this, his native country",
                        "solution": "What is Sweden"
                    },
                    {
                        "value": 600,
                        "clue": "This acting teacher was the artistic director of New York City's Actors Studio from 1948 until 1982, the year he died",
                        "solution": "What is Lee Strasberg"
                    },
                    {
                        "value": 800,
                        "clue": "\"Six Characters in Search of an Author\" was written in this language",
                        "solution": "What is Italian"
                    },
                    {
                        "value": 1000,
                        "clue": "The William Inge play in which Lola dreams that her little white puppy is never coming back",
                        "solution": "What is Come Back, Little Sheba"
                    }
                ]
            },
            {
                "category": "POPES NAMED GREGORY",
                "clues": [
                    {
                        "value": 200,
                        "clue": "Gregory I's name lives on in this musical form",
                        "solution": "What is Gregorian Chant"
                    },
                    {
                        "value": 400,
                        "clue": "Gregory XIII is famous for his revision of this in 1582",
                        "solution": "What is The Calendar"
                    },
                    {
                        "value": 600,
                        "clue": "Not even a member of the priesthood, Gregory X was on one of these with Edward I when elected",
                        "solution": "What is Crusade"
                    },
                    {
                        "value": 800,
                        "clue": "In September 1376, Gregory XI moved the papacy from this city back to Rome",
                        "solution": "What is Avignon"
                    },
                    {
                        "value": 1000,
                        "clue": "Gregory XV canonized Teresa of Avila and this man of Loyola, among others",
                        "solution": "What is (St.) Ignatius"
                    }
                ]
            }
        ],
        "final": {
            "category": "POETRY",
            "clue": "William Blake called them \"The Two Contrary States of the Human Soul\" and wrote songs of them",
            "solution": "What is innocence & experience"
        }
    }
}