{
    "game": {
        "single": [
            {
                "category": "ARTHUR'S CAMELOT",
                "clues": [
                    {
                        "value": 200,
                        "clue": "King Arthur received this sword from the Lady of the Lake; it was later returned to her by Sir Bedivere",
                        "solution": "What is Excalibur"
                    },
                    {
                        "value": 400,
                        "clue": "In some writings, it was Perceval, not Galahad, who went on a quest for this vessel",
                        "solution": "What is the Holy Grail"
                    },
                    {
                        "value": 600,
                        "clue": "This sorceress was introduced into Arthurian legend as Arthur's healer by Geoffrey of Monmouth around 1150",
                        "solution": "What is Morgana le Fey (or Morgan le Fay) (Morgaine accepted)"
                    },
                    {
                        "value": 800,
                        "clue": "\"The Simple Joys of Maidenhood\" is one of her songs in the version of the tale by Lerner of New York & Loewe of Berlin",
                        "solution": "What is Guinevere"
                    },
                    {
                        "value": 1000,
                        "clue": "The Somerset town of Glastonbury claims to be this fabled isle, the final resting place of King Arthur",
                        "solution": "What is Avalon"
                    }
                ]
            },
            {
                "category": "PREFIXES",
                "clues": [
                    {
                        "value": 200,
                        "clue": "\"Hypno-\", as in hypnotism, is from the Greek for this",
                        "solution": "What is sleep"
                    },
                    {
                        "value": 400,
                        "clue": "(Kelly of the Clue Crew reports from See's Candy Factory.) The main feel-good ingredient of cocoa is a chemical called theobromine, in the same class as caffeine; the \"theo-\" prefix means it is the food of these beings",
                        "solution": "What is the gods"
                    },
                    {
                        "value": 600,
                        "clue": "This prefix that means \"first\" or \"primitive\" is found before \"plasm\" & \"zoa\"",
                        "solution": "What is proto-"
                    },
                    {
                        "value": 800,
                        "clue": "\"Anti-\" means \"against; \"ante-\" means this",
                        "solution": "What is before"
                    },
                    {
                        "value": 1000,
                        "clue": "When this prefix precedes \"active\", it means \"backwards\"; by itself it refers to the style of an earlier time",
                        "solution": "What is retro-"
                    }
                ]
            },
            {
                "category": "RECENT BOOKS",
                "clues": [
                    {
                        "value": 200,
                        "clue": "Olbermann & Berman are index entries in \"Those Guys Have All the Fun\", which details the history of this network",
                        "solution": "What is ESPN"
                    },
                    {
                        "value": 400,
                        "clue": "You can read \"Life\", the memoir of this Rolling Stone, or listen to Johnny Depp narrate the audio book",
                        "solution": "What is Keith Richards"
                    },
                    {
                        "value": 600,
                        "clue": "\"The Girl Who Kicked the Hornet's Nest\" continues the story about a hacker from this country",
                        "solution": "What is Sweden"
                    },
                    {
                        "value": 800,
                        "clue": "\"Here Comes Trouble\", a look back by this pot-stirring documentarian, includes his boyhood in Flint",
                        "solution": "What is Michael Moore"
                    },
                    {
                        "value": 1000,
                        "clue": "Book club alert—\"Then Came You\" is the latest novel by this author of \"Good in Bed\" & \"In Her Shoes\"",
                        "solution": "What is Jennifer Weiner"
                    }
                ]
            },
            {
                "category": "THE SUPER BOWL'S TOP RUSHER",
                "clues": [
                    {
                        "value": 200,
                        "clue": "Super Bowl VIII: This team's Larry Csonka",
                        "solution": "What is the (Miami) Dolphins"
                    },
                    {
                        "value": 400,
                        "clue": "Super Bowl XVIII: Marcus Allen, with 191 yards for this L.A. team",
                        "solution": "What is the Raiders"
                    },
                    {
                        "value": 600,
                        "clue": "Super Bowl IX: This immaculate Steeler",
                        "solution": "What is Franco Harris"
                    },
                    {
                        "value": 800,
                        "clue": "Super Bowl XXV: Thurman Thomas, in a losing cause for this team that lost 3 other Super Bowls",
                        "solution": "What is the (Buffalo) Bills"
                    },
                    {
                        "value": 1000,
                        "clue": "Super Bowl XXVIII: This Cowboys Hall of Famer",
                        "solution": "What is Emmitt Smith"
                    }
                ]
            },
            {
                "category": "C.S., I",
                "clues": [
                    {
                        "value": 200,
                        "clue": "Money matters at this investment service company that invites you to \"Talk to Chuck\"",
                        "solution": "What is Charles Schwab"
                    },
                    {
                        "value": 400,
                        "clue": "This astronomer & science writer from Cornell helped select the Mars landing sites for the Viking probes",
                        "solution": "What is Carl Sagan"
                    },
                    {
                        "value": 600,
                        "clue": "Some say when it comes to his films \"Heathers\" & \"Pump Up the Volume\", it's better to shoot first, then ask this actor",
                        "solution": "What is (Christian) Slater"
                    },
                    {
                        "value": 800,
                        "clue": "He became New York's senior senator when Daniel Patrick Moynihan retired in 2001",
                        "solution": "What is (Charles) Schumer"
                    },
                    {
                        "value": 1000,
                        "clue": "In 1914 a group of his \"Chicago Poems\" appeared in Poetry magazine",
                        "solution": "What is Carl Sandburg"
                    }
                ]
            },
            {
                "category": "ALPHABETICALLY LAST",
                "clues": [
                    {
                        "value": 200,
                        "clue": "Of the days of the week",
                        "solution": "What is Wednesday"
                    },
                    {
                        "value": 400,
                        "clue": "Of Snow White's 7 dwarfs",
                        "solution": "What is Sneezy"
                    },
                    {
                        "value": 600,
                        "clue": "Of the events in a decathlon",
                        "solution": "What is the shot put"
                    },
                    {
                        "value": 800,
                        "clue": "By surname of current Supreme Court justices",
                        "solution": "What is (Clarence) Thomas"
                    },
                    {
                        "value": 1000,
                        "clue": "Of the countries of the world",
                        "solution": "What is Zimbabwe"
                    }
                ]
            }
        ],
        "double": [
            {
                "category": "JFK's CAMELOT",
                "clues": [
                    {
                        "value": 400,
                        "clue": "In March 1961 JFK issued an executive order creating this agency that sends volunteers to aid developing nations",
                        "solution": "What is the Peace Corps"
                    },
                    {
                        "value": 800,
                        "clue": "As an intern Nora Ephron had one exchange with JFK, as he left for this Mass. \"Port\", but couldn't hear what he said",
                        "solution": "What is Hyannis Port"
                    },
                    {
                        "value": 1200,
                        "clue": "Those looking for eerie assassination coincidences know that this woman was JFK's devoted secretary",
                        "solution": "What is Evelyn Lincoln"
                    },
                    {
                        "value": 1600,
                        "clue": "JFK sent 3,000 troops to restore order after black student James Meredith attended this school in 1962",
                        "solution": "What is Mississippi"
                    },
                    {
                        "value": 2000,
                        "clue": "In October 1962 this U.N. ambassador said he'd wait \"until hell freezes over\" for a Soviet reply to photos taken over Cuba",
                        "solution": "What is Adlai Stevenson"
                    }
                ]
            },
            {
                "category": "FASHION",
                "clues": [
                    {
                        "value": 400,
                        "clue": "Mousquetaires, formal ones of these for women, have lengthwise buttoned openings at the wrist",
                        "solution": "What is (opera) gloves"
                    },
                    {
                        "value": 800,
                        "clue": "President Truman popularized this shirt with the name of a Hawaiian greeting when he was on the cover of Life in 1951",
                        "solution": "What is an aloha"
                    },
                    {
                        "value": 1200,
                        "clue": "Named for an Italian resort isle, these tight 3/4-length pants have a short slit on the outside of each leg",
                        "solution": "What is capris"
                    },
                    {
                        "value": 1600,
                        "clue": "In the '80s big sweaters were popularly paired with these pants named for a strap at the bottom of each leg",
                        "solution": "What is stirrup pants"
                    }
                ]
            },
            {
                "category": "SPACE-Y MUSIC",
                "clues": [
                    {
                        "value": 400,
                        "clue": "The late, great Queen vocalist Freddie ____",
                        "solution": "What is Mercury"
                    },
                    {
                        "value": 800,
                        "clue": "A synth-snazzy song by Duran Duran: \"New ____ On Monday\"",
                        "solution": "What is Moon"
                    },
                    {
                        "value": 1200,
                        "clue": "Part of the successful production team the Smeezingtons: Bruno ____",
                        "solution": "What is Mars"
                    },
                    {
                        "value": 1600,
                        "clue": "A No. 5 hit for Train: \"Drops Of ____\"",
                        "solution": "What is Jupiter"
                    },
                    {
                        "value": 2000,
                        "clue": "A jazz musician whose costumes combined Ancient Egypt & science fiction: ____ Ra",
                        "solution": "What is Sun"
                    }
                ]
            },
            {
                "category": "SCULPTURE",
                "clues": [
                    {
                        "value": 400,
                        "clue": "Luca Della Robbia is said to be the first sculptor to apply glazes to this semi-fired ceramic clay with an Italian name",
                        "solution": "What is terra cotta"
                    },
                    {
                        "value": 800,
                        "clue": "In 1482 he asked the Duke of Milan for a job, saying, \"I can further execute sculpture in marble, bronze or clay\"",
                        "solution": "What is da Vinci"
                    },
                    {
                        "value": 1200,
                        "clue": "He carved a bust of Lincoln for the U.S. Capitol rotunda; his much bigger one is in South Dakota",
                        "solution": "What is (Gutzon) Borglum"
                    },
                    {
                        "value": 1600,
                        "clue": "A method of casting for bronze sculptures, cire-perdue means \"lost\" this in English",
                        "solution": "What is wax"
                    },
                    {
                        "value": 2000,
                        "clue": "When he won the commission for \"The Burghers of Calais\", he promised to deliver \"six sculptures for the price of one\"",
                        "solution": "What is Auguste Rodin"
                    }
                ]
            },
            {
                "category": "STATES' HIGHEST POINTS",
                "clues": [
                    {
                        "value": 400,
                        "clue": "Jerimoth Hill in Providence County",
                        "solution": "What is Rhode Island"
                    },
                    {
                        "value": 800,
                        "clue": "Mount Arvon on the Upper Peninsula",
                        "solution": "What is Michigan"
                    },
                    {
                        "value": 1200,
                        "clue": "Mount Magazine, which has Ozark National Forest land on its slopes",
                        "solution": "What is Arkansas"
                    },
                    {
                        "value": 1600,
                        "clue": "Granite Peak in Custer National Forest",
                        "solution": "What is Montana"
                    },
                    {
                        "value": 2000,
                        "clue": "Sassafras Mountain, about 30 miles northwest of Greenville",
                        "solution": "What is South Carolina"
                    }
                ]
            },
            {
                "category": "THAT \"BIT\" AT THE END",
                "clues": [
                    {
                        "value": 400,
                        "clue": "This type of card can be used to make an electronic withdrawal of funds on deposit in a bank",
                        "solution": "What is debit"
                    },
                    {
                        "value": 800,
                        "clue": "A document or object shown in court & identified as evidence",
                        "solution": "What is an exhibit"
                    },
                    {
                        "value": 1200,
                        "clue": "Psychological term meaning to consciously or unconsciously restrain an impulse",
                        "solution": "What is inhibit"
                    },
                    {
                        "value": 1600,
                        "clue": "So you & Amy found a place together—mind if I ask, are you going to get married or just do this?",
                        "solution": "What is cohabit"
                    },
                    {
                        "value": 2000,
                        "clue": "An eye socket",
                        "solution": "What is an orbit"
                    }
                ]
            }
        ],
        "final": {
            "category": "'70s OSCARS",
            "clue": "This film whose title refers to an establishment holds the record for most wins, 8, without winning Best Picture",
            "solution": "What is Cabaret"
        }
    }
}