{
    "game": {
        "single": [
            {
                "category": "BOOKS FOR THE YOUNG",
                "clues": [
                    {
                        "value": 200,
                        "clue": "This Mark Twain character is \"hated\" by moms because he is \"vulgar & bad\" but \"all their children admired him\"",
                        "solution": "What is Huckleberry Finn"
                    },
                    {
                        "value": 400,
                        "clue": "This Margaret Wise Brown children's classic about bedtime begins \"In the great green room...\"",
                        "solution": "What is Goodnight Moon"
                    },
                    {
                        "value": 600,
                        "clue": "He illustrated \"The Very Hungry Caterpillar\" & \"Brown Bear, Brown Bear, What Do You See?\"",
                        "solution": "What is Eric Carle"
                    },
                    {
                        "value": 800,
                        "clue": "Discovered in 1993 an asteroid was named Besixdouze, an homage to this title character who lives on Asteroid B-612",
                        "solution": "What is the Little Prince"
                    },
                    {
                        "value": 1000,
                        "clue": "Russell Hoban wrote 6 picture book stories about this little badger & her family",
                        "solution": "What is Frances"
                    }
                ]
            },
            {
                "category": "HERE COMES THE NEIGHBORHOOD",
                "clues": [
                    {
                        "value": 200,
                        "clue": "Miami districts include \"Little Haiti\" & \"Little\" this city, home to many exiles from Cuba",
                        "solution": "What is Little Havana"
                    },
                    {
                        "value": 400,
                        "clue": "Just north of downtown Seattle is this \"Hill\", though the state government is still in Olympia",
                        "solution": "What is Capitol Hill"
                    },
                    {
                        "value": 600,
                        "clue": "A UCLA fight song begins, \"We are the Sons of\" this L.A. neighborhood",
                        "solution": "What is Westwood"
                    },
                    {
                        "value": 800,
                        "clue": "Neil Simon title a play this Brooklyn neighborhood \"Memoirs\"",
                        "solution": "What is Brighton Beach Memoirs"
                    },
                    {
                        "value": 1000,
                        "clue": "A real Charleston, S.C. neighborhood was the inspiration for this \"Row\" in the opera \"Porgy & Bess\"",
                        "solution": "What is Catfish Row"
                    }
                ]
            },
            {
                "category": "CRIME & CRIMINALS",
                "clues": [
                    {
                        "value": 200,
                        "clue": "Slang for \"money\", or to steal from locations left unprotected after a natural catastrophe",
                        "solution": "What is loot"
                    },
                    {
                        "value": 400,
                        "clue": "To be sent \"up the river\" meant to be sent up the Hudson River from New York City to this prison",
                        "solution": "What is Sing Sing"
                    },
                    {
                        "value": 600,
                        "clue": "In France \"reclusion\" is the term for this type of imprisonment",
                        "solution": "What is solitary confinement"
                    },
                    {
                        "value": 800,
                        "clue": "In 2006 Bonnano crime family boss Vincent Basciano was convicted of this operation of illegal enterprises for profit",
                        "solution": "What is racketeering"
                    },
                    {
                        "value": 1000,
                        "clue": "8-letter word for a prison on a military post or a barrier made of stakes",
                        "solution": "What is stockade"
                    }
                ]
            },
            {
                "category": "DESCRIBING THE TV SHOW",
                "clues": [
                    {
                        "value": 200,
                        "clue": "Accidents will happen on camera; hilarity since 1990; Saget lasted 7 years",
                        "solution": "What is America's Funniest Home Videos"
                    },
                    {
                        "value": 400,
                        "clue": "Things move fast in Central City; red really is the title hero's color; go west, young man",
                        "solution": "What is The Flash"
                    },
                    {
                        "value": 600,
                        "clue": "The Fisher family puts the \"fun\" in funeral home",
                        "solution": "What is Six Feet Under"
                    },
                    {
                        "value": 800,
                        "clue": "Jensen & Jared, battling personal demons since 2005; the show's been known to raise Cain",
                        "solution": "What is Supernatural"
                    },
                    {
                        "value": 1000,
                        "clue": "A TV show about a TV show; an ex-\"Friends\" star plays an ex-\"Friends\" star",
                        "solution": "What is Episodes"
                    }
                ]
            },
            {
                "category": "HYBRID & ELECTRIC CARS",
                "clues": [
                    {
                        "value": 200,
                        "clue": "Its Accord hybrid gets 47 mpg on the highway, so if you're going 220 mi. from NYC to Boston, it's just under 5 gallons",
                        "solution": "What is Honda"
                    },
                    {
                        "value": 400,
                        "clue": "An \"electric\" stat: Chevy says owners who charge this model regularly average more than 900 miles between fill-ups",
                        "solution": "What is the Volt"
                    },
                    {
                        "value": 600,
                        "clue": "This brand's \"relentless pursuit of perfection\" includes the ES300h, which has a combined 200hp & gets 40 in the city",
                        "solution": "What is Lexus"
                    },
                    {
                        "value": 800,
                        "clue": "On the highway, its Jetta hybrid SEL will get you almost 100 miles on 2 gallons",
                        "solution": "What is Volkswagen"
                    },
                    {
                        "value": 1000,
                        "clue": "Based in Seoul, this company has soul—its Soul EV— which can go 93 miles on a one-hour charge",
                        "solution": "What is Kia"
                    }
                ]
            },
            {
                "category": "OUT OF AFRICA",
                "clues": [
                    {
                        "value": 200,
                        "clue": "Easy on the eyes, like a maiden",
                        "solution": "What is fair"
                    },
                    {
                        "value": 400,
                        "clue": "Presidential spokesman Fleischer or NPR voice Shapiro",
                        "solution": "What is Ari"
                    },
                    {
                        "value": 600,
                        "clue": "Leon Panetta was its director from 2009 to 2011",
                        "solution": "What is the CIA"
                    },
                    {
                        "value": 800,
                        "clue": "The path of a fired arrow from bow to ground",
                        "solution": "What is an arc"
                    }
                ]
            }
        ],
        "double": [
            {
                "category": "THE FIRST NAME GAME",
                "clues": [
                    {
                        "value": 400,
                        "clue": "Ted is often short for this, as in late senator Ted Stevens",
                        "solution": "What is Theodore"
                    },
                    {
                        "value": 800,
                        "clue": "The first name of theatrical set designer Walton, or what he won for his work on \"Pippin\"",
                        "solution": "What is a Tony"
                    },
                    {
                        "value": 1200,
                        "clue": "This name of a 20th century princess is part of the correct way to address a duchess",
                        "solution": "What is Grace"
                    },
                    {
                        "value": 2000,
                        "clue": "This Italian male first name also means a vivid red",
                        "solution": "What is Carmine"
                    }
                ]
            },
            {
                "category": "SCULPTURE",
                "clues": [
                    {
                        "value": 400,
                        "clue": "Around the 330s B.C., Praxiteles sculpted this Greek messenger god \"Carrying the Infant Dionysus\"",
                        "solution": "What is Hermes"
                    },
                    {
                        "value": 800,
                        "clue": "Kids can climb on the ice sculptures that pop up in Gorky Park in this European capital",
                        "solution": "What is Moscow"
                    },
                    {
                        "value": 1200,
                        "clue": "One of this American's mobile sculptures that was vandalized in 1929 went back on display at the Tate in 2015",
                        "solution": "What is Alexander Calder"
                    },
                    {
                        "value": 1600,
                        "clue": "For the church of Santa Maria del Popolo in Rome, Bernini sculpted the Biblical Daniel in this place where Darius put him",
                        "solution": "What is the lion's den"
                    },
                    {
                        "value": 2000,
                        "clue": "The Lego kinetic sculpture of this mythological figure shows his rock rolling punishment in Hades",
                        "solution": "What is Sisyphus"
                    }
                ]
            },
            {
                "category": "BOOK TO MOVIE",
                "clues": [
                    {
                        "value": 400,
                        "clue": "\"Shoeless Joe\" by W.P. Kinsella",
                        "solution": "What is Field of Dreams"
                    },
                    {
                        "value": 800,
                        "clue": "The novella \"The Body\" by Stephen King",
                        "solution": "What is Stand By Me"
                    },
                    {
                        "value": 1200,
                        "clue": "Starring Tom Cruise: \"One Shot\" by Lee Child",
                        "solution": "What is Jack Reacher"
                    },
                    {
                        "value": 1600,
                        "clue": "Earning young Tatum O'Neal an Oscar: \"Addie Pray\" by Joe David Brown",
                        "solution": "What is Paper Moon"
                    },
                    {
                        "value": 2000,
                        "clue": "Starring Montgomery Clift & Elizabeth Taylor: \"An American Tragedy\" by Theodore Dreiser",
                        "solution": "What is A Place in the Sun"
                    }
                ]
            },
            {
                "category": "HOOSIER HISTORY",
                "clues": [
                    {
                        "value": 400,
                        "clue": "This iconic track was built in 1909 as a testing facility for the local automotive industry",
                        "solution": "What is the Indianapolis Speedway"
                    },
                    {
                        "value": 800,
                        "clue": "As governor, Mitch Daniels balanced the budget; as pres. of this univ., he froze tuition in 2013 after 36 years of increases",
                        "solution": "What is Purdue"
                    },
                    {
                        "value": 1200,
                        "clue": "From 1918 to 1931, he coached football in Indiana, racking up 105 wins, 12 losses & 5 ties",
                        "solution": "What is Knute Rockne"
                    },
                    {
                        "value": 1600,
                        "clue": "A trail or \"trace\" across the state was first used by these animals it's named for, then Native Americans, then settlers",
                        "solution": "What is buffalo"
                    },
                    {
                        "value": 2000,
                        "clue": "In 1811 under this general, the U.S. Army defeated an Indian army at the Battle of Tippecanoe",
                        "solution": "What is William Henry Harrison"
                    }
                ]
            },
            {
                "category": "ADVERBS THAT DON'T END IN -LY",
                "clues": [
                    {
                        "value": 400,
                        "clue": "A homophone of a number, it can also mean \"very\" or \"also\"",
                        "solution": "What is too"
                    },
                    {
                        "value": 800,
                        "clue": "As an adjective it can mean \"quick\", but when it follows \"hold\" as an adverb, it means \"firmly\"",
                        "solution": "What is fast"
                    },
                    {
                        "value": 1200,
                        "clue": "These 2 non -ly adverbs are in the name of a kingdom in \"Shrek 2\"",
                        "solution": "What is Far and Away"
                    },
                    {
                        "value": 1600,
                        "clue": "If you formerly lived in Philly, you can be referred to as this \"of Philly\"; it doesn't mean you're dead",
                        "solution": "What is late"
                    },
                    {
                        "value": 2000,
                        "clue": "Bloviating speeches are full of words meaning \"in addition\", like \"moreover\" & this word with the \"more\" at the end",
                        "solution": "What is furthermore"
                    }
                ]
            },
            {
                "category": "INTO AFRICA",
                "clues": [
                    {
                        "value": 400,
                        "clue": "Today, 83 million live in this ancient nation",
                        "solution": "What is Egypt"
                    },
                    {
                        "value": 800,
                        "clue": "The Basotho people are the majority in this country of 2 million",
                        "solution": "What is Lesotho"
                    },
                    {
                        "value": 1200,
                        "clue": "Once controlled by Germany, today this country bears the name of a desert found there",
                        "solution": "What is Namibia"
                    },
                    {
                        "value": 1600,
                        "clue": "The third-longest river in Africa lends its name to these 2 countries",
                        "solution": "What is Niger and Nigeria"
                    },
                    {
                        "value": 2000,
                        "clue": "This coastal republic of 23 million is separated from Madagascar by the channel of the same name",
                        "solution": "What is Mozambique"
                    }
                ]
            }
        ],
        "final": {
            "category": "THE ROCK AND ROLL HALL OF FAME",
            "clue": "A quartet inducted in 2010 & a trio inducted in 2004, they're the first & last inductees alphabetically",
            "solution": "What is ABBA & ZZ Top"
        }
    }
}