{
    "game": {
        "single": [
            {
                "category": "\"C\"OUNTRIES",
                "clues": [
                    {
                        "value": 200,
                        "clue": "Sadly, the \"Killing Fields\" of the Khmer Rouge will be forever associated with what's now this country",
                        "solution": "What is Cambodia"
                    },
                    {
                        "value": 400,
                        "clue": "When the Warsaw Pact invaded what was then this country in 1968, Romania didn't participate",
                        "solution": "What is Czechoslovakia"
                    },
                    {
                        "value": 600,
                        "clue": "An 80-mile alpaca trek from Bolivia to the Pacific Ocean will take you through this other country",
                        "solution": "What is Chile"
                    },
                    {
                        "value": 800,
                        "clue": "A leading banana exporter, this Central American republic borders the Caribbean & the Pacific",
                        "solution": "What is Costa Rica"
                    },
                    {
                        "value": 1000,
                        "clue": "Founded around 1888 during German colonial rule, Yaounde is the bustling capital of this Central African nation",
                        "solution": "What is Cameroon"
                    }
                ]
            },
            {
                "category": "TV SPIN-OFFS",
                "clues": [
                    {
                        "value": 200,
                        "clue": "\"Melrose Place\"",
                        "solution": "What is Beverly Hills, 90210 (90210 accepted)"
                    },
                    {
                        "value": 400,
                        "clue": "\"Lou Grant\"",
                        "solution": "What is Mary Tyler Moore"
                    },
                    {
                        "value": 600,
                        "clue": "\"The Jeffersons\"",
                        "solution": "What is All in the Family"
                    },
                    {
                        "value": 800,
                        "clue": "\"Laverne & Shirley\"",
                        "solution": "What is Happy Days"
                    },
                    {
                        "value": 1000,
                        "clue": "\"The Tortellis\"",
                        "solution": "What is Cheers"
                    }
                ]
            },
            {
                "category": "LIFE OF THE PARTY",
                "clues": [
                    {
                        "value": 200,
                        "clue": "This party was named at a Michigan convention, 1854; still going strong",
                        "solution": "What is the GOP (or Republican Party)"
                    },
                    {
                        "value": 400,
                        "clue": "In 2000 its 97,000 Florida votes left it at a Nader of popularity with Al Gore fans",
                        "solution": "What is the Green Party"
                    },
                    {
                        "value": 600,
                        "clue": "Formed to oppose \"King Andrew\" Jackson; named after the British party for limits on royal power",
                        "solution": "What is the Whigs"
                    },
                    {
                        "value": 800,
                        "clue": "In 2006 this party, no longer \"progressive\", came back into power in Canada",
                        "solution": "What is the Conservatives"
                    },
                    {
                        "value": 1000,
                        "clue": "Led by Begin & Sharon, among others",
                        "solution": "What is the Likud Party"
                    }
                ]
            },
            {
                "category": "LITERARY THEATRE",
                "clues": [
                    {
                        "value": 200,
                        "clue": "Critics are \"raven\" about \"Nevermore\", a new musical that re-imagines this author's life",
                        "solution": "What is Edgar Allan Poe"
                    },
                    {
                        "value": 400,
                        "clue": "The '70s musical \"Gone with the Wind\" starred Pernell Roberts & Lesley Ann Warren as this captivating couple",
                        "solution": "What is Rhett & Scarlett"
                    },
                    {
                        "value": 600,
                        "clue": "Jimmy Smits played a man who reads this 1870s novel to cigar factory workers in the play \"Anna in the Tropics\"",
                        "solution": "What is Anna Karenina"
                    },
                    {
                        "value": 800,
                        "clue": "A homeless woman known as Hester La Negrita is the heroine of \"In the Blood\", inspired by this Hawthorne novel",
                        "solution": "What is The Scarlet Letter"
                    },
                    {
                        "value": 1000,
                        "clue": "\"Chitty Chitty Bang Bang\" was based on a book by this man",
                        "solution": "What is Ian Fleming"
                    }
                ]
            },
            {
                "category": "FRUIT",
                "clues": [
                    {
                        "value": 200,
                        "clue": "A lingberry is a berry, a lingcod is a fish & a Riesling is this fruit",
                        "solution": "What is a grape"
                    },
                    {
                        "value": 400,
                        "clue": "Tracy Chapman, Van Morrison & Bing Crosby each share a name with varieties of this fruit",
                        "solution": "What is cherries"
                    },
                    {
                        "value": 600,
                        "clue": "A singer's mellow tones may be described as this fruit \"-shaped\"",
                        "solution": "What is pear"
                    },
                    {
                        "value": 800,
                        "clue": "The Agen, one of these dried fruits, can be eaten out of hand or stewed",
                        "solution": "What is a prune"
                    },
                    {
                        "value": 1000,
                        "clue": "(Kelly of the Clue Crew plays with her food, a peach.) For the hardness of the endocarp, which holds the single seed, drupes, like the peach, are also called this type of fruit",
                        "solution": "What is stone fruit"
                    }
                ]
            },
            {
                "category": "DOUBLE MEANINGS",
                "clues": [
                    {
                        "value": 200,
                        "clue": "The only pleas he knew about was \"More Scotch, please\"; you can't pass the ___ exam sitting in the ___ all day",
                        "solution": "What is bar"
                    },
                    {
                        "value": 400,
                        "clue": "I stared down into my ___ of latte so I wouldn't have to look at his ugly jowly ___",
                        "solution": "What is mug"
                    },
                    {
                        "value": 600,
                        "clue": "Now that he no longer has ___ from his wound, we can ___ the patient from the hospital",
                        "solution": "What is discharge"
                    },
                    {
                        "value": 800,
                        "clue": "You always fall for my ___ sacrifice; too bad I'm so broke my chess set is in ___",
                        "solution": "What is pawn"
                    },
                    {
                        "value": 1000,
                        "clue": "Just because you ___ my cafe doesn't give you the right to ___ me with your haughty tone",
                        "solution": "What is patronize"
                    }
                ]
            }
        ],
        "double": [
            {
                "category": "JAPAN-U.S. RELATIONS",
                "clues": [
                    {
                        "value": 400,
                        "clue": "In June 1995 the 2 nations made a trade deal on imports of these major consumer items",
                        "solution": "What is cars"
                    },
                    {
                        "value": 800,
                        "clue": "OPEC is an oil cartel; APEC, which includes Japan & the U.S., is Asia-Pacific this type of Cooperation",
                        "solution": "What is Economic"
                    },
                    {
                        "value": 1200,
                        "clue": "The U.S. military has 37 sole-use facilities on this island in the Ryukyus",
                        "solution": "What is Okinawa"
                    },
                    {
                        "value": 1600,
                        "clue": "In the phrase San Furanshisuko Heiwa Joyaku, a 1951 treaty, heiwa means this happy condition",
                        "solution": "What is peace"
                    },
                    {
                        "value": 2000,
                        "clue": "1992 was a year of some tension in the relationship, symbolized by the publication of this man's novel \"Rising Sun\"",
                        "solution": "What is Michael Crichton"
                    }
                ]
            },
            {
                "category": "CHRIS ROCKS",
                "clues": [
                    {
                        "value": 400,
                        "clue": "Chris Kirkpatrick was the \"S\" in this boy band; Justin was one of the \"N\"s",
                        "solution": "What is 'N Sync"
                    },
                    {
                        "value": 800,
                        "clue": "Chris Stein, guitarist for this group, also co-wrote many of their hits, like \"Rapture\" & \"Heart Of Glass\"",
                        "solution": "What is Blondie"
                    },
                    {
                        "value": 1200,
                        "clue": "In 1999 this country star introduced a new persona, that of fictitious rocker Chris Gaines",
                        "solution": "What is Garth Brooks"
                    },
                    {
                        "value": 1600,
                        "clue": "This longtime frontman for The Black Crowes is also Kate Hudson's sideman as her husband",
                        "solution": "What is Chris Robinson"
                    },
                    {
                        "value": 2000,
                        "clue": "Chris Martin, husband of Gwyneth Paltrow, fronts this British band",
                        "solution": "What is Coldplay"
                    }
                ]
            },
            {
                "category": "LANGUAGES",
                "clues": [
                    {
                        "value": 400,
                        "clue": "Speakers of this language, not Spanish, answer the phone with \"pronto\"",
                        "solution": "What is Italian"
                    },
                    {
                        "value": 800,
                        "clue": "(Cheryl of the Clue Crew reads from the fishing docks.) Paradoxically, \"Dhen milao elinika\" means \"I don't speak\" this",
                        "solution": "What is Greek"
                    },
                    {
                        "value": 1200,
                        "clue": "Machu, as in Machu Picchu, means \"old\" in this language",
                        "solution": "What is Quechuan"
                    },
                    {
                        "value": 1600,
                        "clue": "Spoken by most people in Hong Kong, it has 9 tones compared to Mandarin's 4",
                        "solution": "What is Cantonese"
                    },
                    {
                        "value": 2000,
                        "clue": "In this language heard in & around Barcelona, the Spanish \"bueno\" becomes simply \"bo\"",
                        "solution": "What is Catalan"
                    }
                ]
            },
            {
                "category": "BUGS",
                "clues": [
                    {
                        "value": 400,
                        "clue": "A species of fire ant that reached the U.S. at this Alabama port city around 1918 has been a pest to the Southern U.S.",
                        "solution": "What is Mobile"
                    },
                    {
                        "value": 800,
                        "clue": "There are 2 kinds of this creature, soft & hard; hard ones can suck blood for weeks & cause paralysis in man & animals",
                        "solution": "What is ticks"
                    },
                    {
                        "value": 1200,
                        "clue": "These members of the family Lampyridae produce a chemical called luciferin",
                        "solution": "What is lightning bugs (or fireflies)"
                    },
                    {
                        "value": 1600,
                        "clue": "This \"colorful\" bristle-tailed insect, Lepisma saccharina, feeds on starchy items such as books & wallpaper",
                        "solution": "What is silverfish"
                    },
                    {
                        "value": 2000,
                        "clue": "Beetles with this nickname can squirt a hot liquid made of hydrogen peroxide & hydroquinone",
                        "solution": "What is bombardier beetles"
                    }
                ]
            },
            {
                "category": "SUPREME COURT BEFORE & AFTER",
                "clues": [
                    {
                        "value": 400,
                        "clue": "Rootin' tootin' Old West nemesis of Bugs Bunny who was nominated to the Supreme Court by George W. Bush",
                        "solution": "What is Yosemite Sam Alito"
                    },
                    {
                        "value": 800,
                        "clue": "Have it your way with this former Chief Justice who's the Home of the Whopper",
                        "solution": "What is Warren Burger King"
                    },
                    {
                        "value": 1200,
                        "clue": "Jason Lee sitcom that served as Chief Justice from 1953 to 1969",
                        "solution": "What is My Name Is Earl Warren"
                    },
                    {
                        "value": 1600,
                        "clue": "FDR appointee who married Mary Pickford",
                        "solution": "What is William O. Douglas Fairbanks"
                    },
                    {
                        "value": 2000,
                        "clue": "Peter Rabbit creator who said of obscene material, \"I know it when I see it\"",
                        "solution": "What is Beatrix Potter Stewart"
                    }
                ]
            },
            {
                "category": "FIVE THE \"ARD\" WAY",
                "clues": [
                    {
                        "value": 400,
                        "clue": "A wide, tree-lined street",
                        "solution": "What is a boulevard"
                    },
                    {
                        "value": 800,
                        "clue": "The headquarters for London's metropolitan police",
                        "solution": "What is Scotland Yard"
                    },
                    {
                        "value": 1200,
                        "clue": "Tired-looking & thin in the face",
                        "solution": "What is haggard"
                    },
                    {
                        "value": 2000,
                        "clue": "Famous lover who died in 1142",
                        "solution": "What is Abelard"
                    }
                ]
            }
        ],
        "final": {
            "category": "FILMS OF THE '60s",
            "clue": "Peter O'Toole was Oscar-nominated for playing the same king in these 2 movies",
            "solution": "What is Becket & The Lion in Winter"
        }
    }
}