{
    "game": {
        "single": [
            {
                "category": "ZOOLOGY",
                "clues": [
                    {
                        "value": 100,
                        "clue": "The Spaniel's name indicates it must have originated in this country",
                        "solution": "What is Spain"
                    },
                    {
                        "value": 200,
                        "clue": "At nearly 250 pounds & 6 feet tall, it's the largest marsupial",
                        "solution": "What is the kangaroo"
                    },
                    {
                        "value": 300,
                        "clue": "Of bird, reptile or monkey, the animal group that includes the cassowary",
                        "solution": "What is bird"
                    },
                    {
                        "value": 400,
                        "clue": "It's the largest living primate",
                        "solution": "What is the gorilla"
                    },
                    {
                        "value": 500,
                        "clue": "Unlike an octopus which has 8, a squid has this many tentacles",
                        "solution": "What is 10"
                    }
                ]
            },
            {
                "category": "WORLD LEADERS",
                "clues": [
                    {
                        "value": 100,
                        "clue": "She's the Lord High Admiral of the United Kingdom",
                        "solution": "What is Queen Elizabeth"
                    },
                    {
                        "value": 200,
                        "clue": "Philippine leader whose given name means \"heart\" in Spanish",
                        "solution": "What is Corazon Aquino"
                    },
                    {
                        "value": 300,
                        "clue": "In 1982 West German chancellor Helmut Schmidt was replaced by this Helmut",
                        "solution": "What is (Helmut) Kohl"
                    },
                    {
                        "value": 400,
                        "clue": "This president-for-life left Haiti for France in 1986 after his government was ousted",
                        "solution": "What is \"Baby Doc\" Duvalier"
                    },
                    {
                        "value": 500,
                        "clue": "This 1st president of Kenya, who died in 1978, has been revered as the father of his country",
                        "solution": "What is Jomo Kenyatta"
                    }
                ]
            },
            {
                "category": "ARCHITECTS",
                "clues": [
                    {
                        "value": 100,
                        "clue": "Christopher Wren redesigned many of the churches in this city after the Great Fire of 1666",
                        "solution": "What is London"
                    },
                    {
                        "value": 200,
                        "clue": "You can buy copies of the china this architect designed for Tokyo's Imperial Hotel",
                        "solution": "What is Frank Lloyd Wright"
                    },
                    {
                        "value": 300,
                        "clue": "Charles Garnier designed this city's famed opera house, as the \"Phantom\" could tell you",
                        "solution": "What is Paris"
                    },
                    {
                        "value": 400,
                        "clue": "Refusing to live in a \"used\" palace, he had Albert Speer design him a new one",
                        "solution": "What is Hitler"
                    },
                    {
                        "value": 500,
                        "clue": "I. M. Pei, who was born in this country, became a U.S. citizen in 1954",
                        "solution": "What is China"
                    }
                ]
            },
            {
                "category": "CELEBRITY QUOTES",
                "clues": [
                    {
                        "value": 100,
                        "clue": "Talking about this, his band, Robert Plant once said, \"Zep is the ultimate unit\"",
                        "solution": "What is Led Zeppelin"
                    },
                    {
                        "value": 200,
                        "clue": "\"I felt like Leonardo da Vinci,\" said this \"Terminator\" of his body sculpting",
                        "solution": "What is Arnold Schwarzenegger"
                    },
                    {
                        "value": 300,
                        "clue": "Director who lamented \"'Star Wars' is about 25% of what I wanted it to be\"",
                        "solution": "What is George Lucas"
                    },
                    {
                        "value": 400,
                        "clue": "\"Dark Tower\" author who said \"We make up horrors to help us cope with the real ones\"",
                        "solution": "What is Stephen King"
                    },
                    {
                        "value": 500,
                        "clue": "46-year-old singer who once said, \"I'd rather die than be 45 & still singing 'Satisfaction' \"",
                        "solution": "What is Mick Jagger"
                    }
                ]
            },
            {
                "category": "THE BIBLE",
                "clues": [
                    {
                        "value": 100,
                        "clue": "King Darius cast this prophet into a den of lions because he prayed to God",
                        "solution": "What is Daniel"
                    },
                    {
                        "value": 200,
                        "clue": "He slew 1,000 Philistines with the jawbone of an ass",
                        "solution": "What is Samson"
                    },
                    {
                        "value": 300,
                        "clue": "John 11:35, \"Jesus wept\", holds this distinction",
                        "solution": "What is the shortest verse in the Bible"
                    },
                    {
                        "value": 400,
                        "clue": "His 12 sons founded the 12 tribes of Israel",
                        "solution": "What is Jacob"
                    },
                    {
                        "value": 500,
                        "clue": "According to Luke 2:1, this Roman ruler decreed \"that all the world should be taxed\"",
                        "solution": "What is Caesar Augustus"
                    }
                ]
            },
            {
                "category": "\"SUMMER\" SONGS",
                "clues": [
                    {
                        "value": 100,
                        "clue": "Percy Faith & His Orchestra won a 1960 Grammy for this movie \"Theme\"",
                        "solution": "What is \"Theme From A Summer Place\""
                    },
                    {
                        "value": 200,
                        "clue": "According to a Seals & Croft song, it \"makes me feel fine, blowin' through the jasmine in my mind\"",
                        "solution": "What is summer breeze"
                    },
                    {
                        "value": 300,
                        "clue": "Title of the Lovin' Spoonful hit that follows the opening words \"Hot town...\"",
                        "solution": "What is \"Summer In The City\""
                    },
                    {
                        "value": 400,
                        "clue": "According to a 1958 Eddie Cochran song, \"There ain't no cure for\" these",
                        "solution": "What is the summertime blues"
                    },
                    {
                        "value": 500,
                        "clue": "The Brothers Four, who weren't related but were fraternity brothers, had a hit with this song: \"A time just for plantin', a time just for ploughin' / A time to be courtin' a girl of your own / 'Twas so good to be young then...\"",
                        "solution": "What is \"The Green Leaves Of Summer\""
                    }
                ]
            }
        ],
        "double": [
            {
                "category": "FICTIONAL CHARACTERS",
                "clues": [
                    {
                        "value": 200,
                        "clue": "By saying the magic words \"Open sesame\", he gains access to the cave of the 40 thieves",
                        "solution": "What is Ali Baba"
                    },
                    {
                        "value": 400,
                        "clue": "The Spitz is Buck's arch rival, & Buck eventually kills him in this Jack London novel",
                        "solution": "What is The Call of the Wild"
                    },
                    {
                        "value": 600,
                        "clue": "Huxley novel in which Lenina Crowne & Bernard Marx visit a New Mexico Indian reservation",
                        "solution": "What is Brave New World"
                    },
                    {
                        "value": 800,
                        "clue": "In Chaucer's \"Canterbury Tales\" she starts her story with a rambling prologue about her 5 husbands",
                        "solution": "What is the Wife of Bath"
                    },
                    {
                        "value": 1000,
                        "clue": "Character in the Sheraton play \"The Rivals\" known for her funny misuse of the language",
                        "solution": "What is Mrs. Malaprop"
                    }
                ]
            },
            {
                "category": "1962",
                "clues": [
                    {
                        "value": 200,
                        "clue": "A proposal was made in Geneva for a phone or teletype link between the Kremlin & this building",
                        "solution": "What is the White House"
                    },
                    {
                        "value": 400,
                        "clue": "In 1962 NASA sent Mariner II off toward this planet; in 1989 they sent Magellan",
                        "solution": "What is Venus"
                    },
                    {
                        "value": 600,
                        "clue": "In 1962 Uganda became the 110th country to join the U.N., & this country cast its 100th veto",
                        "solution": "What is the Soviet Union"
                    },
                    {
                        "value": 800,
                        "clue": "Eisenhower said this dance craze represented \"some kind of change in our standards\"",
                        "solution": "What is the twist"
                    },
                    {
                        "value": 1000,
                        "clue": "French president de Gaulle named this man, later his successor, to succeed Michel Debré as premier",
                        "solution": "What is (Georges) Pompidou"
                    }
                ]
            },
            {
                "category": "ISLANDS",
                "clues": [
                    {
                        "value": 200,
                        "clue": "Indonesia shares this, the world's 3rd largest island, with Malaysia & Brunei",
                        "solution": "What is Borneo"
                    },
                    {
                        "value": 400,
                        "clue": "Guernsey & Jersey are 2 of the islands in this group, Britain's only remnant from the duchy of Normandy",
                        "solution": "What is the Channel Islands"
                    },
                    {
                        "value": 600,
                        "clue": "This group of islands off Southern California became a national park in 1980",
                        "solution": "What is the Channel Islands"
                    },
                    {
                        "value": 800,
                        "clue": "The U.S. began atomic tests on this atoll in the Marshall Islands July 1, 1946",
                        "solution": "What is Bikini Island"
                    },
                    {
                        "value": 1000,
                        "clue": "Mount Cook is the highest mountain in this South Pacific island country",
                        "solution": "What is New Zealand"
                    }
                ]
            },
            {
                "category": "CURRENT U.S. COINS",
                "clues": [
                    {
                        "value": 200,
                        "clue": "The word \"dollar\" appears on these 2 coins",
                        "solution": "What is the quarter dollar & the half dollar"
                    },
                    {
                        "value": 400,
                        "clue": "They're the only 2 coins with buildings on the back",
                        "solution": "What is the penny & the nickel"
                    },
                    {
                        "value": 600,
                        "clue": "They're the presidents on the front of the smallest & largest coins in size",
                        "solution": "What is FDR & Kennedy"
                    },
                    {
                        "value": 800,
                        "clue": "The 2 presidents shown with bows in their hair",
                        "solution": "What is Jefferson & Washington"
                    },
                    {
                        "value": 1000,
                        "clue": "The back of a dime shows sprigs of both an olive & this tree",
                        "solution": "What is an oak"
                    }
                ]
            },
            {
                "category": "BRITISH ACTORS & ROLES",
                "clues": [
                    {
                        "value": 200,
                        "clue": "She played the title roles in \"Isadora\", \"Julia\" :& \"Agatha\"",
                        "solution": "What is Vanessa Redgrave"
                    },
                    {
                        "value": 400,
                        "clue": "This \"Police\" man starred in the films \"Brimstone & Treacle\" & \"The Bride\"",
                        "solution": "What is Sting"
                    },
                    {
                        "value": 600,
                        "clue": "He was Logan in \"Logan's Run\" & D'Artagnan in \"The Three Musketeers\"",
                        "solution": "What is Michael York"
                    },
                    {
                        "value": 800,
                        "clue": "Leo McKern played this bulky British barrister on PBS",
                        "solution": "What is Rumpole of the Bailey"
                    },
                    {
                        "value": 1000,
                        "clue": "She played an opium-smoking madam in Robert Altman's \"McCabe & Mrs. Miller\"",
                        "solution": "What is Julie Christie"
                    }
                ]
            },
            {
                "category": "WINTER",
                "clues": [
                    {
                        "value": 200,
                        "clue": "A Paul Bunyan story tells of a winter so cold that the snow was this color",
                        "solution": "What is blue"
                    },
                    {
                        "value": 400,
                        "clue": "Using a microscope, Wilson Bentley of Vermont devoted his life to photographing these",
                        "solution": "What is snowflakes"
                    },
                    {
                        "value": 600,
                        "clue": "Varieties of this crop include Pawnee, Cheyenne, Comanche & Wichita",
                        "solution": "What is winter wheat"
                    },
                    {
                        "value": 800,
                        "clue": "Covering this part of your body should be a top priority since 50% of body heat escapes thru it",
                        "solution": "What is your head"
                    },
                    {
                        "value": 1000,
                        "clue": "This North American hare is named for its big feet that help it get around in winter",
                        "solution": "What is the snowshoe hare"
                    }
                ]
            }
        ],
        "final": {
            "category": "THEATRE",
            "clue": "This 1955 play set in Mississippi takes place on a family patriarch's birthday",
            "solution": "What is Cat on a Hot Tin Roof"
        }
    }
}