{
    "game": {
        "single": [
            {
                "category": "NO DISCRIMINATION",
                "clues": [
                    {
                        "value": 200,
                        "clue": "The sequence \"race, color, religion, sex\" (they said sex) \"or national origin\" is in this 1964 federal law",
                        "solution": "What is the Civil Rights Act"
                    },
                    {
                        "value": 400,
                        "clue": "A biblical promise, or a restriction on selling a home to a certain group; the Supreme Court said in 1948 it's not enforceable",
                        "solution": "What is a covenant"
                    },
                    {
                        "value": 600,
                        "clue": "In 1649 under Cecilius Calvert this colony passed an act saying no believer in Jesus was to be troubled or molested",
                        "solution": "What is Maryland"
                    },
                    {
                        "value": 800,
                        "clue": "A book by the head of AARP urges everyone \"to speak out against\" this -ism",
                        "solution": "What is ageism"
                    },
                    {
                        "value": 1000,
                        "clue": "The U.N.'s UDHR for short, it says all \"are entitled without any discrimination to equal protection of the law\"",
                        "solution": "What is the Universal Declaration of Human Rights"
                    }
                ]
            },
            {
                "category": "\"RACE\"",
                "clues": [
                    {
                        "value": 200,
                        "clue": "It can mean both to hug & to accept willingly",
                        "solution": "What is embrace"
                    },
                    {
                        "value": 400,
                        "clue": "Alliterative term for the rigorous & monotonous routine of daily working life",
                        "solution": "What is the rat race"
                    },
                    {
                        "value": 600,
                        "clue": "This 2-word term regarding rival nations trying to develop superior weapons dates back to the 1920s",
                        "solution": "What is arms race"
                    },
                    {
                        "value": 800,
                        "clue": "Religious-sounding 2-word term for a redeeming feature that makes up for all kinds of bad stuff",
                        "solution": "What is saving grace"
                    },
                    {
                        "value": 1000,
                        "clue": "This ancient region in the Balkan Peninsula was later a Roman province",
                        "solution": "What is Thrace"
                    }
                ]
            },
            {
                "category": "COLOR",
                "clues": [
                    {
                        "value": 200,
                        "clue": "Idiomatically, these 2 colors paired refer to something you want in writing",
                        "solution": "What is black & white"
                    },
                    {
                        "value": 400,
                        "clue": "The first Crayola crayons in 1903 included this citrus fruit color",
                        "solution": "What is orange"
                    },
                    {
                        "value": 600,
                        "clue": "All colors on your computer screen are generated by a combination of these 3 colors",
                        "solution": "What is red, green & blue"
                    },
                    {
                        "value": 800,
                        "clue": "The innermost bull's-eye in Olympic archery is this color",
                        "solution": "What is yellow (or gold)"
                    },
                    {
                        "value": 1000,
                        "clue": "The carnation is from this family whose name is also a color",
                        "solution": "What is the pinks"
                    }
                ]
            },
            {
                "category": "RELIGION",
                "clues": [
                    {
                        "value": 200,
                        "clue": "Martin Luther was the first great leader of this movement that changed Christianity",
                        "solution": "What is the Reformation"
                    },
                    {
                        "value": 400,
                        "clue": "Most people in Pakistan are followers of Islam & in particular this branch",
                        "solution": "What is Sunni"
                    },
                    {
                        "value": 600,
                        "clue": "Gifts from a Korean king to the Emperor Kimmei introduced this religion to Japan around 538 A.D.",
                        "solution": "What is Buddhism"
                    },
                    {
                        "value": 1000,
                        "clue": "In Hinduism, Kurma, Rama & Krishna have all been avatars of this god",
                        "solution": "What is Vishnu"
                    }
                ]
            },
            {
                "category": "JEN-DER",
                "clues": [
                    {
                        "value": 200,
                        "clue": "In 2012 this actress & Ben Affleck welcomed their third child",
                        "solution": "What is (Jennifer) Garner"
                    },
                    {
                        "value": 400,
                        "clue": "She won an Oscar for playing Effie White in \"Dreamgirls\"",
                        "solution": "What is (Jennifer) Hudson"
                    },
                    {
                        "value": 600,
                        "clue": "James Corden did \"Carpool Karaoke\" with her, singing along to her hits like \"Booty\" & \"Love Don't Cost A Thing\"",
                        "solution": "What is J.Lo (Jennifer Lopez)"
                    },
                    {
                        "value": 800,
                        "clue": "In \"The Hateful Eight\" she played an outlaw being taken to Red Rock for hanging",
                        "solution": "What is Jennifer Jason Leigh"
                    },
                    {
                        "value": 1000,
                        "clue": "For \"Absolutely Fabulous: The Movie\", Joanna Lumley reprised the role of Patsy, & she returned as Edina",
                        "solution": "What is Jennifer Saunders"
                    }
                ]
            },
            {
                "category": "NATIONAL ORIGIN",
                "clues": [
                    {
                        "value": 200,
                        "clue": "In 1936: Jorge Mario Bergoglio, who'd get quite pope-ular",
                        "solution": "What is Argentinean"
                    },
                    {
                        "value": 400,
                        "clue": "In 1919: Future leader Pierre Elliott Trudeau",
                        "solution": "What is Canada"
                    },
                    {
                        "value": 600,
                        "clue": "In 1473: Nicolaus Copernicus is the new star of his family",
                        "solution": "What is Poland"
                    },
                    {
                        "value": 800,
                        "clue": "In 1904: Pablo Neruda gets written into history",
                        "solution": "What is Chile"
                    },
                    {
                        "value": 1000,
                        "clue": "In 1905: Later Georg Von Trapp's wife, Maria Kutschera is alive, with the sound of crying",
                        "solution": "What is Austria"
                    }
                ]
            }
        ],
        "double": [
            {
                "category": "BESSEMER MUCHO",
                "clues": [
                    {
                        "value": 400,
                        "clue": "Named for Sir Henry Bessemer of England, the Bessemer process allowed for the mass production of this metal",
                        "solution": "What is steel"
                    },
                    {
                        "value": 800,
                        "clue": "A city was named for Bessemer in this U.S. state near another industrial center, Birmingham",
                        "solution": "What is Alabama"
                    },
                    {
                        "value": 1200,
                        "clue": "The Bessemer process tries to refine the iron that is named for this barnyard animal",
                        "solution": "What is pig iron"
                    },
                    {
                        "value": 1600,
                        "clue": "In 1847 William Kelly, a native of this U.S. city, independently conceived the same idea as Bessemer",
                        "solution": "What is Pittsburgh"
                    },
                    {
                        "value": 2000,
                        "clue": "In a Bessemer converter, air is blown through the liquid metal; impurities form this 4-letter byproduct that is skimmed off",
                        "solution": "What is slag"
                    }
                ]
            },
            {
                "category": "BUSINESSPEOPLE",
                "clues": [
                    {
                        "value": 400,
                        "clue": "After moving to Chicago in 1891, he wisely decided to stop selling soap & baking powder to concentrate on chewing gum",
                        "solution": "What is (William) Wrigley"
                    },
                    {
                        "value": 800,
                        "clue": "His Virgin Atlantic airlines is one of the largest airlines in Britain",
                        "solution": "What is (Richard) Branson"
                    },
                    {
                        "value": 1200,
                        "clue": "Ding dong—Sheri McCoy calling as CEO of this maker of beauty & home products",
                        "solution": "What is Avon"
                    },
                    {
                        "value": 1600,
                        "clue": "In 1977 she opened her first chocolate chippery in Palo Alto, California",
                        "solution": "What is Mrs. Fields"
                    },
                    {
                        "value": 2000,
                        "clue": "The target of a Michael Moore documentary, he was head of General Motors from 1981 to 1990",
                        "solution": "What is Roger Smith"
                    }
                ]
            },
            {
                "category": "AFRICAN LAKES",
                "clues": [
                    {
                        "value": 400,
                        "clue": "The Ssese Islands, an 84-island archipelago, lie in the Uganda portion of this huge lake",
                        "solution": "What is Lake Victoria"
                    },
                    {
                        "value": 800,
                        "clue": "These mountains of Morocco are home to an annual wedding festival at Tislit & Isli Lakes",
                        "solution": "What is the Atlas Mountains"
                    },
                    {
                        "value": 1200,
                        "clue": "One of the world's largest manmade lakes, Lake Kariba lies on \"Z\" border of these 2 African countries",
                        "solution": "What is Zambia & Zimbabwe"
                    },
                    {
                        "value": 1600,
                        "clue": "Lake Volta provides irrigation of dry farmland in this West African country's Accra plains",
                        "solution": "What is Ghana"
                    },
                    {
                        "value": 2000,
                        "clue": "Crater lakes created by glaciers can be found on this second-highest African peak",
                        "solution": "What is Mount Kenya"
                    }
                ]
            },
            {
                "category": "LITERARY FACTS",
                "clues": [
                    {
                        "value": 400,
                        "clue": "The \"1,001\" stories told by Scheherazade include 7 about this sailor",
                        "solution": "What is Sinbad"
                    },
                    {
                        "value": 800,
                        "clue": "It's the third & last major section of Dante's \"Divine Comedy\"",
                        "solution": "What is Paradiso"
                    },
                    {
                        "value": 1200,
                        "clue": "The first Bombay-born winner of the Nobel Prize for Literature, in 1907, he wasn't Hindi",
                        "solution": "What is (Rudyard) Kipling"
                    },
                    {
                        "value": 1600,
                        "clue": "The eventual author of 40 books, James Michener didn't publish his first, these \"Tales\", until he was 40",
                        "solution": "What is Tales of the South Pacific"
                    },
                    {
                        "value": 2000,
                        "clue": "The 2 title jobs of Natty Bumppo in works by James Fenimore Cooper are Pathfinder & this",
                        "solution": "What is Deerslayer"
                    }
                ]
            },
            {
                "category": "COMPOUND WORDS",
                "clues": [
                    {
                        "value": 400,
                        "clue": "It can be derogatory slang for a chubby person or perhaps the brand name of your Thanksgiving turkey",
                        "solution": "What is Butterball"
                    },
                    {
                        "value": 800,
                        "clue": "A reporter rushing to file a story to get it into a certain edition is \"on\" this",
                        "solution": "What is deadline"
                    },
                    {
                        "value": 1200,
                        "clue": "To get rid of used household items, donate them to this organization founded in 1902 by Methodist minister Edgar Helms",
                        "solution": "What is goodwill"
                    },
                    {
                        "value": 1600,
                        "clue": "Two nouns form this verb that refers to what the truck is doing here",
                        "solution": "What is fishtailing"
                    },
                    {
                        "value": 2000,
                        "clue": "This worker builds or maintains high structures such as church towers or smokestacks",
                        "solution": "What is steeplejack"
                    }
                ]
            },
            {
                "category": "MUSIC FOR THE DENTIST'S CHAIR",
                "clues": [
                    {
                        "value": 400,
                        "clue": "For starters, \"I Wanna Be Sedated\" by these punks",
                        "solution": "What is The Ramones"
                    },
                    {
                        "value": 800,
                        "clue": "Good news: \"I have become comfortably numb\", just as this band's song from \"The Wall\" says",
                        "solution": "What is Pink Floyd"
                    },
                    {
                        "value": 1200,
                        "clue": "I just heard this 2014 song by Calvin Harris & Big Sean, also the 2-word command the dentist just gave me",
                        "solution": "What is \"Open Wide\""
                    },
                    {
                        "value": 1600,
                        "clue": "Gulp! I just heard the lyric \"I thrill when I drill a bicuspid\" from \"Dentist!\", a song in this movie musical",
                        "solution": "What is Little Shop of Horrors"
                    },
                    {
                        "value": 2000,
                        "clue": "Should I worry about hearing this novelty holiday song that says, \"Every time I try to speak all I do is whistle\"",
                        "solution": "What is \"All I Want For Christmas Is My Two Front Teeth\""
                    }
                ]
            }
        ],
        "final": {
            "category": "TELEVISION",
            "clue": "The focus of a 1970s miniseries & its recent remake, he arrived at Annapolis in 1767 aboard the ship the Lord Ligonier",
            "solution": "What is Kunta Kinte"
        }
    }
}