{
    "game": {
        "single": [
            {
                "category": "AMERICAN GOVERNMENT",
                "clues": [
                    {
                        "value": 100,
                        "clue": "It begins, \"We the people of the United States, in order to form...\"",
                        "solution": "What is the Constitution"
                    },
                    {
                        "value": 200,
                        "clue": "While he rarely appears in the Senate, it's his job to cast the deciding vote when there's a tie",
                        "solution": "What is vice president"
                    },
                    {
                        "value": 400,
                        "clue": "This daily account of the goings-on in the House & Senate has been published by the government since 1873",
                        "solution": "What is the Congressional Record"
                    },
                    {
                        "value": 500,
                        "clue": "It's no longer a secret — in 1856 Millard Fillmore ran for president on this party's ticket & lost",
                        "solution": "What is the Know-Nothings"
                    }
                ]
            },
            {
                "category": "HISTORY ON TV",
                "clues": [
                    {
                        "value": 100,
                        "clue": "In this show's 1983 finale, the Korean War ends but Hawkeye has a nervous breakdown",
                        "solution": "What is M*A*S*H"
                    },
                    {
                        "value": 200,
                        "clue": "Paddy Moloney of The Chieftains produced the soundtrack for PBS' series on these people \"in America\"",
                        "solution": "What is the Irish"
                    },
                    {
                        "value": 300,
                        "clue": "The cable film about this secretary of state \"and Nixon\" aired days before Oliver Stone's \"Nixon\" came out",
                        "solution": "What is Henry Kissinger"
                    },
                    {
                        "value": 400,
                        "clue": "In a 1992 TV movie Robert Duvall played Stalin & Maximilian Schell was this predecessor",
                        "solution": "What is V.I. Lenin"
                    }
                ]
            },
            {
                "category": "TRAVEL U.S.A.",
                "clues": [
                    {
                        "value": 100,
                        "clue": "The San Francisco garden named for this British bard features plants mentioned in his works",
                        "solution": "What is William Shakespeare"
                    },
                    {
                        "value": 200,
                        "clue": "You might stay in one of the River Run Cottages if you visit this actor's Sundance Village in Utah",
                        "solution": "What is Robert Redford"
                    },
                    {
                        "value": 300,
                        "clue": "Open since 1982, its name is an acronym for Experimental Prototype Community of Tomorrow",
                        "solution": "What is EPCOT Center"
                    },
                    {
                        "value": 400,
                        "clue": "You can ride a streetcar or a sternwheeler to this city's Audubon Zoo",
                        "solution": "What is New Orleans"
                    },
                    {
                        "value": 500,
                        "clue": "Octagon House in Washington, D.C. is the place where the Treaty of Ghent that ended this war was signed in 1815",
                        "solution": "What is the War of 1812"
                    }
                ]
            },
            {
                "category": "DORM CUISINE",
                "clues": [
                    {
                        "value": 100,
                        "clue": "This snack is healthiest when prepared in a hot-air popper",
                        "solution": "What is popcorn"
                    },
                    {
                        "value": 200,
                        "clue": "Snack-sized sticks of mozzarella are sold under this name because they can be pulled apart into strands",
                        "solution": "What is string cheese"
                    },
                    {
                        "value": 300,
                        "clue": "A popular way to make smooth peanut butter go crunch is to spread it on stalks of this green veggie",
                        "solution": "What is celery"
                    },
                    {
                        "value": 400,
                        "clue": "Fresh varieties of this dairy treat with a Turkish name have more active bacteria than the frozen",
                        "solution": "What is yogurt"
                    },
                    {
                        "value": 500,
                        "clue": "Related to poison ivy, this kidney-shaped snack nut is sold without its toxic shell",
                        "solution": "What is cashew"
                    }
                ]
            },
            {
                "category": "SHE'S ANNE",
                "clues": [
                    {
                        "value": 100,
                        "clue": "Her diary was first published in 1947 under its Dutch title \"Het Achterhuis\"",
                        "solution": "What is Anne Frank"
                    },
                    {
                        "value": 200,
                        "clue": "On the big screen, Genevieve Bujold & Merle Oberon have both played this wife of Henry VIII",
                        "solution": "What is Anne Boleyn"
                    },
                    {
                        "value": 300,
                        "clue": "She took on the role of doomed showerer Marion Crane in the 1998 remake of \"Psycho\"",
                        "solution": "What is Anne Heche"
                    },
                    {
                        "value": 400,
                        "clue": "Sting wrote the song \"Moon Over Bourbon Street\" about a vampire named Louis, one of this author's characters",
                        "solution": "What is Anne Rice"
                    },
                    {
                        "value": 500,
                        "clue": "In 1887 she became Helen Keller's teacher",
                        "solution": "What is Anne Sullivan"
                    }
                ]
            },
            {
                "category": "\"I\" FULL",
                "clues": [
                    {
                        "value": 100,
                        "clue": "Exactly the same, like some twins",
                        "solution": "What is identical"
                    },
                    {
                        "value": 200,
                        "clue": "Pay no attention to",
                        "solution": "What is ignore"
                    },
                    {
                        "value": 300,
                        "clue": "From the Latin for \"to read\", it means \"impossible to read\"",
                        "solution": "What is illegible"
                    },
                    {
                        "value": 400,
                        "clue": "A carved image of a deity, or any object of adoration",
                        "solution": "What is idol"
                    },
                    {
                        "value": 500,
                        "clue": "A Muslim priest",
                        "solution": "What is imam"
                    }
                ]
            }
        ],
        "double": [
            {
                "category": "PEOPLE IN HISTORY",
                "clues": [
                    {
                        "value": 200,
                        "clue": "Well I'll be a monkey's uncle, in 1859 he shocked the world with his \"Origin of Species\"",
                        "solution": "What is Charles Darwin"
                    },
                    {
                        "value": 600,
                        "clue": "This king of the Huns is said to have been a small man with a big head & a flat nose; not too attractive!",
                        "solution": "What is Attila"
                    },
                    {
                        "value": 800,
                        "clue": "This author of \"The Prince\" was briefly imprisoned for allegedly conspiring against the Medicis",
                        "solution": "What is Machiavelli"
                    },
                    {
                        "value": 1000,
                        "clue": "For helping the Lincoln conspirators, she was the first woman hanged by the U.S. government",
                        "solution": "What is Mary Surratt"
                    }
                ]
            },
            {
                "category": "ANAGRAMS",
                "clues": [
                    {
                        "value": 200,
                        "clue": "You may eat this candied tuber at Thanksgiving",
                        "solution": "What is yam (may)"
                    },
                    {
                        "value": 400,
                        "clue": "Nervously walk back & forth across the cape",
                        "solution": "What is pace (cape)"
                    },
                    {
                        "value": 600,
                        "clue": "When he gets a wild blue idea, Rodney goes off there",
                        "solution": "What is yonder (Rodney)"
                    },
                    {
                        "value": 800,
                        "clue": "To gaze at the obverse side",
                        "solution": "What is observe (obverse)"
                    },
                    {
                        "value": 1000,
                        "clue": "Mama Mia! An Italian might dream about this person",
                        "solution": "What is madre (dream)"
                    }
                ]
            },
            {
                "category": "BRIT LIT",
                "clues": [
                    {
                        "value": 200,
                        "clue": "The man-eating Grendel, Grendel's mom & a fire-breathing dragon are slain in this epic from the 8th century",
                        "solution": "What is Beowulf"
                    },
                    {
                        "value": 400,
                        "clue": "The second line of this Dylan Thomas poem says, \"Old age should burn and rave at close of day\"",
                        "solution": "What is \"Do not go gentle into that good night\""
                    },
                    {
                        "value": 600,
                        "clue": "His 1915 novel \"The Rainbow\" was declared obscene; so was his 1928 novel",
                        "solution": "What is D.H. Lawrence"
                    },
                    {
                        "value": 800,
                        "clue": "\"The Lamb\", one of his \"Songs of Innocence\", asks, \"Little lamb, who made thee?\"",
                        "solution": "What is William Blake"
                    },
                    {
                        "value": 1000,
                        "clue": "This 1651 whale of a treatise on government by Thomas Hobbes is a defense of secular monarchy",
                        "solution": "What is Leviathan"
                    }
                ]
            },
            {
                "category": "THE GOBI DESERT",
                "clues": [
                    {
                        "value": 200,
                        "clue": "The big Gobi event of 1955 was the completion of one of these spanning the desert",
                        "solution": "What is a railroad"
                    },
                    {
                        "value": 400,
                        "clue": "In July 1993 an egg containing the embryo of one of these was found at Ukhaa Tolgod in the Gobi",
                        "solution": "What is dinosaur"
                    },
                    {
                        "value": 600,
                        "clue": "These climatic events are common in the Gobi; a severe one may be called the \"black wind\"",
                        "solution": "What is sandstorms"
                    },
                    {
                        "value": 800,
                        "clue": "\"Gobi\" means \"waterless place\" in the Altaic languages collectively called this national language",
                        "solution": "What is Mongolian"
                    },
                    {
                        "value": 1000,
                        "clue": "Gobi explorer Nikolai Przhevalski discovered a wild camel & the world's last surviving wild species of this",
                        "solution": "What is horse"
                    }
                ]
            },
            {
                "category": "ROCK STARS",
                "clues": [
                    {
                        "value": 200,
                        "clue": "Jay-Z joins her on \"Heartbreaker\"",
                        "solution": "What is Mariah Carey"
                    },
                    {
                        "value": 400,
                        "clue": "Formerly known as Prince, he's now calling himself by this 2-word name",
                        "solution": "What is The Artist"
                    },
                    {
                        "value": 800,
                        "clue": "This ex-Spice Girl was once a model on the Turkish version of \"Let's Make a Deal\"",
                        "solution": "What is Geri Halliwell"
                    },
                    {
                        "value": 1000,
                        "clue": "Her career became even more fruitful after \"Tidal\" went triple platinum",
                        "solution": "What is Fiona Apple"
                    }
                ]
            },
            {
                "category": "NUMBERS",
                "clues": [
                    {
                        "value": 200,
                        "clue": "Number of stripes on the flag of France plus the number of stripes on the flag of Italy",
                        "solution": "What is 6 (3 + 3)"
                    },
                    {
                        "value": 400,
                        "clue": "\"Dollars\" paid for Manhattan plus the number of eggs in 2 dozen",
                        "solution": "What is 48 (24 + 24)"
                    },
                    {
                        "value": 600,
                        "clue": "Number of continents whose names begin with \"E\" plus the number of degrees in a right angle",
                        "solution": "What is 91 (1 + 90)"
                    },
                    {
                        "value": 800,
                        "clue": "Number of U.S. states with a Pacific coast plus the number of U.S. presidents named Robert",
                        "solution": "What is 5 (5 + 0)"
                    },
                    {
                        "value": 1000,
                        "clue": "The number of tons in a kiloton plus the atomic number of hydrogen",
                        "solution": "What is 1001 (1000 + 1)"
                    }
                ]
            }
        ],
        "final": {
            "category": "WORLD GEOGRAPHY",
            "clue": "The land closest to zero longitude, zero latitude & zero altitude, Cape Three Points is found on this continent",
            "solution": "What is Africa"
        }
    }
}