{
    "game": {
        "single": [
            {
                "category": "MARINE SCIENCE",
                "clues": [
                    {
                        "value": 200,
                        "clue": "The one on the cockle is usually ribbed",
                        "solution": "What is the shell"
                    },
                    {
                        "value": 400,
                        "clue": "After the African freshwater cichlid lays its eggs, it picks them up & incubates them in this",
                        "solution": "What is its mouth"
                    },
                    {
                        "value": 600,
                        "clue": "Computers can model these, neap type & all, so sailors don't have to rely totally on tables",
                        "solution": "What is tides"
                    },
                    {
                        "value": 800,
                        "clue": "This sea, a still area in the Atlantic, is a spawning ground for most of the American & European eels",
                        "solution": "What is the Sargasso Sea"
                    }
                ]
            },
            {
                "category": "THE '60s MUSIC SCENE",
                "clues": [
                    {
                        "value": 200,
                        "clue": "Grammy voters certainly loved Aretha Franklin \"just a little bit\"; she won 2 1967 awards for this song",
                        "solution": "What is \"Respect\""
                    },
                    {
                        "value": 400,
                        "clue": "Tom Jones' biggest hit of the '60s was this title song from a Peter Sellers-Woody Allen film",
                        "solution": "What is \"What's New Pussycat?\""
                    },
                    {
                        "value": 600,
                        "clue": "In 1967 this former lead singer of Them launched his solo career with \"Brown Eyed Girl\"",
                        "solution": "What is Van Morrison"
                    },
                    {
                        "value": 800,
                        "clue": "The Beatles sang that this priest was \"writing the words of a sermon that no one will hear, no one comes near\"",
                        "solution": "What is Father McKenzie"
                    },
                    {
                        "value": 1000,
                        "clue": "(Hi, I'm Brenda Lee) It's the 2-word title that follows \"You tell me mistakes are part of being young but that don't right the wrong that's been done\"",
                        "solution": "What is \"I'm Sorry\""
                    }
                ]
            },
            {
                "category": "U.S. CITY NICKNAMES",
                "clues": [
                    {
                        "value": 200,
                        "clue": "\"Home of the Rose Parade\"",
                        "solution": "What is Pasadena"
                    },
                    {
                        "value": 400,
                        "clue": "\"Mardi Gras City\"",
                        "solution": "What is New Orleans"
                    },
                    {
                        "value": 600,
                        "clue": "\"Queen City of the Rockies\"",
                        "solution": "What is Denver"
                    },
                    {
                        "value": 800,
                        "clue": "\"Derby Town\"",
                        "solution": "What is Louisville (Kentucky)"
                    },
                    {
                        "value": 1000,
                        "clue": "\"Kodak City\"",
                        "solution": "What is Rochester (New York)"
                    }
                ]
            },
            {
                "category": "WHAT DO YOU FEEL LIKE EATING?",
                "clues": [
                    {
                        "value": 200,
                        "clue": "Stuffed crust is a specialty of this \"hovel\" with over 10,000 outlets worldwide",
                        "solution": "What is Pizza Hut"
                    },
                    {
                        "value": 400,
                        "clue": "Smith & Wesson sells guns; Smith & this sells steaks",
                        "solution": "What is Smith & Wollensky"
                    },
                    {
                        "value": 600,
                        "clue": "Need a scone in Rome? Stop by Babington's, these \"rooms\", opened in 1893",
                        "solution": "What is tea rooms"
                    },
                    {
                        "value": 800,
                        "clue": "A Manhattan store that opened in 2003 sells only this dessert, made with the sushi type of its main ingredient",
                        "solution": "What is rice pudding"
                    },
                    {
                        "value": 1000,
                        "clue": "Fluky's in Chicago makes these items Chicago style by adding mustard, onions, peppers, tomatoes...",
                        "solution": "What is hot dogs"
                    }
                ]
            },
            {
                "category": "FINISH YOUR MAIN COURSE",
                "clues": [
                    {
                        "value": 200,
                        "clue": "Finish your \"squab\": an argument",
                        "solution": "What is squabble"
                    },
                    {
                        "value": 400,
                        "clue": "Finish your \"ham\": to prevent someone's free movement",
                        "solution": "What is hamper"
                    },
                    {
                        "value": 600,
                        "clue": "Finish your \"carp\": the group of bones forming the wrist joint",
                        "solution": "What is carpals"
                    },
                    {
                        "value": 800,
                        "clue": "Finish your \"Hash\": the dynasty that rules Jordan",
                        "solution": "What is the Hashemite kingdom"
                    },
                    {
                        "value": 1000,
                        "clue": "Finish your \"sole\": a coil of wire that acts like a magnet when electrified",
                        "solution": "What is solenoid"
                    }
                ]
            },
            {
                "category": "YOU GET NO DESSERT!",
                "clues": [
                    {
                        "value": 200,
                        "clue": "The Cracker Jack had barely been eaten when the 1989 World Series game 3 in this city was preempted by a quake",
                        "solution": "What is San Francisco"
                    },
                    {
                        "value": 400,
                        "clue": "David Castillo had 24 tacos, 6 tostadas & 6 enchiladas but no dessert just before this in 1998 in Texas",
                        "solution": "What is his execution"
                    },
                    {
                        "value": 600,
                        "clue": "David Riccio, secretary to this queen, was dragged from her supper room at Holyrood in 1566 & brutally killed",
                        "solution": "What is Queen Mary (of Scotland)"
                    },
                    {
                        "value": 800,
                        "clue": "Their festivities were interrupted on Dec. 26, 1776 by the arrival of Washington & his troops",
                        "solution": "What is the Hessians"
                    },
                    {
                        "value": 1000,
                        "clue": "In 1872 this ghost ship with a female name was found abandoned at sea with all of its supplies & food intact",
                        "solution": "What is the Mary Celeste"
                    }
                ]
            }
        ],
        "double": [
            {
                "category": "NAME THE FOE",
                "clues": [
                    {
                        "value": 400,
                        "clue": "Simon Bolivar",
                        "solution": "What is the Spanish"
                    },
                    {
                        "value": 800,
                        "clue": "Audie Murphy",
                        "solution": "What is the Germans"
                    },
                    {
                        "value": 1200,
                        "clue": "Owen Glendower of Wales",
                        "solution": "What is the English"
                    },
                    {
                        "value": 1600,
                        "clue": "Algeria's Abd Al-Qadir",
                        "solution": "What is the French"
                    },
                    {
                        "value": 2000,
                        "clue": "Indonesia's Abdul Haris Nasution",
                        "solution": "What is the Dutch"
                    }
                ]
            },
            {
                "category": "BEST SCREENPLAY OSCARS",
                "clues": [
                    {
                        "value": 400,
                        "clue": "2002: Ronald Harwood for this biography of a Polish Jewish musician",
                        "solution": "What is The Pianist"
                    },
                    {
                        "value": 800,
                        "clue": "2001: Akiva Goldsman for this biography of a schizophrenic math genius",
                        "solution": "What is A Beautiful Mind"
                    },
                    {
                        "value": 1200,
                        "clue": "1994: Eric Roth for this story of a shrimp boat captain, among other things",
                        "solution": "What is Forrest Gump"
                    },
                    {
                        "value": 1600,
                        "clue": "1989: Tom Schulman for this tale of \"seizing the day\" at a prep school",
                        "solution": "What is Dead Poets Society"
                    },
                    {
                        "value": 2000,
                        "clue": "1992: Neil Jordan for this IRA love story with a twist",
                        "solution": "What is The Crying Game"
                    }
                ]
            },
            {
                "category": "MULE DRIVING",
                "clues": [
                    {
                        "value": 400,
                        "clue": "\"Borax Bill\" Parkinson was one of the top 20-Mule Team drivers that used to haul borax out of this valley",
                        "solution": "What is Death Valley"
                    },
                    {
                        "value": 800,
                        "clue": "A new book says the model for this title character in this D.H. Lawrence book was a Sicilian mule driver",
                        "solution": "What is Lady Chatterley's Lover"
                    }
                ]
            },
            {
                "category": "STORY COLLECTIONS",
                "clues": [
                    {
                        "value": 400,
                        "clue": "The tellers in this classic collection include the Knight & the Wife of Bath",
                        "solution": "What is The Canterbury Tales"
                    },
                    {
                        "value": 800,
                        "clue": "The history of Ali Baba & the history of Sinbad the Sailor were told by her over many, many nights",
                        "solution": "What is Scheherazade"
                    },
                    {
                        "value": 1200,
                        "clue": "10 people fleeing Florence to escape the plague each tell 10 tales in this Boccaccio book",
                        "solution": "What is The Decameron"
                    },
                    {
                        "value": 1600,
                        "clue": "If you like summer reruns, check out this 1837 Hawthorne collection (which was also reissued in 1842)",
                        "solution": "What is Twice-Told Tales"
                    },
                    {
                        "value": 2000,
                        "clue": "Humans changing into plants, animals & other things are found in this 15-volume collection of tales by Ovid",
                        "solution": "What is Metamorphoses"
                    }
                ]
            },
            {
                "category": "BE A QUICK CHANGE ARTIST",
                "clues": [
                    {
                        "value": 400,
                        "clue": "If you sell the Pentagon 3 jets at $1/2 billion each & are paid with a $2 billion check, you owe this many million in change",
                        "solution": "What is $500 million"
                    },
                    {
                        "value": 800,
                        "clue": "It's the change for that annoying old lady who counts out 3 quarters & 13 dimes for a two-buck coffee",
                        "solution": "What is 5 cents"
                    },
                    {
                        "value": 1200,
                        "clue": "If a book costs 2 Andy Jacksons & a customer gives you a Ulysses Grant, give him one of this man in change",
                        "solution": "What is Alexander Hamilton ($10)"
                    },
                    {
                        "value": 1600,
                        "clue": "If the Bulgarian lev is trading at 1.8 to the dollar & Ivan gives you 18 levs for an $8 cap, you owe him this much",
                        "solution": "What is 3.6 levs/$2"
                    },
                    {
                        "value": 2000,
                        "clue": "If the item costs $1.50, sales tax is 10% & the customer gives you $5, return this much",
                        "solution": "What is $3.35"
                    }
                ]
            },
            {
                "category": "\"P\"s TIME",
                "clues": [
                    {
                        "value": 400,
                        "clue": "In mythology, when this was opened, all the world's evils were let out",
                        "solution": "What is Pandora's box"
                    },
                    {
                        "value": 800,
                        "clue": "From a Narragansett word, it's a traditional gathering of Native American tribes",
                        "solution": "What is pow-wow"
                    },
                    {
                        "value": 1200,
                        "clue": "From the Middle English for \"spoils\", it means to steal a small amount or item",
                        "solution": "What is pilfer"
                    },
                    {
                        "value": 1600,
                        "clue": "(Sarah of the Clue Crew standing in front of a chalkboard) From the Greek for \"close\", it's the point in the orbit of any object at when it's closest to the object it's orbiting",
                        "solution": "What is perigee"
                    },
                    {
                        "value": 2000,
                        "clue": "From the Old Latin for \"first born\", it was the feudal law by which only eldest sons got an inheritance",
                        "solution": "What is primogeniture"
                    }
                ]
            }
        ],
        "final": {
            "category": "THE INTERNET",
            "clue": "It is named in honor of a Monty Python sketch that used the word more than 100 times in 2 1/2 minutes",
            "solution": "What is spam"
        }
    }
}