{
    "game": {
        "single": [
            {
                "category": "QUICK MOBY-DICK",
                "clues": [
                    {
                        "value": 200,
                        "clue": "Of the Monica, the Rachel or the Phoebe, the rescue ship at the tale's end",
                        "solution": "What is the Rachel"
                    },
                    {
                        "value": 400,
                        "clue": "Melville's subtitle for the first American edition",
                        "solution": "What is The Whale"
                    },
                    {
                        "value": 600,
                        "clue": "The harpooner from Kokovoko with the rad tats",
                        "solution": "What is Queequeg"
                    },
                    {
                        "value": 800,
                        "clue": "Salem, Massachusetts author to whom the 1851 novel is dedicated",
                        "solution": "What is Nathaniel Hawthorne"
                    },
                    {
                        "value": 1000,
                        "clue": "The biblical prophet who's the subject of chapter 83",
                        "solution": "What is Jonah"
                    }
                ]
            },
            {
                "category": "PEOPLE",
                "clues": [
                    {
                        "value": 200,
                        "clue": "To mark his 18th birthday in 2002, this prince visited the sick & homeless to carry on the work of his late mother",
                        "solution": "What is Prince Harry"
                    },
                    {
                        "value": 400,
                        "clue": "In 1996 he was \"Livin' La Vida Loca\" on Broadway, playing Marius in \"Les Miz\"",
                        "solution": "What is Ricky Martin"
                    },
                    {
                        "value": 600,
                        "clue": "The website of this tennis \"goddess\" told us that she's 6'2\", loves to write poetry & wants to go to Croatia",
                        "solution": "What is Venus Williams"
                    },
                    {
                        "value": 800,
                        "clue": "Visitors to the Sundance Film Festival know that the Sundance Institute was founded by this man in 1981",
                        "solution": "What is Robert Redford"
                    },
                    {
                        "value": 1000,
                        "clue": "He wore a kilt when he married Madonna in a Scottish castle",
                        "solution": "What is Guy Ritchie"
                    }
                ]
            },
            {
                "category": "STOCK UP",
                "clues": [
                    {
                        "value": 200,
                        "clue": "KO the competition with this \"Classic\" soft drink company, symbol KO",
                        "solution": "What is Coca-Cola"
                    },
                    {
                        "value": 400,
                        "clue": "For the ultimate in geek chic, get the TI-89 Titanium graphing calculator from this company, TXN",
                        "solution": "What is Texas Instruments"
                    },
                    {
                        "value": 600,
                        "clue": "Spokesman Jeff Gordon sprays the fastlane with Halston Z-14 from this company, RDEN",
                        "solution": "What is Elizabeth Arden"
                    },
                    {
                        "value": 800,
                        "clue": "Buy books at this company, BKS, which also goes under the B. Dalton name",
                        "solution": "What is Barnes & Noble"
                    },
                    {
                        "value": 1000,
                        "clue": "Originally named Sound of Music, this company, BBY, still offers sound electronics & music",
                        "solution": "What is Best Buy"
                    }
                ]
            },
            {
                "category": "COMPUTER GAMING",
                "clues": [
                    {
                        "value": 200,
                        "clue": "Installments of this controversial crime-based game include \"San Andreas\" & \"Vice City\"",
                        "solution": "What is Grand Theft Auto"
                    },
                    {
                        "value": 400,
                        "clue": "In the '05 version of the EA title named for this ex-Raiders coach, Al Michaels does the play-by-play",
                        "solution": "What is John Madden"
                    },
                    {
                        "value": 600,
                        "clue": "In \"God of War\", PlayStation 2 lets you play Kratos, a Greek warrior whose final fight is with this Greek god of war",
                        "solution": "What is Ares"
                    },
                    {
                        "value": 800,
                        "clue": "It's Master Chief versus the Covenant in the first version of this Xbox game named for a ring-like space station",
                        "solution": "What is Halo"
                    },
                    {
                        "value": 1000,
                        "clue": "This role-playing game out in 2004 returns to the \"World\" of Azeroth, where heroes like Leeroy Jenkins do battle",
                        "solution": "What is World of Warcraft"
                    }
                ]
            },
            {
                "category": "STATE INTELLIGENCE",
                "clues": [
                    {
                        "value": 200,
                        "clue": "Office of Strategic Services",
                        "solution": "What is the United States"
                    },
                    {
                        "value": 400,
                        "clue": "Komitet Gosudarstvennoy Bezopasnosti",
                        "solution": "What is Russia"
                    },
                    {
                        "value": 600,
                        "clue": "MI6",
                        "solution": "What is Britain"
                    },
                    {
                        "value": 800,
                        "clue": "Mossad",
                        "solution": "What is Israel"
                    },
                    {
                        "value": 1000,
                        "clue": "Within the Oglaigh na h-Eireann: G2",
                        "solution": "What is Ireland"
                    }
                ]
            },
            {
                "category": "HISTORY CROSSWORD CLUES \"M\"",
                "clues": [
                    {
                        "value": 200,
                        "clue": "\"Memorable\" battleship of 1898 (5)",
                        "solution": "What is the USS Maine"
                    },
                    {
                        "value": 400,
                        "clue": "Dash-ing code creator born in 1791 (5)",
                        "solution": "What is Morse"
                    },
                    {
                        "value": 600,
                        "clue": "Canada's fifth province (8)",
                        "solution": "What is Manitoba"
                    },
                    {
                        "value": 800,
                        "clue": "\"Swamp Fox\" Francis (6)",
                        "solution": "What is Marion"
                    },
                    {
                        "value": 1000,
                        "clue": "A \"Dolley\" house (home to the Madisons) (10)",
                        "solution": "What is Montpelier"
                    }
                ]
            }
        ],
        "double": [
            {
                "category": "AROUND THE WORLD",
                "clues": [
                    {
                        "value": 400,
                        "clue": "Oskar Schindler is buried on Mount Zion in this city",
                        "solution": "What is Jerusalem"
                    },
                    {
                        "value": 800,
                        "clue": "(Kelly of the Clue Crew reads from outside a black brick edifice in Lubeck, Germany.) The elaborate use of brick in Lubeck, Germany began early in the city's history, partially in response to this disaster in 1157",
                        "solution": "What is fire"
                    },
                    {
                        "value": 1200,
                        "clue": "This capital's Plaza Independencia has a statue of Jose Artigas, hero of Uruguayan independencia",
                        "solution": "What is Montevideo"
                    },
                    {
                        "value": 1600,
                        "clue": "(Jimmy of the Clue Crew reads from the Aswan High Dam in Egypt.) The Aswan High Dam gave Egyptians control over this annual event that dominated ancient agriculture",
                        "solution": "What is the flooding of the Nile"
                    },
                    {
                        "value": 2000,
                        "clue": "Somalia is on the geographic projection usually called this \"of Africa\"",
                        "solution": "What is the horn"
                    }
                ]
            },
            {
                "category": "FROM PAGE TO SCREEN",
                "clues": [
                    {
                        "value": 400,
                        "clue": "He's the funny man who played the title role in the movie version of \"The Cat in the Hat\"",
                        "solution": "What is Mike Myers"
                    },
                    {
                        "value": 800,
                        "clue": "This innovative Polish director brought Charles Dickens' \"Oliver Twist\" to life in 2005",
                        "solution": "What is (Roman) Polanski"
                    },
                    {
                        "value": 1200,
                        "clue": "\"Zathura\" is from a book by Chris Van Allsburg, author of this \"cool\" story, later a Tom Hanks animated film",
                        "solution": "What is The Polar Express"
                    },
                    {
                        "value": 1600,
                        "clue": "(Jimmy of the Clue Crew reports from the set of Zathura.) The heroes of \"Zathura\" meet up with one of these mechanical devices, not the helpful kind, but one with claw hands that smashes through walls",
                        "solution": "What is a robot"
                    },
                    {
                        "value": 2000,
                        "clue": "In 2004 Reese Witherspoon starred in the big screen version of \"Vanity Fair\" by this author",
                        "solution": "What is Thackeray"
                    }
                ]
            },
            {
                "category": "A VERY SPECIAL PULITZER PRIZE",
                "clues": [
                    {
                        "value": 400,
                        "clue": "1984: To this \"physician\", for his books of playful rhymes, nonsense words & strange illustrations",
                        "solution": "What is Dr. Seuss"
                    },
                    {
                        "value": 800,
                        "clue": "1960: To Professor Garrett Mattingly, for his study of this 16th century Spanish fleet",
                        "solution": "What is the Armada"
                    },
                    {
                        "value": 1200,
                        "clue": "1978: To Richard Lee Strout, for his body of work for this \"Christian\" publication",
                        "solution": "What is the Christian Science Monitor"
                    },
                    {
                        "value": 1600,
                        "clue": "1952: To this Missouri city's Star newspaper, for its coverage of a series of natural disasters",
                        "solution": "What is Kansas City"
                    },
                    {
                        "value": 2000,
                        "clue": "1938: To this Alberta city's Journal newspaper, for its freedom of the press editorials",
                        "solution": "What is Edmonton"
                    }
                ]
            },
            {
                "category": "STATE OBJECTS & SYMBOLS",
                "clues": [
                    {
                        "value": 400,
                        "clue": "This ditty about a pony-riding gentleman is Connecticut's state song",
                        "solution": "What is \"Yankee Doodle\""
                    },
                    {
                        "value": 800,
                        "clue": "How sweet it is that this is North Carolina's official state insect",
                        "solution": "What is the honeybee"
                    },
                    {
                        "value": 1200,
                        "clue": "The state motto of Pennsylvania is \"Virtue, liberty, and\" this, quite a declaration",
                        "solution": "What is \"independence\""
                    },
                    {
                        "value": 2000,
                        "clue": "This state gem of Washington was once a tree, or at least a piece of it",
                        "solution": "What is petrified wood"
                    }
                ]
            },
            {
                "category": "TRAIN-ING DAY",
                "clues": [
                    {
                        "value": 400,
                        "clue": "Catch an express train to the Algarve from the Barreiro Station in this Iberian capital",
                        "solution": "What is Lisbon"
                    },
                    {
                        "value": 800,
                        "clue": "President Harding drove the golden spike at Nenana for this state's RR & died on the way home",
                        "solution": "What is Alaska"
                    },
                    {
                        "value": 1200,
                        "clue": "Commuter maglevs are still being tested in this country, so take a ride on the slower Shinkansen bullet trains",
                        "solution": "What is Japan"
                    },
                    {
                        "value": 1600,
                        "clue": "The Eurostar chunnels from London to Paris & this other nearby capital",
                        "solution": "What is Brussels"
                    },
                    {
                        "value": 2000,
                        "clue": "This country's royal trains will take you from a Jain temple city to the Arabian Sea",
                        "solution": "What is India"
                    }
                ]
            },
            {
                "category": "12-LETTER WORDS",
                "clues": [
                    {
                        "value": 400,
                        "clue": "A cntrctd. form of a wd. or phrs., frm. the Ltn. for \"shrtnd.\"",
                        "solution": "What is abbreviation"
                    },
                    {
                        "value": 800,
                        "clue": "Class of a pro boxer topping out at 160 pounds",
                        "solution": "What is middleweight"
                    },
                    {
                        "value": 1200,
                        "clue": "The walls at the U.S. one in Leavenworth are 40 feet high & 40 feet below ground",
                        "solution": "What is penitentiary"
                    },
                    {
                        "value": 1600,
                        "clue": "Luggage-based term for a war-profiteering Northerner in the Postbellum South",
                        "solution": "What is carpetbagger"
                    },
                    {
                        "value": 2000,
                        "clue": "Term for the fear or hatred of Gallic culture",
                        "solution": "What is francophobia"
                    }
                ]
            }
        ],
        "final": {
            "category": "WORD ORIGINS",
            "clue": "This word meaning \"complete range\" comes from the 3rd Greek letter, which used to be the low end of the musical scale",
            "solution": "What is gamut"
        }
    }
}