{
    "game": {
        "single": [
            {
                "category": "NATURE",
                "clues": [
                    {
                        "value": 100,
                        "clue": "Safes, a type of these desert formations, are often many miles long & several hundred feet high",
                        "solution": "What is sand dunes"
                    },
                    {
                        "value": 200,
                        "clue": "Sausage trees, found in Africa, are pollinated by these flying mammals",
                        "solution": "What is bats"
                    },
                    {
                        "value": 300,
                        "clue": "This largest U.S. cactus can weigh as much as 10 tons",
                        "solution": "What is saguaro"
                    },
                    {
                        "value": 400,
                        "clue": "Often found clinging to rocks, limpets are a type of this mollusk",
                        "solution": "What is snails"
                    },
                    {
                        "value": 500,
                        "clue": "In the South, buildings have been engulfed & trees have been smothered by this Oriental vine gone wild",
                        "solution": "What is kudzu"
                    }
                ]
            },
            {
                "category": "MUSICAL THEATRE",
                "clues": [
                    {
                        "value": 100,
                        "clue": "When Marie Osmond toured in this play in 1994, her eldest son, Steven, played Kurt Von Trapp",
                        "solution": "What is The Sound of Music"
                    },
                    {
                        "value": 200,
                        "clue": "This 1946 musical that featured the following was Irving Berlin's biggest Broadway hit: \"I'm quick on the trigger / With targets not much bigger / Than a pinpoint, a number 1...\"",
                        "solution": "What is Annie Get Your Gun"
                    },
                    {
                        "value": 300,
                        "clue": "Scott Bakula played Joe DiMaggio in a 1983 musical about this sex symbol",
                        "solution": "What is Marilyn Monroe"
                    },
                    {
                        "value": 400,
                        "clue": "Elaine Stritch plays Capt. Andy's wife Parthy in the current revival of this Jerome Kern musical",
                        "solution": "What is Show Boat"
                    },
                    {
                        "value": 500,
                        "clue": "\"Kismet\"'s music is adapted from the works of this \"Prince Igor\" composer",
                        "solution": "What is Alexander Borodin"
                    }
                ]
            },
            {
                "category": "1988",
                "clues": [
                    {
                        "value": 100,
                        "clue": "At the July 1988 Democratic National Convention this Massachusetts governor was nominated for president",
                        "solution": "What is Michael Dukakis"
                    },
                    {
                        "value": 200,
                        "clue": "The Thatcher government imposed a broadcast ban on this political wing of the IRA",
                        "solution": "What is Sinn Fein"
                    },
                    {
                        "value": 300,
                        "clue": "After 32 years in power, Janos Kadar was ousted as first secretary of this country's Communist Party",
                        "solution": "What is Hungary"
                    },
                    {
                        "value": 400,
                        "clue": "A 1988 plebiscite said that this Chilean dictator had to be out of office by March of 1990",
                        "solution": "What is Augusto Pinochet"
                    },
                    {
                        "value": 500,
                        "clue": "Along with the Marcoses, this Saudi arms merchant was indicted in October on charges of racketeering",
                        "solution": "What is Adnan Khashoggi"
                    }
                ]
            },
            {
                "category": "FOOD",
                "clues": [
                    {
                        "value": 100,
                        "clue": "While these small bread cubes often top salads, larger versions can be used to catch drippings",
                        "solution": "What is croutons"
                    },
                    {
                        "value": 200,
                        "clue": "A raw egg yolk usually accompanies this raw meat dish",
                        "solution": "What is Steak Tartare"
                    },
                    {
                        "value": 300,
                        "clue": "Butternut refers to both an actual nut & this type of gourd",
                        "solution": "What is squash"
                    },
                    {
                        "value": 400,
                        "clue": "It's an Italian version of an omelet, served pancake-style",
                        "solution": "What is a frittata"
                    },
                    {
                        "value": 500,
                        "clue": "They're the two common vegetables in the English dish bubble & squeak",
                        "solution": "What is potato & cabbage"
                    }
                ]
            },
            {
                "category": "HEALTH & MEDICINE",
                "clues": [
                    {
                        "value": 100,
                        "clue": "These blood-sucking worms are used in medicine today to drain hematomas",
                        "solution": "What is leeches"
                    },
                    {
                        "value": 200,
                        "clue": "Light flashes in the field of vision may mean this optic tissue has become detached",
                        "solution": "What is the retina"
                    },
                    {
                        "value": 300,
                        "clue": "This artificial sweetener has been associated with bladder cancer in animal experiments",
                        "solution": "What is saccharin"
                    },
                    {
                        "value": 400,
                        "clue": "Apnea is the temporary cessation of this",
                        "solution": "What is breathing"
                    },
                    {
                        "value": 500,
                        "clue": "In vitiligo, a common disorder, patches of skin lose this",
                        "solution": "What is pigment (or color)"
                    }
                ]
            },
            {
                "category": "CROSSWORD CLUES \"E\"",
                "clues": [
                    {
                        "value": 100,
                        "clue": "Zealous, like a beaver (5)",
                        "solution": "What is eager"
                    },
                    {
                        "value": 200,
                        "clue": "Mistaken (9)",
                        "solution": "What is erroneous"
                    },
                    {
                        "value": 300,
                        "clue": "On-screen, they're \"special\" (7)",
                        "solution": "What is effects"
                    },
                    {
                        "value": 400,
                        "clue": "Count off one-by-one (9)",
                        "solution": "What is enumerate"
                    },
                    {
                        "value": 500,
                        "clue": "The \"bigger picture\" (11)",
                        "solution": "What is enlargement"
                    }
                ]
            }
        ],
        "double": [
            {
                "category": "ANCIENT HISTORY",
                "clues": [
                    {
                        "value": 200,
                        "clue": "In 213 B.C., Ch'in Shih Huang-ti ordered all of these burned, except the ones in the imperial library",
                        "solution": "What is books"
                    },
                    {
                        "value": 400,
                        "clue": "This pupil of Socrates went to Sicily to try to turn Dionysius into a philosopher king",
                        "solution": "What is Plato"
                    },
                    {
                        "value": 600,
                        "clue": "Tikal became an important ceremonial center of this civilization, prior to 300 A.D.",
                        "solution": "What is the Mayans"
                    },
                    {
                        "value": 800,
                        "clue": "He was only 16 when he became Roman emperor upon the death of Claudius",
                        "solution": "What is Nero"
                    },
                    {
                        "value": 1000,
                        "clue": "This Old Kingdom capital of Egypt was originally named Hikouptah",
                        "solution": "What is Memphis"
                    }
                ]
            },
            {
                "category": "U.S. GEOGRAPHY",
                "clues": [
                    {
                        "value": 200,
                        "clue": "Antelope Island in this Utah lake is used as a refuge for bison",
                        "solution": "What is the Great Salt Lake"
                    },
                    {
                        "value": 400,
                        "clue": "Albuquerque, New Mexico lies on this 1885-mile long river",
                        "solution": "What is the Rio Grande"
                    },
                    {
                        "value": 600,
                        "clue": "From its incorporation in 1813 until 1901, this New York village was known as Sing-Sing",
                        "solution": "What is Ossining"
                    },
                    {
                        "value": 800,
                        "clue": "South Carolina's highest point, Sassafras Mountain, rises 3,560 feet in this range of the Appalachians",
                        "solution": "What is the Blue Ridge Mountains"
                    },
                    {
                        "value": 1000,
                        "clue": "This Lake Erie port in Northwest Ohio was once called \"the Glass Capital of the World\"",
                        "solution": "What is Toledo"
                    }
                ]
            },
            {
                "category": "SAINTS",
                "clues": [
                    {
                        "value": 200,
                        "clue": "On the second Sunday in May, the French honor her with a holiday",
                        "solution": "What is Joan of Arc"
                    },
                    {
                        "value": 400,
                        "clue": "March 1st is the feast day of this patron saint of Wales",
                        "solution": "What is St. David"
                    },
                    {
                        "value": 600,
                        "clue": "St. Raphael shares his feast day, September 29, with these two archangels",
                        "solution": "What is Michael & Gabriel"
                    },
                    {
                        "value": 800,
                        "clue": "This man who added utopia to our vocabulary was made a saint in 1935",
                        "solution": "What is St. Thomas More"
                    },
                    {
                        "value": 1000,
                        "clue": "This scholarly 13th century saint was often called \"The Angelic Doctor\"",
                        "solution": "What is St. Thomas Aquinas"
                    }
                ]
            },
            {
                "category": "FLEETS",
                "clues": [
                    {
                        "value": 200,
                        "clue": "When he left for his second voyage in September of 1493, he had a fleet of seventeen ships, fourteen more than his first trip",
                        "solution": "What is Christopher Columbus"
                    },
                    {
                        "value": 400,
                        "clue": "The Duque de Medina- Sidonia commanded this fleet in 1588",
                        "solution": "What is the Spanish Armada"
                    },
                    {
                        "value": 600,
                        "clue": "This company's fleet has included the Queen Mary, Queen Elizabeth, & Queen Elizabeth II",
                        "solution": "What is Cunard"
                    },
                    {
                        "value": 800,
                        "clue": "This empire's fleet was defeated in the 1571 Battle of Lepanto",
                        "solution": "What is the Ottoman Empire"
                    },
                    {
                        "value": 1000,
                        "clue": "The Black Sea fleet in dispute between Russia & Ukraine is based at this Crimean port",
                        "solution": "What is Sevastopol"
                    }
                ]
            },
            {
                "category": "CLOTHING",
                "clues": [
                    {
                        "value": 200,
                        "clue": "They can be crew, knee, or bobby",
                        "solution": "What is socks"
                    },
                    {
                        "value": 400,
                        "clue": "This Channel Island has a close-fitting knitted shirt or sweater named for it, in addition to a cow",
                        "solution": "What is Jersey"
                    },
                    {
                        "value": 600,
                        "clue": "A plastron is the quilted pad worn by competitors in this sport to protect their torso & sides",
                        "solution": "What is fencing"
                    },
                    {
                        "value": 800,
                        "clue": "This apron for young girls has a ruffled bibbed top & a gathered skirt",
                        "solution": "What is a pinafore"
                    },
                    {
                        "value": 1000,
                        "clue": "It's the fur pouch that a Scotsman wears on the front of his kilt",
                        "solution": "What is a sporon"
                    }
                ]
            },
            {
                "category": "LITERATURE",
                "clues": [
                    {
                        "value": 200,
                        "clue": "In F. Scott Fitzgerald's classic novel, Nick Carraway lives next door to this title character",
                        "solution": "What is the Great Gatsby"
                    },
                    {
                        "value": 400,
                        "clue": "Part I of this Willa Cather novel is entitled \"The Wild Land\"",
                        "solution": "What is O Pioneers!"
                    },
                    {
                        "value": 600,
                        "clue": "His novel \"Daisy Miller\" opens at the Trois Couronnes hotel in Vevey, Switzerland",
                        "solution": "What is Henry James"
                    },
                    {
                        "value": 800,
                        "clue": "He published his third novel, \"A Cool Million\", in 1934, one year after \"Miss Lonelyhearts\"",
                        "solution": "What is Nathanael West"
                    },
                    {
                        "value": 1000,
                        "clue": "In English, Ivan Turgenev's novel \"Ottsy i Deti\" is known by this \"familial\" title\"",
                        "solution": "What is Fathers and Sons"
                    }
                ]
            }
        ],
        "final": {
            "category": "NAMES IN THE NEWS",
            "clue": "This former U.N. ambassador is a co-chairman of the host city's committee for the 1996 Olympic Games",
            "solution": "What is Andrew Young"
        }
    }
}