{
    "game": {
        "single": [
            {
                "category": "8-LETTER WORDS",
                "clues": [
                    {
                        "value": 100,
                        "clue": "It can precede blanket, eel or Light Orchestra",
                        "solution": "What is Electric"
                    },
                    {
                        "value": 200,
                        "clue": "A clergyman of any denomination attached to a hospital, ship or university",
                        "solution": "What is Chaplain"
                    },
                    {
                        "value": 300,
                        "clue": "Term for a barrier that impedes progress or a course made up of such barriers",
                        "solution": "What is Obstacle"
                    },
                    {
                        "value": 400,
                        "clue": "The large rounded part of the brain that occupies most of the cranial cavity",
                        "solution": "What is Cerebrum"
                    },
                    {
                        "value": 500,
                        "clue": "The name of this flatfish can mean to move about clumsily",
                        "solution": "What is Flounder"
                    }
                ]
            },
            {
                "category": "COOKING",
                "clues": [
                    {
                        "value": 100,
                        "clue": "This beef stroganoff ingredient can be \"sour\" or \"whipping\"",
                        "solution": "What is Cream"
                    },
                    {
                        "value": 200,
                        "clue": "This ground beef dish was named for J. Salisbury, a physician who advocated dietary reform",
                        "solution": "What is Salisbury steak"
                    },
                    {
                        "value": 300,
                        "clue": "To make chicken a la this, you usually need mushrooms & pimientos",
                        "solution": "What is Chicken a la king"
                    },
                    {
                        "value": 400,
                        "clue": "Quite simply, this is melted butter with the sediment removed",
                        "solution": "What is Clarified butter"
                    },
                    {
                        "value": 500,
                        "clue": "The name of this French dish means \"pot on the fire\"",
                        "solution": "What is Pot-au-feu"
                    }
                ]
            },
            {
                "category": "SPORTS ARENAS",
                "clues": [
                    {
                        "value": 100,
                        "clue": "The 4th building to bear this name is at 8th Avenue & 33rd Street in NYC, atop Penn Station",
                        "solution": "What is Madison Square Garden"
                    },
                    {
                        "value": 200,
                        "clue": "The Mariners baseball team & NFL's Seahawks play their home games in this domed stadium",
                        "solution": "What is Kingdome"
                    },
                    {
                        "value": 300,
                        "clue": "This arena used by the Celtics is the oldest in the NBA",
                        "solution": "What is Boston Garden"
                    },
                    {
                        "value": 400,
                        "clue": "A Detroit arena named for this heavyweight boxing champ was the site of the 1980 GOP Nat'l Convention",
                        "solution": "What is Joe Louis"
                    },
                    {
                        "value": 500,
                        "clue": "1 of 2 pro sports teams that play in the Brendan Byrne Arena in East Rutherford, New Jersey",
                        "solution": "What is New Jersey Devils/New Jersey Nets"
                    }
                ]
            },
            {
                "category": "1981",
                "clues": [
                    {
                        "value": 100,
                        "clue": "This man shot President Reagan, James Brady & 2 security men in March",
                        "solution": "What is John Hinckley"
                    },
                    {
                        "value": 200,
                        "clue": "David & Elizabeth Emanuel became world famous as designers of her wedding gown",
                        "solution": "What is Princess Diana"
                    },
                    {
                        "value": 300,
                        "clue": "His $25,000 sports car with a stainless-steel finish & gull-wing doors was built in Northern Ireland",
                        "solution": "What is John De Lorean"
                    },
                    {
                        "value": 400,
                        "clue": "To show \"Smoking Spoils Your Looks\", she posed for an ad with cigarettes in her ears",
                        "solution": "What is Brooke Shields"
                    },
                    {
                        "value": 500,
                        "clue": "In April 1981 this former V.P. was ordered to pay the state of Maryland $248,735 for bribes he took",
                        "solution": "What is Spiro Agnew"
                    }
                ]
            },
            {
                "category": "POTPOURRI",
                "clues": [
                    {
                        "value": 100,
                        "clue": "The first 13 people to win the Nobel Prize for Literature were from this continent",
                        "solution": "What is Europe"
                    },
                    {
                        "value": 200,
                        "clue": "Of mollusks, algae or dinosaurs, the last one to appear on Earth",
                        "solution": "What is Dinosaurs"
                    },
                    {
                        "value": 300,
                        "clue": "Of the 4 sections in a typical orchestra, the 1 that includes the most musicians",
                        "solution": "What is String section"
                    },
                    {
                        "value": 400,
                        "clue": "2 of the 6 U.N. members whose names begin with the letter \"L\"",
                        "solution": "What is Laos, Lebanon, Lesotho, Liberia, Libya & Luxembourg"
                    },
                    {
                        "value": 500,
                        "clue": "Of the planets in our solar system, this one is last alphabetically",
                        "solution": "What is Venus"
                    }
                ]
            },
            {
                "category": "TV & FILM GIRLFRIENDS",
                "clues": [
                    {
                        "value": 100,
                        "clue": "We don't know what possessed her to play Dr. Peter Venkman's girlfriend, Dana Barrett",
                        "solution": "What is Sigourney Weaver (\"Ghostbusters\")"
                    },
                    {
                        "value": 200,
                        "clue": "This TV doctor has not only taken his girlfriend Wanda, out, he's taken her appendix out too",
                        "solution": "What is Doogie Howser, M.D."
                    },
                    {
                        "value": 300,
                        "clue": "In \"Three Men and a Baby\", it was his girlfriend who had the baby",
                        "solution": "What is Ted Danson"
                    },
                    {
                        "value": 400,
                        "clue": "On this TV series Jason Bateman found that someone special in Lisa Rinna",
                        "solution": "What is The Hogan Family"
                    },
                    {
                        "value": 500,
                        "clue": "In \"Back to the Future Part II\", she played Marty's girlfriend in 1985 & his wife in 2015",
                        "solution": "What is Elisabeth Shue"
                    }
                ]
            }
        ],
        "double": [
            {
                "category": "MEDIEVAL PEOPLE",
                "clues": [
                    {
                        "value": 200,
                        "clue": "It's believed in 1455 Johann Fust foreclosed on & took over this man's printing operation",
                        "solution": "What is Johannes Gutenberg"
                    },
                    {
                        "value": 400,
                        "clue": "Spanish warrior, knight errant & star of his own epic, Rodrigo Diaz de Vivar was known by this name",
                        "solution": "What is El Cid"
                    },
                    {
                        "value": 600,
                        "clue": "Ethelred the Unready managed to lose most of England to King Sweyn Forkbeard of this country",
                        "solution": "What is Denmark"
                    },
                    {
                        "value": 800,
                        "clue": "Known as Friar Roger, this English scientist & philosopher foresaw the airplane",
                        "solution": "What is Roger Bacon"
                    },
                    {
                        "value": 1000,
                        "clue": "Author of the \"Summa Theologica\", he held one of the chairs of theology at the Univ. of Paris",
                        "solution": "What is St. Thomas Aquinas"
                    }
                ]
            },
            {
                "category": "NOVELS",
                "clues": [
                    {
                        "value": 200,
                        "clue": "In \"The Adventures of Tom Sawyer\", he is adopted by the widow Douglas",
                        "solution": "What is Huckleberry Finn"
                    },
                    {
                        "value": 400,
                        "clue": "Experience as a gold miner in the Klondike provided the basis for his \"The Son of the Wolf\" stories",
                        "solution": "What is Jack London"
                    },
                    {
                        "value": 600,
                        "clue": "Don Quixote chose a peasant girl as his lady love & gave her this name",
                        "solution": "What is Dulcinea"
                    },
                    {
                        "value": 800,
                        "clue": "Before writing \"Jaws\", this novelist served as a speechwriter for LBJ",
                        "solution": "What is Peter Benchley"
                    },
                    {
                        "value": 1000,
                        "clue": "Ole Rolvaag's tale of Norwegian immigrants on the prairie whose title is from the Bible",
                        "solution": "What is \"Giants in the Earth\""
                    }
                ]
            },
            {
                "category": "MEXICO",
                "clues": [
                    {
                        "value": 200,
                        "clue": "Over half of Mexico's trade is with this country",
                        "solution": "What is United States"
                    },
                    {
                        "value": 400,
                        "clue": "In the 16th C. he founded Villa Rica de Veracruz, the site of present day Veracruz",
                        "solution": "What is Hernando Cortez"
                    },
                    {
                        "value": 600,
                        "clue": "The 140-mile-wide Isthmus of Tehuantepec separates these 2 major bodies of water",
                        "solution": "What is Pacific Ocean & Gulf Of Mexico/Atlantic Ocean"
                    },
                    {
                        "value": 800,
                        "clue": "1 of the 2 Central American countries that border Mexico",
                        "solution": "What is Belize or Guatemala"
                    },
                    {
                        "value": 1000,
                        "clue": "Honored as the father of independence, he was captured by the Spanish, defrocked & executed in 1811",
                        "solution": "What is Father Miguel Hidalgo"
                    }
                ]
            },
            {
                "category": "TECHNOLOGY",
                "clues": [
                    {
                        "value": 200,
                        "clue": "In 1973 push-through tabs began to replace the pull tabs on these",
                        "solution": "What is Pop/soda cans"
                    },
                    {
                        "value": 400,
                        "clue": "Until '39 the clock used to keep Greenwich Mean Time was regulated by one of these crystals",
                        "solution": "What is Quartz"
                    },
                    {
                        "value": 600,
                        "clue": "The first cable of this type laid across the Atlantic went into service in 1988, doubling call capacity",
                        "solution": "What is Fiber optic"
                    },
                    {
                        "value": 1000,
                        "clue": "Condition of zero electrical resistance, it occurs in metals cooled to very low temperatures",
                        "solution": "What is Superconductivity"
                    }
                ]
            },
            {
                "category": "ART",
                "clues": [
                    {
                        "value": 200,
                        "clue": "Modern movement that is named for the optical illusions created by its geometric patterns",
                        "solution": "What is Op Art"
                    },
                    {
                        "value": 400,
                        "clue": "Greek for \"beautiful writing\", it's the art of beautiful handwriting",
                        "solution": "What is Calligraphy"
                    },
                    {
                        "value": 600,
                        "clue": "Building in which you'd find Michelangelo's masterpiece \"The Creation of Man\"",
                        "solution": "What is The Sistine Chapel"
                    },
                    {
                        "value": 800,
                        "clue": "You can see \"The Maid of Honor\" by Velazquez in this Madrid museum",
                        "solution": "What is The Prado"
                    },
                    {
                        "value": 1000,
                        "clue": "Renoir depicted this mythical character having to choose the most beautiful of 3 goddesses",
                        "solution": "What is Paris (\"The Judgment of Paris\")"
                    }
                ]
            },
            {
                "category": "NAMESAKES",
                "clues": [
                    {
                        "value": 200,
                        "clue": "Flower named for King George III's royal gardener, William Forsythe",
                        "solution": "What is Forsythia"
                    },
                    {
                        "value": 400,
                        "clue": "A city in western Wisconsin named for the Indian game played there in the 19th Century",
                        "solution": "What is La Crosse"
                    },
                    {
                        "value": 600,
                        "clue": "This word for a long journey is named for a Homeric hero who took quite a long journey himself",
                        "solution": "What is Odyssey (Odysseus)"
                    },
                    {
                        "value": 800,
                        "clue": "A shallow covered dish used to grow microorganisms for research, named after its inventor",
                        "solution": "What is Petri dish"
                    },
                    {
                        "value": 1000,
                        "clue": "A deductive system of algebra named after its creator, a 19th Century English mathematician",
                        "solution": "What is Boolean algebra"
                    }
                ]
            }
        ],
        "final": {
            "category": "MEDICINE",
            "clue": "His vaccine was announced safe in April '55, the 10th anniversary of FDR's death",
            "solution": "What is Dr. Jonas Salk"
        }
    }
}