{
    "game": {
        "single": [
            {
                "category": "THE PHANTOM OF THE OPERA",
                "clues": [
                    {
                        "value": 200,
                        "clue": "The longest running musical on Broadway, \"The Phantom of the Opera\" features a dramatic score by this composer \"Love me that's all I ask of you...\"",
                        "solution": "What is Andrew Lloyd Webber"
                    },
                    {
                        "value": 400,
                        "clue": "Act 2 opens at the opera house with a lavish masquerade ball to celebrate this festive winter night \"Masquerade / Every face a different shade / Masquerade...\"",
                        "solution": "What is New Year's Eve"
                    },
                    {
                        "value": 600,
                        "clue": "17 million people have seen Broadway's Phantom ferry Christine to his home under the streets of this city \"And in this labyrinth / Where night is blind...\"",
                        "solution": "What is Paris"
                    },
                    {
                        "value": 800,
                        "clue": "The first African-American actor to play the Phantom on Broadway, Norm Lewis donned the mask to perform this iconic song \"Turn your thoughts away from cold unfeeling light...\"",
                        "solution": "What is \"The Music Of The Night\""
                    },
                    {
                        "value": 1000,
                        "clue": "So far on Broadway, 22 actresses have played Christine, but this soprano originated the Broadway role \"Wishing you were somehow here again...\"",
                        "solution": "What is Sarah Brightman"
                    }
                ]
            },
            {
                "category": "HOLIDAYS & OBSERVANCES",
                "clues": [
                    {
                        "value": 200,
                        "clue": "Union general John Logan's proposal that May 30 be a day for remembering fallen comrades grew into this holiday",
                        "solution": "What is Memorial Day"
                    },
                    {
                        "value": 400,
                        "clue": "In 2017 Los Angeles joined other cities in replacing this holiday with Indigenous Peoples Day",
                        "solution": "What is Columbus Day"
                    },
                    {
                        "value": 600,
                        "clue": "Pearl Harbor Day is observed on this date, one \"which will live in infamy'",
                        "solution": "What is December 7th"
                    },
                    {
                        "value": 800,
                        "clue": "An aerobatic team performs during a parade celebrating this July holiday in Europe",
                        "solution": "What is Bastille Day"
                    },
                    {
                        "value": 1000,
                        "clue": "Her May 24 birthday first became a holiday in Canada in 1845 & it's still celebrated today",
                        "solution": "What is Queen Victoria"
                    }
                ]
            },
            {
                "category": "ON THEIR LIVE AID SETLIST",
                "clues": [
                    {
                        "value": 400,
                        "clue": "\"A View To A Kill\"",
                        "solution": "What is Duran Duran"
                    },
                    {
                        "value": 600,
                        "clue": "\"Sultans Of Swing\"",
                        "solution": "What is Dire Straits"
                    },
                    {
                        "value": 800,
                        "clue": "\"Summer Of '69\"",
                        "solution": "What is Bryan Adams"
                    },
                    {
                        "value": 1000,
                        "clue": "\"I Don't Like Mondays\"",
                        "solution": "What is The Boomtown Rats"
                    }
                ]
            },
            {
                "category": "THE 1930s",
                "clues": [
                    {
                        "value": 200,
                        "clue": "Edwin Armstrong developed this type of radio broadcasting featuring less noise & static",
                        "solution": "What is FM"
                    },
                    {
                        "value": 400,
                        "clue": "After leading the Nationalist forces to victory in the Spanish Civil War, he became the country's dictator",
                        "solution": "What is Franco"
                    },
                    {
                        "value": 600,
                        "clue": "The first of these institutions, at Cook County Hospital, facilitated 1,354 transfusions in its first year",
                        "solution": "What is a blood bank"
                    },
                    {
                        "value": 800,
                        "clue": "The German government founded this company in 1937 to produce a low-priced \"people's car\"",
                        "solution": "What is Volkswagen"
                    },
                    {
                        "value": 1000,
                        "clue": "Orson Welles & John Houseman formed this theatre in 1937",
                        "solution": "What is Mercury Theatre"
                    }
                ]
            },
            {
                "category": "WHAT'S FOR BREAKFAST?",
                "clues": [
                    {
                        "value": 200,
                        "clue": "Seriously, let go of this waffle from Kellogg's that comes in Nutri-Grain & blueberry styles",
                        "solution": "What is Eggo"
                    },
                    {
                        "value": 400,
                        "clue": "It was created as a health food in the 19th c. & returned to tables as Heartland Natural Cereal in 1972",
                        "solution": "What is granola"
                    },
                    {
                        "value": 600,
                        "clue": "This fad is where it's at, successful enough to become part of an internet meme",
                        "solution": "What is avocado toast"
                    },
                    {
                        "value": 800,
                        "clue": "The Mexican breakfast dish chilaquiles is called a \"broken up sombrero\" due to shards of these on the plate",
                        "solution": "What is tortilla chips"
                    },
                    {
                        "value": 1000,
                        "clue": "Home fries are also called by the name of this specific type of house",
                        "solution": "What is cottage fries"
                    }
                ]
            },
            {
                "category": "SYNONYM ROLL",
                "clues": [
                    {
                        "value": 200,
                        "clue": "This gymnastics roll sounds like it contains a season",
                        "solution": "What is a somersault"
                    },
                    {
                        "value": 400,
                        "clue": "Certain disciples of Sufism are called this kind of dervish",
                        "solution": "What is a whirling dervish"
                    },
                    {
                        "value": 1000,
                        "clue": "Term for a subatomic particle's angular momentum",
                        "solution": "What is spin"
                    }
                ]
            }
        ],
        "double": [
            {
                "category": "AMERICAN BOOKS & AUTHORS",
                "clues": [
                    {
                        "value": 800,
                        "clue": "She co-wrote the screenplay for the first \"Hunger Games\" movie",
                        "solution": "What is Suzanne Collins"
                    },
                    {
                        "value": 1200,
                        "clue": "Before he ventured to Venus & Mars, he published a book called \"What You Feel You Can Heal\"",
                        "solution": "What is John Gray"
                    },
                    {
                        "value": 1600,
                        "clue": "He used the pen name William Lee when \"Junkie\" was published in 1953",
                        "solution": "What is William S. Burroughs"
                    },
                    {
                        "value": 2000,
                        "clue": "The title character of this Edith Wharton novel is in love with Mattie Silver, his wife's cousin",
                        "solution": "What is Ethan Frome"
                    }
                ]
            },
            {
                "category": "CHARITABLE ORGANIZATIONS",
                "clues": [
                    {
                        "value": 400,
                        "clue": "More than $1 billion has been put to use by kiva.com in the form of these with 97% repayment",
                        "solution": "What is microloans"
                    },
                    {
                        "value": 800,
                        "clue": "The motto of the association fighting this disease is \"The Brains Behind Saving Yours\"",
                        "solution": "What is Alzheimer's"
                    },
                    {
                        "value": 1200,
                        "clue": "While their children undergo medical treatment, families stay free in these houses named for a fast-food icon",
                        "solution": "What is Ronald McDonald Houses"
                    },
                    {
                        "value": 1600,
                        "clue": "FFA seeks to help children learn about all sorts of professions, not just this middle \"F\" in its name",
                        "solution": "What is farming (or farmers)"
                    },
                    {
                        "value": 2000,
                        "clue": "5,000 independent groups nationwide help seniors with home nourishment under this rhyming name",
                        "solution": "What is Meals on Wheels"
                    }
                ]
            },
            {
                "category": "COUNTRY NAME ORIGINS",
                "clues": [
                    {
                        "value": 400,
                        "clue": "This Caribbean nation takes its name from a word meaning \"bearded ones\"",
                        "solution": "What is Barbados"
                    },
                    {
                        "value": 800,
                        "clue": "Al-Jazeera means \"the peninsula\"; Algeria gets its name from this type of landmass, a cut-off peninsula",
                        "solution": "What is an island"
                    },
                    {
                        "value": 1200,
                        "clue": "Dark woods on the peaks give Montenegro its name, meaning this",
                        "solution": "What is black mountain"
                    },
                    {
                        "value": 1600,
                        "clue": "Referring to its location 500 miles south of Samoa, this monarchy's name means \"south\"",
                        "solution": "What is Tonga"
                    },
                    {
                        "value": 2000,
                        "clue": "The first Spanish explorers in the region noticed silver ornaments worn by natives & this country's name was born",
                        "solution": "What is Argentina"
                    }
                ]
            },
            {
                "category": "\"I\" CATCHING",
                "clues": [
                    {
                        "value": 800,
                        "clue": "An engine that's running but not moving the car is doing this",
                        "solution": "What is idling"
                    },
                    {
                        "value": 1200,
                        "clue": "An investigation by a coroner to answer the question \"How did he die?\"",
                        "solution": "What is an inquest"
                    },
                    {
                        "value": 1600,
                        "clue": "This tropical water feeder comes in crested & sacred varieties",
                        "solution": "What is an ibis"
                    },
                    {
                        "value": 2000,
                        "clue": "A Latin word meaning \"let it be printed\", it can refer to any official approval",
                        "solution": "What is imprimatur"
                    }
                ]
            },
            {
                "category": "THE CLINTON CABINET",
                "clues": [
                    {
                        "value": 400,
                        "clue": "Justice wasn't always a dance party with her as Attorney General",
                        "solution": "What is Janet Reno"
                    },
                    {
                        "value": 800,
                        "clue": "The first Arab American to hold a Cabinet post, Donna Shalala headed this department abbreviated HHS",
                        "solution": "What is Health and Human Services"
                    },
                    {
                        "value": 1200,
                        "clue": "Lawyer Warren Christopher headed up this important department",
                        "solution": "What is Secretary of State"
                    },
                    {
                        "value": 1600,
                        "clue": "During Clinton's second term, former U.S. Army lieutenant Togo West headed this Cabinet department",
                        "solution": "What is Veterans Affairs"
                    },
                    {
                        "value": 2000,
                        "clue": "Secretary of Energy for Clinton, he later ran for president & served as New Mexico's governor as well",
                        "solution": "What is Bill Richardson"
                    }
                ]
            },
            {
                "category": "MEDICATIONS",
                "clues": [
                    {
                        "value": 800,
                        "clue": "(Dr. Oz presents the clue.) Medicines in olden days didn't have government oversight; today you couldn't buy Mrs. Winslow's Soothing Syrup... which quieted babies because it was mostly alcohol & this opium derivative used as a painkiller since the early 1800s",
                        "solution": "What is morphine"
                    },
                    {
                        "value": 1200,
                        "clue": "Because it blocks the effects of a naturally occurring chemical, Benadryl is termed this type of medicine",
                        "solution": "What is an antihistamine"
                    },
                    {
                        "value": 1600,
                        "clue": "Advair Diskus is a top-selling drug for this disease known by 4 initials",
                        "solution": "What is COPD"
                    },
                    {
                        "value": 2000,
                        "clue": "Instead of \"calm down\", some people say \"take\" this chill pill aka diazepam",
                        "solution": "What is Valium"
                    }
                ]
            }
        ],
        "final": {
            "category": "MEDIEVAL ASIA",
            "clue": "Though it means \"one who serves\", in medieval Japan it was a property holder who received rent from serfs",
            "solution": "What is samurai"
        }
    }
}