{
    "game": {
        "single": [
            {
                "category": "OPPOSITES",
                "clues": [
                    {
                        "value": 200,
                        "clue": "They're the opposite types of theater represented here",
                        "solution": "What is comedy & tragedy"
                    },
                    {
                        "value": 400,
                        "clue": "The opposite of a spendthrift, this 5-letter noun is commonly associated with Scrooge",
                        "solution": "What is miser"
                    },
                    {
                        "value": 600,
                        "clue": "When ordering blinds for your home you often have a choice between these 2 opposites",
                        "solution": "What is horizontal & vertical"
                    },
                    {
                        "value": 800,
                        "clue": "From the Latin for \"shaded\" & meaning impenetrable by light, this 6-letter word is an antonym of transparent",
                        "solution": "What is opaque"
                    },
                    {
                        "value": 1000,
                        "clue": "As the moon grows brighter until it's full & then gets dimmer, it's said to be doing these 2 opposites",
                        "solution": "What is waxing & waning"
                    }
                ]
            },
            {
                "category": "SONGS ON TV",
                "clues": [
                    {
                        "value": 200,
                        "clue": "In this animated TV theme, \"Let's ride with the family down the street, through the courtesy of Fred's 2 feet\"",
                        "solution": "What is \"The Flintstones\""
                    },
                    {
                        "value": 400,
                        "clue": "\"Don't Stop Believin'\" by this band is playin' at the end of the last episode of \"The Sopranos\", until suddenly, it isn't",
                        "solution": "What is Journey"
                    },
                    {
                        "value": 600,
                        "clue": "One of the many memorable songs on this show was the Idina Menzel-Lea Michele duet on \"Poker Face\"",
                        "solution": "What is Glee"
                    },
                    {
                        "value": 800,
                        "clue": "As its theme song \"The Wonder Years\" used the powerful cover of \"With A Little Help From My Friends\" by this English singer",
                        "solution": "What is Joe Cocker"
                    },
                    {
                        "value": 1000,
                        "clue": "\"True Blood\" said \"Let's boot and rally\" & have Bethany Cosentino team with this Stooges singer",
                        "solution": "What is Iggy Pop"
                    }
                ]
            },
            {
                "category": "UNUSUAL ATTRACTIONS",
                "clues": [
                    {
                        "value": 200,
                        "clue": "Depopulated in the early 20th century, Goldfield, Arizona is a tourist attraction as one of these",
                        "solution": "What is a ghost town"
                    },
                    {
                        "value": 400,
                        "clue": "Since 1947 an underwater ballet has made Weeki Wachee, Florida the city of these lovely finned & tailed creatures",
                        "solution": "What is mermaids"
                    },
                    {
                        "value": 600,
                        "clue": "Encinitas, Calif. has a tennis museum dedicated to this champ who lost a challenge match to Billie Jean King in 1973",
                        "solution": "What is Bobby Riggs"
                    },
                    {
                        "value": 800,
                        "clue": "Hawaii's version of Old Faithful, the \"Halona\" this cetacean feature is the result of a narrow lava tube exiting straight up",
                        "solution": "What is a blowhole"
                    },
                    {
                        "value": 1000,
                        "clue": "Not a druid in sight at the Alliance, Nebraska attraction known as this",
                        "solution": "What is Carhenge"
                    }
                ]
            },
            {
                "category": "DECEMBER HOLIDAYS",
                "clues": [
                    {
                        "value": 200,
                        "clue": "At the winter solstice, Wiccans celebrate just this, with no \"tide\" after it",
                        "solution": "What is Yule"
                    },
                    {
                        "value": 400,
                        "clue": "Hanukkah story hero Judah was known by this name that's an acronym of the Hebrew for \"Who is like you, O God?\"",
                        "solution": "What is Maccabee (or Makabi)"
                    },
                    {
                        "value": 600,
                        "clue": "It was the decade when Maulana Karenga (born Ron Everett) created Kwanzaa",
                        "solution": "What is the 1960s"
                    },
                    {
                        "value": 800,
                        "clue": "In December many celebrate Buddha's enlightenment under this \"tree\" with a holiday called this \"day\"",
                        "solution": "What is the Bodhi tree"
                    },
                    {
                        "value": 1000,
                        "clue": "In Massachusetts, especially Plymouth, Dec. 22 is Forefathers' Day, celebrated by consuming this corn-&-beans dish",
                        "solution": "What is succotash"
                    }
                ]
            },
            {
                "category": "GASOLINE",
                "clues": [
                    {
                        "value": 200,
                        "clue": "Exxon trumpets its Synergy formula as a way to lower emissions & raise this ratio to save drivers money",
                        "solution": "What is miles per gallon"
                    },
                    {
                        "value": 400,
                        "clue": "This type of facility takes a 42-gallon barrel of crude oil & turns it into 19 gallons of gas",
                        "solution": "What is a refinery"
                    },
                    {
                        "value": 600,
                        "clue": "All kidding aside, be careful around gasoline & don't playfully splash friends with it like the witless male models in this film",
                        "solution": "What is Zoolander"
                    },
                    {
                        "value": 800,
                        "clue": "High-octane gas results in less premature ignition, reducing the rattling noise most commonly called this",
                        "solution": "What is knocking"
                    },
                    {
                        "value": 1000,
                        "clue": "This Lone Star brand is now owned by Chevron",
                        "solution": "What is Texaco"
                    }
                ]
            },
            {
                "category": "FILL \"E_R\" UP",
                "clues": [
                    {
                        "value": 200,
                        "clue": "A baseball mistake",
                        "solution": "What is an error"
                    },
                    {
                        "value": 400,
                        "clue": "Excitedly impatient",
                        "solution": "What is eager"
                    },
                    {
                        "value": 600,
                        "clue": "A glowing fire piece",
                        "solution": "What is an ember"
                    },
                    {
                        "value": 1000,
                        "clue": "To imbue with authority",
                        "solution": "What is empower"
                    }
                ]
            }
        ],
        "double": [
            {
                "category": "COUNTRIES' CURRENCIES",
                "clues": [
                    {
                        "value": 400,
                        "clue": "Let's be honest—Switzerland & Liechtenstein are the only 2 countries in Europe that still use this monetary unit",
                        "solution": "What is the franc"
                    },
                    {
                        "value": 800,
                        "clue": "40 years after his death, he still appears on some of China's paper money",
                        "solution": "What is Mao (Zedong)"
                    },
                    {
                        "value": 1200,
                        "clue": "Before adopting the euro, Italy & Vatican City used this monetary unit",
                        "solution": "What is the lira"
                    },
                    {
                        "value": 1600,
                        "clue": "Tuvalu, a small island country in the South Pacific, uses the dollar of this country 2,000 miles away",
                        "solution": "What is Australia"
                    },
                    {
                        "value": 2000,
                        "clue": "Algeria, Bahrain & Iraq all use a currency called this",
                        "solution": "What is dinar"
                    }
                ]
            },
            {
                "category": "TRUST THE SCIENCE",
                "clues": [
                    {
                        "value": 400,
                        "clue": "Ison, one of these space travelers, was called a \"sungrazer\", passing within 684,000 miles of the surface",
                        "solution": "What is a comet"
                    },
                    {
                        "value": 800,
                        "clue": "After you swallow food, it passes through this relatively straight muscular tube down to your stomach",
                        "solution": "What is the esophagus"
                    },
                    {
                        "value": 1200,
                        "clue": "The amosite type of this fibrous material can resist temperatures up to 1,000 degrees",
                        "solution": "What is asbestos"
                    },
                    {
                        "value": 1600,
                        "clue": "(Jimmy of the Clue Crew shows an animation on the monitor.) Fluids vary in the degree of friction between their molecules, leading them to also vary in their degree of resistance to flow—this 9-letter word",
                        "solution": "What is viscosity"
                    },
                    {
                        "value": 2000,
                        "clue": "Make this kind of \"grab\" & tell us it's the P in P=fv, f symbolizing force & v, speed",
                        "solution": "What is power"
                    }
                ]
            },
            {
                "category": "WESTERN MOVIES",
                "clues": [
                    {
                        "value": 400,
                        "clue": "For this 2010 film, Jeff Bridges wore a patch over his right eye; in the original, John Wayne wore it over the left",
                        "solution": "What is True Grit"
                    },
                    {
                        "value": 800,
                        "clue": "The Buffalo herd in this 1990 Kevin Costner film numbered 3,500 & it took 8 days to film the hunt & stampede",
                        "solution": "What is Dances with Wolves"
                    },
                    {
                        "value": 1200,
                        "clue": "This hard-drinking friend of Wild Bill Hickok has been played on film by Jean Arthur, Yvonne de Carlo & Doris Day",
                        "solution": "What is Calamity Jane"
                    },
                    {
                        "value": 1600,
                        "clue": "It's the classic film in which Alan Ladd rides off as Brandon de Wilde yells for him to \"come back\"",
                        "solution": "What is Shane"
                    },
                    {
                        "value": 2000,
                        "clue": "Audie Murphy played Tom Destry in 1954's \"Destry\"; oddly, this film with Jimmy Stewart in the role came 15 years earlier",
                        "solution": "What is Destry Rides Again"
                    }
                ]
            },
            {
                "category": "THE ABOLITIONIST MOVEMENT",
                "clues": [
                    {
                        "value": 400,
                        "clue": "Willing to use violence for the abolitionist cause, he went to the gallows on December 2, 1859",
                        "solution": "What is John Brown"
                    },
                    {
                        "value": 800,
                        "clue": "Still around today, it was formed in 1854 with members of the \"conscience\" Whigs as a key element",
                        "solution": "What is the Republican Party"
                    },
                    {
                        "value": 1200,
                        "clue": "Leading abolitionist sisters Sarah & Angelina Grimke were members of this \"friendly\" Christian sect",
                        "solution": "What is the Quakers"
                    },
                    {
                        "value": 1600,
                        "clue": "This noted speaker & abolitionist who escaped from slavery in 1826 was born Isabella Baumfree but changed her name",
                        "solution": "What is Sojourner Truth"
                    },
                    {
                        "value": 2000,
                        "clue": "This 3-named abolitionist crusader published a Boston newspaper called The Liberator",
                        "solution": "What is William Lloyd Garrison"
                    }
                ]
            },
            {
                "category": "NUMERIC WORDS & PHRASES",
                "clues": [
                    {
                        "value": 400,
                        "clue": "Hyphenated term for a contest that's really no contest",
                        "solution": "What is one-sided"
                    },
                    {
                        "value": 800,
                        "clue": "Alliterative term for a married person having an affair",
                        "solution": "What is a two-timer"
                    },
                    {
                        "value": 1200,
                        "clue": "The Lakers won championships in 1987 & '88, so before the next season, Pat Riley trademarked this",
                        "solution": "What is a three-peat"
                    },
                    {
                        "value": 1600,
                        "clue": "A rare, lucky specimen of genus Trifolium",
                        "solution": "What is a four-leaf clover"
                    },
                    {
                        "value": 2000,
                        "clue": "A certain quintet gives us this slang phrase for shoplifting",
                        "solution": "What is a five-finger discount"
                    }
                ]
            },
            {
                "category": "WOMEN WHO WRITE",
                "clues": [
                    {
                        "value": 400,
                        "clue": "This close relative of a Chilean president sent us to the Moon & back with \"Eva Luna\" in 1989",
                        "solution": "What is Isabel Allende"
                    },
                    {
                        "value": 800,
                        "clue": "This novelist wrote the libretto for \"Margaret Garner\", an opera based on the same story that inspired \"Beloved\"",
                        "solution": "What is Toni Morrison"
                    },
                    {
                        "value": 1200,
                        "clue": "In 1964 this woman big into laissez-faire capitalism offered \"The Virtue of Selfishness\"",
                        "solution": "What is Ayn Rand"
                    },
                    {
                        "value": 1600,
                        "clue": "This title glass object in a Sylvia Plath novel symbolizes madness to its protagonist, Esther Greenwood",
                        "solution": "What is the bell jar"
                    },
                    {
                        "value": 2000,
                        "clue": "This woman who's part Chippewa has written \"Love Medicine\", \"The Plague of Doves\" & \"The Round House\"",
                        "solution": "What is Louise Erdrich"
                    }
                ]
            }
        ],
        "final": {
            "category": "WESTERN HEMISPHERE GEOGRAPHY",
            "clue": "The 2 Central American nations that border only one ocean",
            "solution": "What is Belize & El Salvador"
        }
    }
}