{
    "game": {
        "single": [
            {
                "category": "NATIONAL NICKNAMES",
                "clues": [
                    {
                        "value": 100,
                        "clue": "The Land Down Under",
                        "solution": "What is Australia"
                    },
                    {
                        "value": 200,
                        "clue": "The Land of the Rising Sun",
                        "solution": "What is Japan"
                    },
                    {
                        "value": 300,
                        "clue": "The Land of Milk & Honey",
                        "solution": "What is Palestine"
                    },
                    {
                        "value": 400,
                        "clue": "The Roof of the World",
                        "solution": "What is Tibet"
                    },
                    {
                        "value": 500,
                        "clue": "The Birthplace of Democracy",
                        "solution": "What is Greece"
                    }
                ]
            },
            {
                "category": "TV CRIMEFIGHTERS",
                "clues": [
                    {
                        "value": 100,
                        "clue": "In 1987, the producers of this series picked singer Sheena Easton to be Sonny's new bride",
                        "solution": "What is Miami Vice"
                    },
                    {
                        "value": 200,
                        "clue": "If you want to hire Spenser, you have to go to this city",
                        "solution": "What is Boston"
                    },
                    {
                        "value": 300,
                        "clue": "Sable, the title character of a 1987 ABC series, first appeared in this medium",
                        "solution": "What is comic books"
                    },
                    {
                        "value": 400,
                        "clue": "On September 20, 1987, she picked up her 2nd Emmy in a row for her role as a TV crimefighter",
                        "solution": "What is Sharon Gless"
                    },
                    {
                        "value": 500,
                        "clue": "\"Beverly Hills Buntz\" is a spinoff from this late police show",
                        "solution": "What is Hill Street Blues"
                    }
                ]
            },
            {
                "category": "SEALS",
                "clues": [
                    {
                        "value": 100,
                        "clue": "Fish, shrimp, squid, sharks, octopuses, penguins & even other seals",
                        "solution": "What is food for seals"
                    },
                    {
                        "value": 200,
                        "clue": "Female seals are properly referred to by this bovine term",
                        "solution": "What is cows"
                    },
                    {
                        "value": 300,
                        "clue": "Seals close these slitlike features when they dive or swim under water",
                        "solution": "What is nostrils"
                    },
                    {
                        "value": 400,
                        "clue": "The males of these seals threaten each other by bellowing & inflating their 18-inch trunks",
                        "solution": "What is elephant seals"
                    },
                    {
                        "value": 500,
                        "clue": "The seal's greatest enemy",
                        "solution": "What is man"
                    }
                ]
            },
            {
                "category": "PARTS OF SPEECH",
                "clues": [
                    {
                        "value": 100,
                        "clue": "This predicate feature has been called \"The most important of all the parts of speech\"",
                        "solution": "What is verb"
                    },
                    {
                        "value": 200,
                        "clue": "The adverb we purposely used as an example in this clue",
                        "solution": "What is purposely"
                    },
                    {
                        "value": 300,
                        "clue": "In French, these parts of speech include vous, il & je",
                        "solution": "What is pronouns"
                    },
                    {
                        "value": 400,
                        "clue": "Name for an exclamation, such as \"yipes!\"",
                        "solution": "What is interjection"
                    },
                    {
                        "value": 500,
                        "clue": "\"And\" & \"but\" & \"because\" & \"as if\"",
                        "solution": "What is conjunctions"
                    }
                ]
            },
            {
                "category": "DENTISTRY",
                "clues": [
                    {
                        "value": 100,
                        "clue": "It's the science of correcting or straightening teeth",
                        "solution": "What is orthodontia (orthodontics)"
                    },
                    {
                        "value": 200,
                        "clue": "Periodontal disease attacks this part of the mouth",
                        "solution": "What is gums"
                    },
                    {
                        "value": 300,
                        "clue": "Its speed is about 300,000-400,000 revolutions per minute",
                        "solution": "What is the drill"
                    },
                    {
                        "value": 400,
                        "clue": "The hardest substance in the human body, it's the outside of your teeth",
                        "solution": "What is enamel"
                    },
                    {
                        "value": 500,
                        "clue": "Term for a permanent false tooth a dentist puts in to close a gap",
                        "solution": "What is bridge"
                    }
                ]
            },
            {
                "category": "ROCK",
                "clues": [
                    {
                        "value": 100,
                        "clue": "This group which includes brothers Eddie & Alex once parachuted into a stadium to start a show",
                        "solution": "What is Van Halen"
                    },
                    {
                        "value": 200,
                        "clue": "At his audition for this group, Simon Le Bon reportedly wore pink leopard-skin pants",
                        "solution": "What is Duran Duran"
                    },
                    {
                        "value": 300,
                        "clue": "Group who'd \"...Tumble 4 Ya\"",
                        "solution": "What is Culture Club"
                    },
                    {
                        "value": 400,
                        "clue": "Timothy Hutton directed the video of this group's hit \"Drive\"",
                        "solution": "What is The Cars"
                    },
                    {
                        "value": 500,
                        "clue": "Prince was born on June 7, 1958 in this midwest metropolis",
                        "solution": "What is Minneapolis"
                    }
                ]
            }
        ],
        "double": [
            {
                "category": "U.S. HISTORY",
                "clues": [
                    {
                        "value": 200,
                        "clue": "Congress originally granted them only $2500 to explore the Louisiana Territory",
                        "solution": "What is Lewis and Clark"
                    },
                    {
                        "value": 400,
                        "clue": "This crime increased in the U.S. during wildcat period of 1800s when banks were able to design their own notes",
                        "solution": "What is counterfeiting"
                    },
                    {
                        "value": 600,
                        "clue": "The need to conserve materials & manpower for this war helped pass (the) prohibition into law",
                        "solution": "What is World War I"
                    },
                    {
                        "value": 800,
                        "clue": "A founder of Virginia, he visited the Massachusetts Region before the Pilgrims",
                        "solution": "What is John Smith"
                    },
                    {
                        "value": 1000,
                        "clue": "After purchasing Manhattan for the Dutch, this man helped the Swedes buy land in what is now Delaware",
                        "solution": "What is Peter Minuit"
                    }
                ]
            },
            {
                "category": "THE PULITZER PRIZE",
                "clues": [
                    {
                        "value": 200,
                        "clue": "Joseph P. Lash won for his biography of this historical couple, based on Eleanor's private papers",
                        "solution": "What is The Roosevelts (Eleanor & Franklin)"
                    },
                    {
                        "value": 400,
                        "clue": "He won a special citation in 1977 for \"Roots\"",
                        "solution": "What is Alex Haley"
                    },
                    {
                        "value": 600,
                        "clue": "TV astronomer who, in 1978, won a Pulitzer for \"The Dragons of Eden\"",
                        "solution": "What is Carl Sagan"
                    },
                    {
                        "value": 800,
                        "clue": "Thornton Wilder's prize-winning play about life & death in a small \"corner\" of New Hampshire",
                        "solution": "What is Our Town"
                    },
                    {
                        "value": 1000,
                        "clue": "Theodore Roethke, Wallace Stevens & W.H. Auden all won the prize for this type of literature",
                        "solution": "What is poetry"
                    }
                ]
            },
            {
                "category": "OPERA",
                "clues": [
                    {
                        "value": 200,
                        "clue": "At the start of this Puccini opera the Japanese heroine is 15, but 2 acts & 3 years later, she kills herself",
                        "solution": "What is Madame Butterfly"
                    },
                    {
                        "value": 400,
                        "clue": "Composed at 12, his 1st opera was \"La finta semplice\", not \"The Marriage of Figaro\"",
                        "solution": "What is Mozart"
                    },
                    {
                        "value": 600,
                        "clue": "In this Benjamin Britten opera inspired by Shakespeare, Oberon is sung by a countertenor or a contralto",
                        "solution": "What is A Midsummer Night's Dream"
                    },
                    {
                        "value": 1000,
                        "clue": "In 1832, at age 18, this great Italian composer was turned down by (the) Milan Conservatorium for lack of ability",
                        "solution": "What is Verdi"
                    }
                ]
            },
            {
                "category": "DOUBLE LETTERS",
                "clues": [
                    {
                        "value": 200,
                        "clue": "Irritation of mucous membranes can result in this explosive involuntary expulsion of air",
                        "solution": "What is sneeze"
                    },
                    {
                        "value": 400,
                        "clue": "1/26th of the alphabet",
                        "solution": "What is letter"
                    },
                    {
                        "value": 600,
                        "clue": "This lunar term, title of a James Bond movie, actually means a silly or stupid person",
                        "solution": "What is Moonraker"
                    },
                    {
                        "value": 800,
                        "clue": "The high-pitched electronic tone often used to delete some word on radio or TV",
                        "solution": "What is bleep"
                    },
                    {
                        "value": 1000,
                        "clue": "Name for mud found on bottom of the ocean in deep waters, or what any mud does between your toes",
                        "solution": "What is ooze"
                    }
                ]
            },
            {
                "category": "WITCHCRAFT",
                "clues": [
                    {
                        "value": 200,
                        "clue": "The European Witch Cult looks up to, or rather looks down to, this evil guy",
                        "solution": "What is the devil"
                    },
                    {
                        "value": 400,
                        "clue": "A look or stare from a witch that is believed to cause harm or bad luck",
                        "solution": "What is evil eye"
                    },
                    {
                        "value": 600,
                        "clue": "The 4 major witches' sabbaths are Candlemas, May Day Eve, Lammas, & this",
                        "solution": "What is Halloween"
                    },
                    {
                        "value": 800,
                        "clue": "In Homer's \"Odyssey\", the witch Circe was famous for her power to do this",
                        "solution": "What is turn people into pigs"
                    },
                    {
                        "value": 1000,
                        "clue": "Standing inside this 5-pointed star can protect you from witchcraft",
                        "solution": "What is pentacle"
                    }
                ]
            },
            {
                "category": "ROCKS",
                "clues": [
                    {
                        "value": 200,
                        "clue": "Often found as nodules in chalk deposits, when struck by steel it produces a spark",
                        "solution": "What is flint"
                    },
                    {
                        "value": 400,
                        "clue": "Siltstone, sandstone & shale are all rocks of this type",
                        "solution": "What is sedimentary"
                    },
                    {
                        "value": 600,
                        "clue": "A type of glass is formed when magma does this very rapidly",
                        "solution": "What is cools"
                    },
                    {
                        "value": 800,
                        "clue": "Geologists define one as a large rounded piece of rock more than 256 mm in diameter",
                        "solution": "What is boulder"
                    },
                    {
                        "value": 1000,
                        "clue": "Granite & gneiss are composed mainly of feldspar & this common mineral",
                        "solution": "What is quartz"
                    }
                ]
            }
        ],
        "final": {
            "category": "QUOTES",
            "clue": "President Nixon's words \"This has been the greatest week... since the creation\" referred to this event",
            "solution": "What is The Apollo 11 Moon landing in 1969"
        }
    }
}