{
    "game": {
        "single": [
            {
                "category": "HEALTH & MEDICINE",
                "clues": [
                    {
                        "value": 200,
                        "clue": "Unfortunately, the winter of 2022-23 brought many parents of little ones new awareness of RSV, respiratory syncytial this",
                        "solution": "What is virus"
                    },
                    {
                        "value": 400,
                        "clue": "The 1953 medical journal article that named this syndrome says patients have generally accepted a week of discomfort each month",
                        "solution": "What is premenstrual syndrome"
                    },
                    {
                        "value": 600,
                        "clue": "Von Willebrand disease interrupts this process, so victims suffer from abnormal bleeding",
                        "solution": "What is clotting"
                    },
                    {
                        "value": 800,
                        "clue": "Orange juice is an antiscorbutic, meaning it prevents this disease",
                        "solution": "What is scurvy"
                    },
                    {
                        "value": 1000,
                        "clue": "This water-borne epidemic disease killed Peter Tchaikovsky's mother & probably Peter himself",
                        "solution": "What is cholera"
                    }
                ]
            },
            {
                "category": "THAT, OR A GOLF THING",
                "clues": [
                    {
                        "value": 200,
                        "clue": "A below-ground fortification, or the beach a golfer never wants to visit",
                        "solution": "What is a bunker"
                    },
                    {
                        "value": 400,
                        "clue": "What some cute little faces have, or what a golf ball has hundreds of",
                        "solution": "What is dimples"
                    },
                    {
                        "value": 600,
                        "clue": "Actress Carey & jazz' Gerry, or an uncounted golf shot",
                        "solution": "What is a Mulligan"
                    },
                    {
                        "value": 1000,
                        "clue": "Protective cloth worn in the kitchen, or the well-trimmed grass around the green",
                        "solution": "What is an apron"
                    }
                ]
            },
            {
                "category": "VERMONT",
                "clues": [
                    {
                        "value": 200,
                        "clue": "Population about 7,800, it's the USA's least populous state capital",
                        "solution": "What is Montpelier"
                    },
                    {
                        "value": 400,
                        "clue": "Smugglers' Notch & Sugarbush are 2 Vermont resorts designed for this activity",
                        "solution": "What is skiing"
                    },
                    {
                        "value": 800,
                        "clue": "This stately river separates Vermont from New Hampshire",
                        "solution": "What is the Connecticut River"
                    },
                    {
                        "value": 1000,
                        "clue": "\"I had a lover's quarrel with the world\" is on the burial marker of this poet in a Bennington Cemetery",
                        "solution": "What is Frost"
                    }
                ]
            },
            {
                "category": "SONGS FROM '60s MUSICALS",
                "clues": [
                    {
                        "value": 200,
                        "clue": "\"Dulcinea\" & \"The Impossible Dream\"",
                        "solution": "What is Man of La Mancha"
                    },
                    {
                        "value": 400,
                        "clue": "With an 8-word title, \"Company Way\" & \"A Secretary Is Not A Toy\"",
                        "solution": "What is How to Succeed in Business Without Really Trying"
                    },
                    {
                        "value": 600,
                        "clue": "With a 10-word title, \"Comedy Tonight\" & \"The House Of Marcus Lycus\"",
                        "solution": "What is A Funny Thing Happened on the Way to the Forum"
                    },
                    {
                        "value": 800,
                        "clue": "\"Snoopy\", \"Dr. Lucy\", \"The Red Baron\"",
                        "solution": "What is You're a Good Man, Charlie Brown"
                    },
                    {
                        "value": 1000,
                        "clue": "\"The Lees Of Old Virginia\" & \"But, Mr. Adams\"",
                        "solution": "What is 1776"
                    }
                ]
            },
            {
                "category": "HEY, BIG SPENDER",
                "clues": [
                    {
                        "value": 200,
                        "clue": "If you've really got all that dough, why don't you buy Action Comics #1 from 1938, which saw the debut of this otherworldly hero",
                        "solution": "What is Superman"
                    },
                    {
                        "value": 400,
                        "clue": "You've likely moved on from this company's Platinum card & onto its much-esteemed Centurion",
                        "solution": "What is American Express"
                    },
                    {
                        "value": 600,
                        "clue": "No wonder it's the most expensive—it takes about 70,000 crocuses to produce just one pound of this spice",
                        "solution": "What is saffron"
                    },
                    {
                        "value": 800,
                        "clue": "If you're going to splurge for the Ferrari, get a GTO; the G & T stand for this Italian phrase, also a video game",
                        "solution": "What is Gran Turismo"
                    },
                    {
                        "value": 1000,
                        "clue": "Parking is tough in this rhyming region of China; a parking space in a luxury building there sold for $1.3 million",
                        "solution": "What is Hong Kong"
                    }
                ]
            },
            {
                "category": "SWEET CHARITY",
                "clues": [
                    {
                        "value": 200,
                        "clue": "The board of the foundation bearing the name of this organization once included Kofi Annan, the organization's secretary-general",
                        "solution": "What is the United Nations"
                    },
                    {
                        "value": 400,
                        "clue": "You can raise money for charity in October by \"going\" this, which rhymes with October",
                        "solution": "What is sober"
                    },
                    {
                        "value": 600,
                        "clue": "From 1966 to 2010 around $2 billion was raised on this comedian's MDA Labor Day telethon",
                        "solution": "What is (Jerry) Lewis"
                    },
                    {
                        "value": 800,
                        "clue": "John Cena has helped fulfill the requests of more than 600 kids through this Phoenix-based foundation",
                        "solution": "What is Make-A-Wish"
                    },
                    {
                        "value": 1000,
                        "clue": "Called a trailblazer \"for human rights\" & for this \"equality\", Ruth Bader Ginsburg received the Berggruen Prize, which she donated",
                        "solution": "What is gender equality"
                    }
                ]
            }
        ],
        "double": [
            {
                "category": "OH, THE LITERARY PLACES YOU DON'T WANT TO GO!",
                "clues": [
                    {
                        "value": 400,
                        "clue": "Isla Nublar off Costa Rica sets the scene of this 1990 Michael Crichton novel that bioengineers some terror",
                        "solution": "What is Jurassic Park"
                    },
                    {
                        "value": 800,
                        "clue": "As in \"The Trial\", this author uses a protagonist named K. in \"The Castle\"; a dark city with odd locals keeps K, busy",
                        "solution": "What is Kafka"
                    },
                    {
                        "value": 1200,
                        "clue": "The Sprawl is a rough city with an artificial gray sky in \"Mona Lisa Overdrive\", a novel from this cyberpunk master",
                        "solution": "What is Gibson"
                    },
                    {
                        "value": 1600,
                        "clue": "In a Dennis Lehane novel, this title place is home to Ashecliffe Hospital for the Criminally Insane & you may be stuck there",
                        "solution": "What is Shutter Island"
                    },
                    {
                        "value": 2000,
                        "clue": "The idyllic school Hailsham harbors grotesque deeds in \"Never Let Me Go\" from this Japanese-born author",
                        "solution": "What is Kazuo Ishiguro"
                    }
                ]
            },
            {
                "category": "POLITICS TALK",
                "clues": [
                    {
                        "value": 400,
                        "clue": "It's the group from one state at a convention; at the 2020 DNC, California's was 494 strong",
                        "solution": "What is a delegation"
                    },
                    {
                        "value": 800,
                        "clue": "Type of post-election election that involved the two men here in December 2022",
                        "solution": "What is a runoff"
                    },
                    {
                        "value": 1200,
                        "clue": "The first time Congress did this to a president was to lame duck John Tyler on March 3, 1845",
                        "solution": "What is the first time a veto was overridden"
                    },
                    {
                        "value": 1600,
                        "clue": "From the name of a D.C. location where many lobbying firms are concentrated, this \"Street\" is shorthand for lobbyists",
                        "solution": "What is K Street"
                    },
                    {
                        "value": 2000,
                        "clue": "Sen. Robert Byrd said the survival of our constitutional system is based on \"the delicate mechanism of\" this pair",
                        "solution": "What is checks & balances"
                    }
                ]
            },
            {
                "category": "LAST LINES OF MOVIES",
                "clues": [
                    {
                        "value": 400,
                        "clue": "1942: \"Louis, I think this is the beginning of a beautiful friendship\"",
                        "solution": "What is Casablanca"
                    },
                    {
                        "value": 800,
                        "clue": "1933: \"Oh, no. It wasn't the airplanes. It was Beauty killed the Beast\"",
                        "solution": "What is King Kong"
                    },
                    {
                        "value": 1200,
                        "clue": "1976: \"This was the story of Howard Beale, the first known instance of a man who was killed because he had lousy ratings\"",
                        "solution": "What is Network"
                    },
                    {
                        "value": 1600,
                        "clue": "Spoken by Mark Wahlberg: \"I am a star. I'm a star. I'm a star. I'm a star. I am a big bright shining star. That's right\"",
                        "solution": "What is Boogie Nights"
                    },
                    {
                        "value": 2000,
                        "clue": "This \"Dirty Harry\" sequel whose title mentions Harry's gun: \"A man's got to know his limitations\"",
                        "solution": "What is Magnum Force"
                    }
                ]
            },
            {
                "category": "TO THE TOWER!",
                "clues": [
                    {
                        "value": 800,
                        "clue": "Chicago's tallest tower was originally built for this company",
                        "solution": "What is Sears"
                    },
                    {
                        "value": 1200,
                        "clue": "Soon after the Norman conquest, the Tower of London's White Tower was built of this stone from Normandy",
                        "solution": "What is limestone"
                    },
                    {
                        "value": 1600,
                        "clue": "Tall twin towers in Kuala Lumpur bear the name of this gas company",
                        "solution": "What is Petronas"
                    },
                    {
                        "value": 2000,
                        "clue": "A medieval watchtower stands guard near the Guadalquivir as it flows in this city",
                        "solution": "What is Seville, Spain"
                    }
                ]
            },
            {
                "category": "ANCIENT VIPs",
                "clues": [
                    {
                        "value": 400,
                        "clue": "Claiming divine descent, Hatshepsut was one of the few women to rule in Egypt as this",
                        "solution": "What is Pharaoh"
                    },
                    {
                        "value": 800,
                        "clue": "In his play \"The Frogs\", he took a little dig at Euripides",
                        "solution": "What is Aristophanes"
                    },
                    {
                        "value": 1200,
                        "clue": "Though better known as \"The Father of History\", some critics called him \"The Father of Lies\"",
                        "solution": "What is Herodotus"
                    },
                    {
                        "value": 1600,
                        "clue": "The Hanging Gardens was one of many building projects credited to this king of Babylon who also appears in the book of Daniel",
                        "solution": "What is Nebuchadnezzar"
                    },
                    {
                        "value": 2000,
                        "clue": "One of Plato's 7 wise men of Greece, this statesman who reformed Athens' laws laid the foundations for democracy",
                        "solution": "What is Solon"
                    }
                ]
            },
            {
                "category": "CONSECUTIVE LETTER WORD PAIRS",
                "clues": [
                    {
                        "value": 400,
                        "clue": "Term for a car or a person not requiring a lot of attention & pampering",
                        "solution": "What is low maintenance"
                    },
                    {
                        "value": 800,
                        "clue": "Myself, as in \"You can worry about others if you like; I'm looking out for...\"",
                        "solution": "What is number one"
                    },
                    {
                        "value": 1200,
                        "clue": "An iron mask is the symbol of this oxymoronic band whose albums included \"Metal Health\"",
                        "solution": "What is Quiet Riot"
                    },
                    {
                        "value": 1600,
                        "clue": "Dating back to ancient times, these tall mobile constructions were rolled up against wall defenses to launch an attack",
                        "solution": "What is siege towers"
                    },
                    {
                        "value": 2000,
                        "clue": "Developing gradually in infants, it's the awareness that things still exist even when you can't see them",
                        "solution": "What is object permanence"
                    }
                ]
            }
        ],
        "final": {
            "category": "CITY HISTORY",
            "clue": "Over 700 years after its traditional 1252 founding date, this port city became associated with a psychological response",
            "solution": "What is Stockholm"
        }
    }
}