{
    "game": {
        "single": [
            {
                "category": "WHEN IN VENICE",
                "clues": [
                    {
                        "value": 200,
                        "clue": "Among the portraits of these rulers in their palace, the plotter Marin Falier is covered by a curtain",
                        "solution": "What is doges"
                    },
                    {
                        "value": 400,
                        "clue": "Corte Seconde del Milion is the former home of this explorer known for his \"Million Lies\"",
                        "solution": "What is Marco Polo"
                    },
                    {
                        "value": 600,
                        "clue": "During this natural event, acqua alta, Venetians go around with their feet wrapped in garbage bags",
                        "solution": "What is flood(ing)"
                    },
                    {
                        "value": 1000,
                        "clue": "Located on a sandbar, this Venetian beach is one of Europe's most famous",
                        "solution": "What is Lido"
                    }
                ]
            },
            {
                "category": "DESCRIBING THE SITCOM",
                "clues": [
                    {
                        "value": 200,
                        "clue": "2 brothers, also psychiatrists, discuss fine wine & opera; hilarity ensues",
                        "solution": "What is Frasier"
                    },
                    {
                        "value": 400,
                        "clue": "4 friends do \"nothing\" for a half an hour, get paid 6 figures per episode for their trouble",
                        "solution": "What is Seinfeld"
                    },
                    {
                        "value": 600,
                        "clue": "Dad has 2 hairs on his head, mom's hair is measured in vertical feet, son's hair is represented by 9 points",
                        "solution": "What is the Simpsons"
                    },
                    {
                        "value": 800,
                        "clue": "Title man leaves gas attendant job in small town; his new boss is Vince Carter (the sergeant, not the hoopster)",
                        "solution": "What is Gomer Pyle"
                    },
                    {
                        "value": 1000,
                        "clue": "Man buys a New England inn, has 3 next door neighbors but only one ever speaks",
                        "solution": "What is Newhart"
                    }
                ]
            },
            {
                "category": "AN ARM & A LEG",
                "clues": [
                    {
                        "value": 200,
                        "clue": "It's the long bone extending from the pelvis down the leg",
                        "solution": "What is femur"
                    },
                    {
                        "value": 400,
                        "clue": "The arms or forelimbs of seals or whales are known as these",
                        "solution": "What is flippers"
                    },
                    {
                        "value": 600,
                        "clue": "This small triangular bone in the leg protects a hinged joint",
                        "solution": "What is patella (kneecap)"
                    },
                    {
                        "value": 800,
                        "clue": "(Here's Sarah from our Clue Crew) The exercise I'm performing is the dumbbell curl. It should help pack some meat on this 2-headed muscle",
                        "solution": "What is biceps"
                    },
                    {
                        "value": 1000,
                        "clue": "A mammal offspring shares its name with this fleshy leg part",
                        "solution": "What is calf"
                    }
                ]
            },
            {
                "category": "JIM-BOREE",
                "clues": [
                    {
                        "value": 200,
                        "clue": "Wherever she was, Mrs. Calabash knew he was the schnozzola",
                        "solution": "What is Jimmy Durante"
                    },
                    {
                        "value": 600,
                        "clue": "In 1976 he said, \"I have looked on a lot of women with lust. I've committed adultery in my heart many times\"",
                        "solution": "What is Jimmy Carter"
                    },
                    {
                        "value": 800,
                        "clue": "He's the only man who's been the head coach of both the Dallas Cowboys & the Miami Dolphins",
                        "solution": "What is Jimmy Johnson"
                    },
                    {
                        "value": 1000,
                        "clue": "This baseball player hit a literary home run with his memoir \"Ball Four\"",
                        "solution": "What is Jim Bouton"
                    }
                ]
            },
            {
                "category": "SHAKESPEARE'S TRAGIC CAST",
                "clues": [
                    {
                        "value": 200,
                        "clue": "Duncan, Banquo, Macduff",
                        "solution": "What is Macbeth"
                    },
                    {
                        "value": 400,
                        "clue": "Bianca, Iago, Desdemona",
                        "solution": "What is Othello"
                    },
                    {
                        "value": 600,
                        "clue": "Cinna, Cassius, Cicero",
                        "solution": "What is Julius Caesar"
                    },
                    {
                        "value": 800,
                        "clue": "Goneril, Regan, Cordelia",
                        "solution": "What is King Lear"
                    },
                    {
                        "value": 1000,
                        "clue": "Mercutio, Benvolio, Tybalt",
                        "solution": "What is Romeo and Juliet"
                    }
                ]
            },
            {
                "category": "\"LING\"O",
                "clues": [
                    {
                        "value": 200,
                        "clue": "(Cheryl of the Clue Crew reports from Central Park.) My little pal is waiting to hear the ending of this Hans Christian Andersen story about one of his feathered friends",
                        "solution": "What is The Ugly Duckling"
                    },
                    {
                        "value": 400,
                        "clue": "If you can \"spare\" the time, try this, the USA's biggest participatory sport",
                        "solution": "What is bowling"
                    },
                    {
                        "value": 800,
                        "clue": "Fire starter",
                        "solution": "What is kindling"
                    },
                    {
                        "value": 1000,
                        "clue": "A young or teensy-weensy fish, such as a young salmon or trout",
                        "solution": "What is fingerling"
                    }
                ]
            }
        ],
        "double": [
            {
                "category": "HISTORIC PEOPLE",
                "clues": [
                    {
                        "value": 400,
                        "clue": "Ogadai had some big stirrups to fill when he succeeded this man as supreme Mongol",
                        "solution": "What is Genghis Khan"
                    },
                    {
                        "value": 800,
                        "clue": "(Cheryl at the Waldorf-Astoria) This rocking chair was the very one owned by this American President",
                        "solution": "What is John F. Kennedy"
                    },
                    {
                        "value": 1200,
                        "clue": "Born in 1725, he created scandals in his home of Italy & in France, made love to a lot of women, & died in 1798",
                        "solution": "What is Casanova"
                    },
                    {
                        "value": 1600,
                        "clue": "This 3-time Democratic Presidential candidate was called \"The Boy Orator of the Platte\"",
                        "solution": "What is William Jennings Bryan"
                    },
                    {
                        "value": 2000,
                        "clue": "England's King Charles II was given this jovial sobriquet, maybe because he had at least 13 mistresses",
                        "solution": "What is Merry Monarch"
                    }
                ]
            },
            {
                "category": "\"EX\" RATED?",
                "clues": [
                    {
                        "value": 400,
                        "clue": "It often means \"of foreign origin\", but put it in front of \"dancer\" & you've got yourself a stripper",
                        "solution": "What is exotic"
                    },
                    {
                        "value": 800,
                        "clue": "In 2001 the Australian state of Victoria banned all Good Friday showings of this '70s film—whatever \"possessed\" them?",
                        "solution": "What is The Exorcist"
                    },
                    {
                        "value": 1200,
                        "clue": "A synonym for expatriates, or the title of a James Joyce play about amorous entanglements",
                        "solution": "What is exiles"
                    },
                    {
                        "value": 2000,
                        "clue": "(Hi, I'm Dana Delany.) I played the dominatrix boss of an S&M fantasy resort in this 1994 film that co-starred Rosie O'Donnell",
                        "solution": "What is Exit to Eden"
                    }
                ]
            },
            {
                "category": "COMPANY MEN",
                "clues": [
                    {
                        "value": 400,
                        "clue": "In hair accessories, then sunglasses: Sam Foster &...",
                        "solution": "What is (Bill) Grant"
                    },
                    {
                        "value": 800,
                        "clue": "In beauty products : Robert Chesebrough &...",
                        "solution": "What is Theron Pond"
                    },
                    {
                        "value": 1200,
                        "clue": "In menswear: The Hart brothers, Joseph Schaffner &...",
                        "solution": "What is (Marcus) Marx"
                    },
                    {
                        "value": 1600,
                        "clue": "In British retail: Michael Marks &...",
                        "solution": "What is Spencer"
                    },
                    {
                        "value": 2000,
                        "clue": "In U.S. retail: Abraham Abraham &...",
                        "solution": "What is (Isidor or Nathan) Straus"
                    }
                ]
            },
            {
                "category": "USAGE",
                "clues": [
                    {
                        "value": 400,
                        "clue": "Technically, a drama only has one of these; another character may be the antagonist or deuteragonist",
                        "solution": "What is protagonist"
                    },
                    {
                        "value": 800,
                        "clue": "\"Cohort\" is properly used in the singular to mean a group; it was originally a unit in this army",
                        "solution": "What is Roman"
                    },
                    {
                        "value": 1200,
                        "clue": "This adjective from the Latin for \"native\" emphasizes that something is native to an area rather than from outside",
                        "solution": "What is indigenous"
                    },
                    {
                        "value": 1600,
                        "clue": "Musicans cringe when this word meaning \"a slow increase in loudness\" is used to mean \"a climax\"",
                        "solution": "What is crescendo"
                    },
                    {
                        "value": 2000,
                        "clue": "This word meaning \"reciprocal\" may also mean \"shared\", as when it precedes \"friend\" in a Dickens title",
                        "solution": "What is mutual"
                    }
                ]
            },
            {
                "category": "BE FRUITFUL",
                "clues": [
                    {
                        "value": 400,
                        "clue": "Along with lemons, which contain more vitamin C, this citrus fruit was used to prevent scurvy",
                        "solution": "What is limes"
                    },
                    {
                        "value": 800,
                        "clue": "This state was the first to begin raisin' raisins, in the 19th century",
                        "solution": "What is California"
                    },
                    {
                        "value": 1200,
                        "clue": "Early New England colonists sang about eating this gourd morning & noon, & not just in October",
                        "solution": "What is pumpkins"
                    },
                    {
                        "value": 1600,
                        "clue": "In Matthew 21 Jesus cursed one of these trees for not being fruitful enough",
                        "solution": "What is fig tree"
                    },
                    {
                        "value": 2000,
                        "clue": "\"Ah, why should life all labor be?\" asks Tennyson's \"eaters\" of this fruit",
                        "solution": "What is lotus"
                    }
                ]
            },
            {
                "category": "MULTIPLY",
                "clues": [
                    {
                        "value": 400,
                        "clue": "If an appliance runs at 10 amperes on 115 volts multiply 10 x 115 to get 1,150 of these",
                        "solution": "What is watts"
                    },
                    {
                        "value": 800,
                        "clue": "To get the number of these, multiply the number of kilometers by 100,000",
                        "solution": "What is centimeters"
                    },
                    {
                        "value": 1200,
                        "clue": "To calculate a pitcher's ERA, divide earned runs by innings pitched & multiply by this",
                        "solution": "What is 9"
                    },
                    {
                        "value": 1600,
                        "clue": "When cooking, to get the number of these in a given number of cups, multiply by 16",
                        "solution": "What is tablespoons"
                    },
                    {
                        "value": 2000,
                        "clue": "Have plenty of zeroes on hand when using Einstein's equation of energy with mass multiplied by this, squared",
                        "solution": "What is speed of light"
                    }
                ]
            }
        ],
        "final": {
            "category": "BIRDS",
            "clue": "This North American bird is known scientifically as Mimus polyglottos",
            "solution": "What is mockingbird"
        }
    }
}