{
    "game": {
        "single": [
            {
                "category": "FAMOUS TEACHERS",
                "clues": [
                    {
                        "value": 100,
                        "clue": "Prof. of math at Cambridge 1669-1701; for every A on his curve there was an equal & opposite F",
                        "solution": "What is Isaac Newton"
                    },
                    {
                        "value": 200,
                        "clue": "Bertoldo di Giovanni studied under Donatello & taught this great Sistine artist",
                        "solution": "What is Michelangelo"
                    },
                    {
                        "value": 300,
                        "clue": "She married Harvard teacher John Macy on condition that Helen came first in their household",
                        "solution": "What is Anne Sullivan"
                    },
                    {
                        "value": 400,
                        "clue": "Educational psychologist who developed a series of dictionaries with Clarence Barnhart",
                        "solution": "What is (Edward) Thorndike"
                    },
                    {
                        "value": 500,
                        "clue": "East L.A. teacher famous for helping his kids pass the Advanced Placement calculus test",
                        "solution": "What is (Jaime) Escalante"
                    }
                ]
            },
            {
                "category": "U.S. CITIES",
                "clues": [
                    {
                        "value": 100,
                        "clue": "Explorer Jean-Baptiste Le Moyne named this Ala. city after the Maubila Indian tribe",
                        "solution": "What is Mobile"
                    },
                    {
                        "value": 200,
                        "clue": "New Mexico city that got its name from the crosses on the graves of ambushed travelers",
                        "solution": "What is Las Cruces"
                    },
                    {
                        "value": 300,
                        "clue": "Eisenhower was nominated for his second term as president in the Cow Palace in this city",
                        "solution": "What is San Francisco"
                    },
                    {
                        "value": 400,
                        "clue": "This 2nd largest Oregon city is named for 1 of its settlers, a certain Mr. Skinner",
                        "solution": "What is Eugene"
                    },
                    {
                        "value": 500,
                        "clue": "The graves of O. Henry & Thomas Wolfe are in this N.C. city where Wolfe was born",
                        "solution": "What is Asheville"
                    }
                ]
            },
            {
                "category": "BUSINESS & INDUSTRY",
                "clues": [
                    {
                        "value": 100,
                        "clue": "This rubber company spends over $7 million a year just to maintain & operate its blimps",
                        "solution": "What is Goodyear"
                    },
                    {
                        "value": 200,
                        "clue": "After marrying its president, Joan Crawford became a spokesperson for this beverage co.",
                        "solution": "What is Pepsi-Cola"
                    },
                    {
                        "value": 300,
                        "clue": "After 42 years, this French co. has ceased making its turtle-shaped car, the Deux Chevaux",
                        "solution": "What is Citroen"
                    },
                    {
                        "value": 400,
                        "clue": "Whirlpool makes a line of products under this brand name for Sears, Roebuck",
                        "solution": "What is Kenmore"
                    },
                    {
                        "value": 500,
                        "clue": "It was first incorporated in 1911 as the Computing-Tabulating-Recording Co.",
                        "solution": "What is IBM"
                    }
                ]
            },
            {
                "category": "TELEVISION",
                "clues": [
                    {
                        "value": 100,
                        "clue": "This city was the first in the U.S. to have more than 1 TV station in operation",
                        "solution": "What is New York"
                    },
                    {
                        "value": 200,
                        "clue": "Gary David Goldberg & Alan Uger won 1987 Emmys for writing this series' \"My Name Is Alex\" episode",
                        "solution": "What is Family Ties"
                    },
                    {
                        "value": 300,
                        "clue": "This skinflint comedian played Ralph & Alice Kramden's landlord on 1 episode of \"The Honeymooners\"",
                        "solution": "What is Jack Benny"
                    },
                    {
                        "value": 400,
                        "clue": "From 1947 to 1975, Lawrence Spivak was a panelist or moderator on this NBC public affairs program",
                        "solution": "What is Meet the Press"
                    },
                    {
                        "value": 500,
                        "clue": "The announcer called it \"The crossword game you've played all your life, but never quite like this\"",
                        "solution": "What is Scrabble"
                    }
                ]
            },
            {
                "category": "GOLD",
                "clues": [
                    {
                        "value": 100,
                        "clue": "The world's largest gold field, the Witwatersrand, is in this country",
                        "solution": "What is South Africa"
                    },
                    {
                        "value": 200,
                        "clue": "This form of gold, beaten thinner than paper, is used for gilding & lettering",
                        "solution": "What is gold leaf"
                    },
                    {
                        "value": 300,
                        "clue": "Derived from the metal's Latin name, it's the chemical symbol for gold",
                        "solution": "What is Au"
                    },
                    {
                        "value": 400,
                        "clue": "Pure gold is this many karats",
                        "solution": "What is 24"
                    },
                    {
                        "value": 500,
                        "clue": "In the 1500s many Spanish explorers went to South America searching for this legendary gold kingdom",
                        "solution": "What is El Dorado"
                    }
                ]
            },
            {
                "category": "\"SILVER\"",
                "clues": [
                    {
                        "value": 100,
                        "clue": "Nostalgic name for the movies or the motion picture industry",
                        "solution": "What is the silver screen"
                    },
                    {
                        "value": 200,
                        "clue": "When the going gets rough, remember that \"Every cloud has\" one of these",
                        "solution": "What is a silver lining"
                    },
                    {
                        "value": 300,
                        "clue": "To produce rain, clouds are sometimes seeded with this chemical compound",
                        "solution": "What is silver iodide"
                    },
                    {
                        "value": 400,
                        "clue": "This band has backed up Bob Seger on hits like \"Night Moves\" & \"Still The Same\"",
                        "solution": "What is The Silver Bullet Band"
                    },
                    {
                        "value": 500,
                        "clue": "The U.S. government first issued this paper currency in 1878",
                        "solution": "What is silver certificates"
                    }
                ]
            }
        ],
        "double": [
            {
                "category": "STATE FLAGS",
                "clues": [
                    {
                        "value": 200,
                        "clue": "Number of stars on the Texas state flag",
                        "solution": "What is 1"
                    },
                    {
                        "value": 400,
                        "clue": "This state's flag was designed by Miss Willie Hocker of the Pine Bluff chapter of the D.A.R.",
                        "solution": "What is Arkansas"
                    },
                    {
                        "value": 600,
                        "clue": "Kentucky's flag indicates it's one of these",
                        "solution": "What is a commonwealth"
                    },
                    {
                        "value": 800,
                        "clue": "The flag of this 13th state has 13 gold stars & the word \"Hope\"",
                        "solution": "What is Rhode Island"
                    },
                    {
                        "value": 1000,
                        "clue": "It's the only state whose flag features the British Union Jack",
                        "solution": "What is Hawaii"
                    }
                ]
            },
            {
                "category": "ENGLISH LITERATURE",
                "clues": [
                    {
                        "value": 200,
                        "clue": "Society is divided between Eloi & Morlocks in this futuristic H.G. Wells work",
                        "solution": "What is The Time Machine"
                    },
                    {
                        "value": 400,
                        "clue": "The hero of this Old English poem dies killing a dragon that attacked his people, the Geats",
                        "solution": "What is Beowulf"
                    },
                    {
                        "value": 600,
                        "clue": "British philosopher & mathematician who won the 1950 Nobel Prize for Literature",
                        "solution": "What is Bertrand Russell"
                    },
                    {
                        "value": 800,
                        "clue": "\"Goodbye to All That\" is the autobiography of this \"I, Claudius\" author",
                        "solution": "What is (Robert) Graves"
                    },
                    {
                        "value": 1000,
                        "clue": "He became a Roman Catholic 14 years before publishing \"The Power and the Glory\"",
                        "solution": "What is Graham Greene"
                    }
                ]
            },
            {
                "category": "BIRDS",
                "clues": [
                    {
                        "value": 200,
                        "clue": "The willow ptarmigan, which makes its home in Arctic areas, is this state's official bird",
                        "solution": "What is Alaska"
                    },
                    {
                        "value": 400,
                        "clue": "Sapsuckers are the only members of this bird family to habitually injure trees",
                        "solution": "What is woodpeckers"
                    },
                    {
                        "value": 600,
                        "clue": "This relative of the crow is prominent in folklore as a bad-luck sign or omen of death",
                        "solution": "What is the raven"
                    },
                    {
                        "value": 800,
                        "clue": "These small English birds were first brought to the U.S. in 1850 to eliminate tree worms in Brooklyn",
                        "solution": "What is sparrows"
                    },
                    {
                        "value": 1000,
                        "clue": "In 1848 this bird saved the crops of Utah by eating swarms of grasshoppers",
                        "solution": "What is seagulls"
                    }
                ]
            },
            {
                "category": "AMERICAN INDIANS",
                "clues": [
                    {
                        "value": 200,
                        "clue": "From 1881-86 he led the Chiricahua Apaches in the last major Indian stand",
                        "solution": "What is Geronimo"
                    },
                    {
                        "value": 400,
                        "clue": "Coinciding with the '84 Olympics in L.A. was a memorial powwow & games honoring this athlete",
                        "solution": "What is Jim Thorpe"
                    },
                    {
                        "value": 600,
                        "clue": "This 6-nation group has not accepted U.S. citizenship & considers itself a separate nation",
                        "solution": "What is the Iroquois"
                    },
                    {
                        "value": 800,
                        "clue": "They call themselves the Dine; since their language has no \"V\", they found this name unpronounceable",
                        "solution": "What is the Navajo"
                    },
                    {
                        "value": 1000,
                        "clue": "Among tribes this Spanish explorer met & alienated were the Cherokee, Creek & Choctaw",
                        "solution": "What is de Sotò"
                    }
                ]
            },
            {
                "category": "PHILOSOPHY",
                "clues": [
                    {
                        "value": 200,
                        "clue": "Empedocles said there are two basic emotions, these",
                        "solution": "What is love & hate"
                    },
                    {
                        "value": 400,
                        "clue": "He developed his own method of inquiry, but as he didn't write it down we mostly know of it from Plato",
                        "solution": "What is Socrates"
                    },
                    {
                        "value": 600,
                        "clue": "Thomism, a doctrine of the Catholic Church, was based on the ideas of this man",
                        "solution": "What is Aquinas"
                    },
                    {
                        "value": 800,
                        "clue": "17th c. French philosopher who wrote, \"All the sciences are conjoined with one another and interdependent\"",
                        "solution": "What is (Rene) Descartes"
                    },
                    {
                        "value": 1000,
                        "clue": "Opposing Hegel, this Danish philosopher said man does have free will",
                        "solution": "What is Kierkegaard"
                    }
                ]
            },
            {
                "category": "DESPOTS & DICTATORS",
                "clues": [
                    {
                        "value": 200,
                        "clue": "He attended the Allies' meetings at Tehran, Yalta & Potsdam as the Soviet Union's representative",
                        "solution": "What is Stalin"
                    },
                    {
                        "value": 400,
                        "clue": "We don't know what his 1st wife did, but his 2nd, Eva, was an actress, & his 3rd, Isabel, a dancer",
                        "solution": "What is (Juan) Perón"
                    },
                    {
                        "value": 600,
                        "clue": "After his reelection in 1961, this Haitian leader named himself president for life",
                        "solution": "What is Duvalier"
                    },
                    {
                        "value": 800,
                        "clue": "Nicknamed \"The Incorruptible\", he was arrested, tried & guillotined in July 1794",
                        "solution": "What is Robespierre"
                    },
                    {
                        "value": 1000,
                        "clue": "It took a revolution in 1911 to unseat this Mexican pres. who'd held power for more than 3 decades",
                        "solution": "What is Porfirio Díaz"
                    }
                ]
            }
        ],
        "final": {
            "category": "WORLD HISTORY",
            "clue": "The 2 countries that became independent on Aug. 14 & 15, 1947",
            "solution": "What is Pakistan & India"
        }
    }
}