{
    "game": {
        "single": [
            {
                "category": "TOM CRUISE FILMS",
                "clues": [
                    {
                        "value": 100,
                        "clue": "Tom glides across the floor to \"Old Time Rock & Roll\" in an Oxford shirt & tightie-whities in a classic scene in this '83 flick",
                        "solution": "What is Risky Business"
                    },
                    {
                        "value": 200,
                        "clue": "Tom Cruise learns that he has an autistic older brother in this 1988 film",
                        "solution": "What is Rain Man"
                    },
                    {
                        "value": 300,
                        "clue": "Tom Cruise starred as professional spy Ethan Hunt in this 1996 film & its sequel",
                        "solution": "What is Mission: Impossible"
                    },
                    {
                        "value": 400,
                        "clue": "In a 1992 film this actor told Tom, \"You can't handle the truth!\"",
                        "solution": "What is Jack Nicholson (in A Few Good Men)"
                    },
                    {
                        "value": 500,
                        "clue": "Leonard Maltin said the cliches in this 1990 action drama gave new meaning to the term \"Formula One\"",
                        "solution": "What is Days of Thunder"
                    }
                ]
            },
            {
                "category": "EYE, EYE DOCTOR",
                "clues": [
                    {
                        "value": 100,
                        "clue": "It's the transparent part of the eyeball contact lenses are designed to come into contact with",
                        "solution": "What is Cornea"
                    },
                    {
                        "value": 200,
                        "clue": "It's not the opposite of youropia, but of hyperopia",
                        "solution": "What is Myopia"
                    },
                    {
                        "value": 300,
                        "clue": "From the Greek for \"gray\", this condition may cause blindness by increasing pressure on the optic nerve",
                        "solution": "What is Glaucoma"
                    },
                    {
                        "value": 400,
                        "clue": "Macular degeneration affects these parts that when detached may be reattached with a laser",
                        "solution": "What is Retinas"
                    },
                    {
                        "value": 500,
                        "clue": "Toric contact lenses are designed to correct this condition when it's moderate",
                        "solution": "What is Astigmatism"
                    }
                ]
            },
            {
                "category": "LET'S DANCE",
                "clues": [
                    {
                        "value": 100,
                        "clue": "You're dancing if you're cutting this item of decor",
                        "solution": "What is Rug"
                    },
                    {
                        "value": 200,
                        "clue": "\"Dancing on air\" is an expressive phrase for this form of capital punishment",
                        "solution": "What is Hanging"
                    },
                    {
                        "value": 300,
                        "clue": "If this lively dance \"is up\", it's all over",
                        "solution": "What is Jig"
                    },
                    {
                        "value": 400,
                        "clue": "As a verb, it can mean to move like Gregory Hines, or to improvise to hide your ignorance",
                        "solution": "What is Tap dance"
                    },
                    {
                        "value": 500,
                        "clue": "This character from \"Li'l Abner\" gave her name to a dance where the girls invite the boys",
                        "solution": "What is Sadie Hawkins"
                    }
                ]
            },
            {
                "category": "BARRY ME",
                "clues": [
                    {
                        "value": 200,
                        "clue": "He played Brad Majors in \"The Rocky Horror Picture Show\"",
                        "solution": "What is Barry Bostwick"
                    },
                    {
                        "value": 300,
                        "clue": "This Conservative was born in Phoenix in 1909",
                        "solution": "What is Barry Goldwater"
                    },
                    {
                        "value": 400,
                        "clue": "With Cynthia Weil, he's written songs like \"Make Your Own Kind of Music\" & \"We Gotta Get Out of This Place\"",
                        "solution": "What is Barry Mann"
                    },
                    {
                        "value": 500,
                        "clue": "\"Guilty\" & \"What Kind of Fool\", his duets with Barbra Streisand, were Top 10 hits",
                        "solution": "What is Barry Gibb"
                    }
                ]
            },
            {
                "category": "KNOT",
                "clues": [
                    {
                        "value": 100,
                        "clue": "This knot that shares its name with an older relative is prone to slipping & is basically useless",
                        "solution": "What is Granny knot"
                    },
                    {
                        "value": 200,
                        "clue": "It's the geometric alternate name for a reef knot",
                        "solution": "What is Square knot"
                    },
                    {
                        "value": 300,
                        "clue": "Clove, rolling & half are types of these, used to tie a rope to a post or other object",
                        "solution": "What is Hitches"
                    },
                    {
                        "value": 400,
                        "clue": "As 2 words, it's part of a ram's or ewe's leg; as 1 word, it's a knot for shortening rope",
                        "solution": "What is Sheepshank"
                    }
                ]
            },
            {
                "category": "ON THE LONE PRAIRIE",
                "clues": [
                    {
                        "value": 100,
                        "clue": "The prairie has been called a \"Sea of\" this, like the over 6-foot-tall Big Bluestem",
                        "solution": "What is Grass"
                    },
                    {
                        "value": 200,
                        "clue": "A lot fewer of this Kansas state animal \"roam\" the prairies today than in the 19th century",
                        "solution": "What is Buffalo/bison"
                    },
                    {
                        "value": 300,
                        "clue": "This city's nicknames include \"City of the Lakes and Prairies\" & \"Hog Butcher for the World\"",
                        "solution": "What is Chicago"
                    },
                    {
                        "value": 400,
                        "clue": "They're the family who resided in TV's \"Little House on the Prairie\"",
                        "solution": "What is Ingalls"
                    },
                    {
                        "value": 500,
                        "clue": "Legendary Pecos Bill was raised by one of these animals that's also known as a prairie wolf",
                        "solution": "What is Coyote"
                    }
                ]
            }
        ],
        "double": [
            {
                "category": "INAUGURAL ADDRESSES",
                "clues": [
                    {
                        "value": 200,
                        "clue": "\"Now, for the third time, a new century is upon us, and another time to choose\"",
                        "solution": "What is Bill Clinton"
                    },
                    {
                        "value": 400,
                        "clue": "\"Let the word go forth from this time and place, to friend and foe alike, that the torch has been passed...\"",
                        "solution": "What is John F. Kennedy"
                    },
                    {
                        "value": 600,
                        "clue": "\"Eight years from now America will celebrate its two-hundredth anniversary as a nation\"",
                        "solution": "What is Richard Nixon"
                    },
                    {
                        "value": 800,
                        "clue": "\"...Let us strive on to finish the work we are in...to do all which may achieve & cherish a just & lasting peace...\"",
                        "solution": "What is Abraham Lincoln (second inaugural)"
                    },
                    {
                        "value": 1000,
                        "clue": "\"In the field of world policy I would dedicate this nation to the policy of the good neighbor\"",
                        "solution": "What is Franklin D. Roosevelt"
                    }
                ]
            },
            {
                "category": "QUEEN'S BIRTHDAY HONOURS 2000",
                "clues": [
                    {
                        "value": 200,
                        "clue": "This \"Dead Cert\" writer jockeyed to the forefront of the list, getting a CBE",
                        "solution": "What is Dick Francis"
                    },
                    {
                        "value": 400,
                        "clue": "Sam Mendes was directed to pick up this CBE in June 2000, 3 months after winning an Oscar for directing this film",
                        "solution": "What is American Beauty"
                    },
                    {
                        "value": 600,
                        "clue": "Oh me oh my — this Scottish singer's OBE was given \"To\" her \"With Love\" by the Queen",
                        "solution": "What is Lulu"
                    },
                    {
                        "value": 800,
                        "clue": "Hazel Ann Esson, the head housemaid at this Scottish castle, got a Royal Victorian Medal",
                        "solution": "What is Balmoral Castle"
                    }
                ]
            },
            {
                "category": "ISN'T IT BYRONIC?",
                "clues": [
                    {
                        "value": 200,
                        "clue": "Of John, Paul, or George, Byron's given name",
                        "solution": "What is George"
                    },
                    {
                        "value": 400,
                        "clue": "In 1816 Byron summered in Switzerland where he joned this poet & his wife Mary",
                        "solution": "What is Percy Shelley"
                    },
                    {
                        "value": 600,
                        "clue": "While helping this country fight for its independence, Byron died at Missolonghi in 1824",
                        "solution": "What is Greece"
                    },
                    {
                        "value": 800,
                        "clue": "One of Byron's greatest poems was his unfinished epic about this villainous Spanish rake",
                        "solution": "What is Don Juan"
                    },
                    {
                        "value": 1000,
                        "clue": "Byron first came to fame with a poem about this young noble's \"Pilgrimage\"",
                        "solution": "What is Childe Harold"
                    }
                ]
            },
            {
                "category": "TV STARS",
                "clues": [
                    {
                        "value": 200,
                        "clue": "Maureen McCormick, who played Marcia on this TV series, recorded a country music album in 1995",
                        "solution": "What is The Brady Bunch"
                    },
                    {
                        "value": 400,
                        "clue": "When she played a stage mother in the TV movie \"Model Behavior\", her real-life son Cody appeared as her son",
                        "solution": "What is Kathie Lee Gifford"
                    },
                    {
                        "value": 600,
                        "clue": "An understudy in \"Biloxi Blues\", this \"Cheers\" co-star was back on Broadway in '99, starring in \"The Rainmaker\"",
                        "solution": "What is Woody Harrelson"
                    },
                    {
                        "value": 800,
                        "clue": "Few believed this actor's weird journalistic discoveries as \"The Night Stalker\"",
                        "solution": "What is Darren McGavin"
                    },
                    {
                        "value": 1000,
                        "clue": "John Lithgow appeared as a Broadway director in this autobiographical Bob Fosse film",
                        "solution": "What is All That Jazz"
                    }
                ]
            },
            {
                "category": "SECOND-MOST POPULOUS CITIES",
                "clues": [
                    {
                        "value": 200,
                        "clue": "Cork",
                        "solution": "What is Ireland"
                    },
                    {
                        "value": 400,
                        "clue": "Goteburg",
                        "solution": "What is Sweden"
                    },
                    {
                        "value": 600,
                        "clue": "Pusan",
                        "solution": "What is South Korea"
                    },
                    {
                        "value": 800,
                        "clue": "Maracaibo",
                        "solution": "What is Venezuela"
                    },
                    {
                        "value": 1000,
                        "clue": "Brno",
                        "solution": "What is Czech Republic"
                    }
                ]
            },
            {
                "category": "BEFORE & AFTER",
                "clues": [
                    {
                        "value": 200,
                        "clue": "He scribed \"The Green Mile\" & \"Carrie\", but not while aping around the Empire State Building with Fay Wray",
                        "solution": "What is Stephen King Kong"
                    },
                    {
                        "value": 400,
                        "clue": "\"Hit The Road, Jack\" hitmaker who hit us in print with \"Oliver Twist\" & \"David Copperfield\"",
                        "solution": "What is Ray Charles Dickens"
                    },
                    {
                        "value": 600,
                        "clue": "1988 Brat-Packer western starring the rock band that charted with \"Welcome to the Jungle\"",
                        "solution": "What is Young Guns N' Roses"
                    },
                    {
                        "value": 800,
                        "clue": "\"Talented Mr. Ripley\" actor whose colorful stories became \"Guys and Dolls\"",
                        "solution": "What is Matt Damon Runyon"
                    },
                    {
                        "value": 1000,
                        "clue": "He sang for Motley Crue but only after he'd teamed up with Crosby, Stills & Nash",
                        "solution": "What is Vince Neil Young"
                    }
                ]
            }
        ],
        "final": {
            "category": "CIVIL RIGHTS HISTORY",
            "clue": "By 1948, all but one of the 9 in this group charged in a 1931 crime had been freed",
            "solution": "What is the Scottsboro Boys"
        }
    }
}