{
    "game": {
        "single": [
            {
                "category": "RECENT HEADLINES IN THE ONION",
                "clues": [
                    {
                        "value": 200,
                        "clue": "The foundation of this husband & wife \"Announces New $17 Bil. Initiative to Eradicate All 3rd-World Mac Users by 2040\"",
                        "solution": "What is Bill and Melinda Gates"
                    },
                    {
                        "value": 400,
                        "clue": "She's the White House press secretary who \"Flatly Refuses Jim Acosta's Assertion That He's Jim Acosta\"",
                        "solution": "What is Sarah Huckabee Sanders"
                    },
                    {
                        "value": 600,
                        "clue": "\"Should\" this NFL team that went 0-16 in 2017 \"Use the First Overall Pick on a Once-in-a-Generation Long Snapper?\"",
                        "solution": "What is the Cleveland Browns"
                    },
                    {
                        "value": 800,
                        "clue": "This rhyme-named exercise tech co. \"Releases New Tracking Collar That Gets Tighter Every Second You Are Inactive\"",
                        "solution": "What is Fitbit"
                    },
                    {
                        "value": 1000,
                        "clue": "\"Deceased Souls Backed Up at\" this river's \"Ferry Crossing During Underworld Transit Strike\"",
                        "solution": "What is the River Styx"
                    }
                ]
            },
            {
                "category": "SISTER CITIES",
                "clues": [
                    {
                        "value": 200,
                        "clue": "This city in Maine—not the Oregon one—is sisters with Shinagawa, Japan, a city of 350,000 inside the borough of Tokyo",
                        "solution": "What is Portland"
                    },
                    {
                        "value": 400,
                        "clue": "Boring, Oregon & Dull, Scotland are informal sister communities; some wanted to say g'day to Bland in this foreign nation",
                        "solution": "What is Australia"
                    },
                    {
                        "value": 600,
                        "clue": "There once was a town called Spokane / but a long rhyme won't fit here, no, man / so just name this Irish sister city",
                        "solution": "What is Limerick"
                    },
                    {
                        "value": 800,
                        "clue": "Sisters can be so competitive! \"You have the Lincoln Memorial, D.C.? OK! This city of ours has the monument of Lysicrates!\"",
                        "solution": "What is Athens"
                    },
                    {
                        "value": 1000,
                        "clue": "In 2014 Cambridge, Massachusetts became family with Les Cayes in this nation, 4 years after a terrible natural disaster",
                        "solution": "What is Haiti"
                    }
                ]
            },
            {
                "category": "RHYMES WITH MUG",
                "clues": [
                    {
                        "value": 200,
                        "clue": "An often shameless promotion of a product or one's self",
                        "solution": "What is a plug"
                    },
                    {
                        "value": 400,
                        "clue": "The tightly curled tail of this toy dog breed lies over the hip",
                        "solution": "What is a pug"
                    },
                    {
                        "value": 600,
                        "clue": "Cymbalta, for example",
                        "solution": "What is a drug"
                    },
                    {
                        "value": 800,
                        "clue": "Back in Grandma's day, dancing was also known as \"cutting\" this",
                        "solution": "What is a rug"
                    },
                    {
                        "value": 1000,
                        "clue": "Counterfeit vending machine \"coin\"",
                        "solution": "What is a slug"
                    }
                ]
            },
            {
                "category": "POKER FACE",
                "clues": [
                    {
                        "value": 200,
                        "clue": "Your face falls as it's 7-card stud & your straight just lost to a hand with 3 queens & 2 jacks, called this",
                        "solution": "What is a full house"
                    },
                    {
                        "value": 400,
                        "clue": "A twitch of a bettor's face can be this 4-letter word that signals the strength of the player's hand",
                        "solution": "What is a tell"
                    },
                    {
                        "value": 600,
                        "clue": "Joy fills your face as it did for Phil Ivey after winning bracelets at 10 events held during this Vegas poker tourney",
                        "solution": "What is the World Series of Poker"
                    },
                    {
                        "value": 800,
                        "clue": "You can now hoot & holler as this last card has flipped over in Omaha poker & your win is secure",
                        "solution": "What is the river"
                    },
                    {
                        "value": 1000,
                        "clue": "You look chagrined when you forget to put up the \"big\" this bet, so named because you don't get to see your cards first",
                        "solution": "What is the big blind"
                    }
                ]
            },
            {
                "category": "BAD ROMANCE",
                "clues": [
                    {
                        "value": 200,
                        "clue": "Petruchio deprives Kate of food & sleep in this play, which makes her grow to love him? That's messed up, Shakespeare!",
                        "solution": "What is The Taming of the Shrew"
                    },
                    {
                        "value": 400,
                        "clue": "George & Martha drag Nick & Honey into a nasty liquor-fueled 4-sided battle in this Albee play",
                        "solution": "What is Who's Afraid of Virginia Woolf?"
                    },
                    {
                        "value": 600,
                        "clue": "This novel ends with Amy & Nick Dunne reunited—sure, she framed him for her murder, but now she's pregnant",
                        "solution": "What is Gone Girl"
                    },
                    {
                        "value": 800,
                        "clue": "In this novel by George Eliot, Dorothea thinks she'll find happiness with the aging scholar Casaubon (nope!)",
                        "solution": "What is Middlemarch"
                    },
                    {
                        "value": 1000,
                        "clue": "In this novel, Lady Brett Ashley & Jake Barnes could have been great together, if not for her affairs & his war wounds",
                        "solution": "What is The Sun Also Rises"
                    }
                ]
            },
            {
                "category": "LADY GAGA",
                "clues": [
                    {
                        "value": 200,
                        "clue": "Intel provided 300 drones to accompany Lady Gaga for this short but major gig in Houston Feb. 5, 2017",
                        "solution": "What is the Super Bowl (halftime show)"
                    },
                    {
                        "value": 400,
                        "clue": "Born Stefani Germanotta, Lady Gaga is a huge fan of this band & got her stage name from their song \"Radio Ga Ga\"",
                        "solution": "What is Queen"
                    },
                    {
                        "value": 600,
                        "clue": "Gaga helped Bradley Cooper rock as they re-re-remade this drama that last starred Streisand & Kristofferson",
                        "solution": "What is A Star is Born"
                    },
                    {
                        "value": 800,
                        "clue": "Lady Gaga is on the right track with her charitable foundation named for this hit with a 3-word title",
                        "solution": "What is \"Born This Way\""
                    },
                    {
                        "value": 1000,
                        "clue": "In this song Lady Gaga also name checks Fernando & Roberto",
                        "solution": "What is \"Alejandro\""
                    }
                ]
            }
        ],
        "double": [
            {
                "category": "NATIONAL GEOGRAPHIC'S MARS",
                "clues": [
                    {
                        "value": 400,
                        "clue": "This type of storm causes major problems for the explorers when it blocks the sun & solar power",
                        "solution": "What is a dust storm"
                    },
                    {
                        "value": 800,
                        "clue": "Part of the series is set in 2033, when the first human mission heads to Mars on a ship named for this father of Icarus",
                        "solution": "What is Daedalus"
                    },
                    {
                        "value": 1200,
                        "clue": "This German scientist actually built the Saturn V moon rocket with a plan to use it to one day reach Mars",
                        "solution": "What is von Braun"
                    },
                    {
                        "value": 1600,
                        "clue": "Life found on Mars in 2042 turns out to be a deadly microbe that only responds to this antibiotic discovered in 1928",
                        "solution": "What is penicillin"
                    },
                    {
                        "value": 2000,
                        "clue": "In season 2, one of these bursts of energy fries the electronics & communications of the town settlers had built on Mars",
                        "solution": "What is a solar flare"
                    }
                ]
            },
            {
                "category": "POP CULTURE",
                "clues": [
                    {
                        "value": 400,
                        "clue": "Say howdy to Rowdy, mascot of this NFL team; he's 6'1\", or 6'2 1/2\" with the big hat",
                        "solution": "What is the Dallas Cowboys"
                    },
                    {
                        "value": 800,
                        "clue": "For fall, the cornucopia of pumpkin spice-flavored offerings include Cheerios & these Hostess snack cakes",
                        "solution": "What is Twinkies"
                    },
                    {
                        "value": 1200,
                        "clue": "In the 2018 film \"The Girl in the Spider's Web\", this star of \"The Crown\" plays outcast hacker Lisbeth Salander",
                        "solution": "What is Claire Foy"
                    },
                    {
                        "value": 1600,
                        "clue": "Shinnok is one of the evil karacters in this fighting video game franchise from NetherRealm studios",
                        "solution": "What is Mortal Kombat"
                    },
                    {
                        "value": 2000,
                        "clue": "Ariana Grande has a song on her 2018 album called this, the name of her fiancee",
                        "solution": "What is \"Pete Davidson\""
                    }
                ]
            },
            {
                "category": "CAVES",
                "clues": [
                    {
                        "value": 400,
                        "clue": "The longest cave system on Earth reaches 380 feet down & stretches more than 400 miles in this Kentucky national park",
                        "solution": "What is Mammoth Cave"
                    },
                    {
                        "value": 800,
                        "clue": "Caves eroded by water are most commonly found in this type of rock composed mainly of calcium carbonate",
                        "solution": "What is limestone"
                    },
                    {
                        "value": 1200,
                        "clue": "Found in Europe & living more than 100 years, an olm is a blind, cave-dwelling one of these amphibians",
                        "solution": "What is a salamander"
                    },
                    {
                        "value": 1600,
                        "clue": "From the Greek for \"cave\", it's an old term for a cave dweller or caveman",
                        "solution": "What is a troglodyte"
                    }
                ]
            },
            {
                "category": "WORD ORIGINS",
                "clues": [
                    {
                        "value": 400,
                        "clue": "This word for a horse that needs busting is Spanish for \"rough\"",
                        "solution": "What is bronco"
                    },
                    {
                        "value": 800,
                        "clue": "This 4-letter word for a place of confinement originally referred to a monk's quarters",
                        "solution": "What is a cell"
                    },
                    {
                        "value": 1200,
                        "clue": "From Sanskrit for \"weighty\" comes this word for a Hindu spiritual guide or any recognized leader in a field",
                        "solution": "What is guru"
                    },
                    {
                        "value": 1600,
                        "clue": "This word is for the Greek for \"molded\" & was first used in reference to a synthetic product in 1909",
                        "solution": "What is plastic"
                    },
                    {
                        "value": 2000,
                        "clue": "This old-time word for a pantry comes from its origin as a place to store bacon",
                        "solution": "What is a larder"
                    }
                ]
            },
            {
                "category": "BRITISH HISTORY",
                "clues": [
                    {
                        "value": 400,
                        "clue": "Containing concessions by the king, this 13th c. document is one of the foundations of English & American law",
                        "solution": "What is the Magna Carta"
                    },
                    {
                        "value": 800,
                        "clue": "The 1st archbishop of this historic town was St. Augustine, a monk sent by the pope to convert the English",
                        "solution": "What is Canterbury"
                    },
                    {
                        "value": 1200,
                        "clue": "In 1984 she narrowly escaped assassination as her hotel bathroom was destroyed by an IRA bomb",
                        "solution": "What is Margaret Thatcher"
                    },
                    {
                        "value": 1600,
                        "clue": "The record of a monumental accounting of England & Wales, this document was compiled around 1086",
                        "solution": "What is the Domesday Book"
                    },
                    {
                        "value": 2000,
                        "clue": "King of Wessex, this great monarch prevented England from completely falling to the Danes in the 800s",
                        "solution": "What is Alfred the Great"
                    }
                ]
            },
            {
                "category": "DRUM SCHTICK",
                "clues": [
                    {
                        "value": 400,
                        "clue": "The Atlas, a type of this developed in the 1950s, used magnetic drum memory",
                        "solution": "What is a computer"
                    },
                    {
                        "value": 800,
                        "clue": "In architecture, a drum is any of the cylindrical stone blocks that make up one of these",
                        "solution": "What is a column"
                    },
                    {
                        "value": 1200,
                        "clue": "\"Bang The Drum Slowly\" is one of Mark Harris' novels about this sport",
                        "solution": "What is baseball"
                    },
                    {
                        "value": 1600,
                        "clue": "A '90s dance music style from England is called \"drum &\" this instrument",
                        "solution": "What is bass"
                    }
                ]
            }
        ],
        "final": {
            "category": "CHARACTERS IN CHILDREN'S LIT",
            "clue": "Memories of refugees in British train stations before & after WWII helped inspire the creation of this character",
            "solution": "What is Paddington Bear"
        }
    }
}