{
    "game": {
        "single": [
            {
                "category": "FAMOUS NAMES",
                "clues": [
                    {
                        "value": 100,
                        "clue": "This star of \"Kojak\" admits he shaves his head every morning",
                        "solution": "What is Telly Savalas"
                    },
                    {
                        "value": 200,
                        "clue": "Creator of \"The Cisco Kid\", William Sidney Porter was better known by this name",
                        "solution": "What is O. Henry"
                    },
                    {
                        "value": 300,
                        "clue": "\"The First Time Ever\" she had a No. 1 album was \"First Take\" in 1972",
                        "solution": "What is Roberta Flack"
                    },
                    {
                        "value": 400,
                        "clue": "George Bush pardoned this 91-year-old industrialist for his illegal contributions to Nixon's campaign",
                        "solution": "What is Armand Hammer"
                    },
                    {
                        "value": 500,
                        "clue": "Ines de la Fressange was a Chanel model when she was chosen to represent this French symbol",
                        "solution": "What is Marianne"
                    }
                ]
            },
            {
                "category": "ADVERTISING SLOGANS",
                "clues": [
                    {
                        "value": 100,
                        "clue": "\"When you care enough to send the very best\", send one of these",
                        "solution": "What is Hallmark Card"
                    },
                    {
                        "value": 200,
                        "clue": "\"Wouldn't you really rather have\" one of these cars",
                        "solution": "What is Buick"
                    },
                    {
                        "value": 300,
                        "clue": "\"I like\" this lemon-lime soda \"in you\"",
                        "solution": "What is Sprite"
                    },
                    {
                        "value": 400,
                        "clue": "\"Tan, don't burn use\" this",
                        "solution": "What is Coppertone"
                    },
                    {
                        "value": 500,
                        "clue": "This maker of pre-school toys says, \"Our work is child's play\"",
                        "solution": "What is Fisher-Price"
                    }
                ]
            },
            {
                "category": "THE BIBLE",
                "clues": [
                    {
                        "value": 100,
                        "clue": "Among these tales told by Jesus were those \"of the net\", \"of the mustard seed\" & \"of the hidden treasures\"",
                        "solution": "What is parables"
                    },
                    {
                        "value": 200,
                        "clue": "I Corinthians 7:9 states, \"It is better to marry than to\" do this",
                        "solution": "What is burn"
                    },
                    {
                        "value": 300,
                        "clue": "It was like coriander seed, white; & the taste of it was like wafers made with honey",
                        "solution": "What is manna"
                    },
                    {
                        "value": 400,
                        "clue": "Things saved from this city were the gold & silver, the iron & brass vessels & Rahab & her family",
                        "solution": "What is Jericho"
                    },
                    {
                        "value": 500,
                        "clue": "While carting this, Uzza touched it to right it after the oxen stumbled, & the Lord smote him",
                        "solution": "What is the Ark of the Covenant"
                    }
                ]
            },
            {
                "category": "WEATHER",
                "clues": [
                    {
                        "value": 100,
                        "clue": "Airplanes can trigger bolts of this when traveling through electrified clouds",
                        "solution": "What is lightning"
                    },
                    {
                        "value": 200,
                        "clue": "Air is described as supersaturated when the relative humidity is higher than this percent",
                        "solution": "What is 100%"
                    },
                    {
                        "value": 300,
                        "clue": "Tornadoes that develop over water are called these",
                        "solution": "What is waterspouts"
                    },
                    {
                        "value": 400,
                        "clue": "Season of the year when Arizona has its \"monsoons\"",
                        "solution": "What is Summer"
                    },
                    {
                        "value": 500,
                        "clue": "An increase in air temperature at higher altitudes is unusual & is called this",
                        "solution": "What is inversion"
                    }
                ]
            },
            {
                "category": "4-LETTER WORDS",
                "clues": [
                    {
                        "value": 100,
                        "clue": "This word commonly follows cuff or missing",
                        "solution": "What is link"
                    },
                    {
                        "value": 200,
                        "clue": "From the Greek word for \"deep sleep\", it's a deep, prolonged unconsciousness",
                        "solution": "What is coma"
                    },
                    {
                        "value": 300,
                        "clue": "It can be part of your foot, your shoe, your stocking or your loaf of bread",
                        "solution": "What is heel"
                    },
                    {
                        "value": 400,
                        "clue": "A roue, or his garden implement",
                        "solution": "What is rake"
                    },
                    {
                        "value": 500,
                        "clue": "A raisin can be called by this other fruit's name when it's added to a pudding or a cake",
                        "solution": "What is plum"
                    }
                ]
            },
            {
                "category": "PRESIDENTIAL ASTROLOGY",
                "clues": [
                    {
                        "value": 100,
                        "clue": "Gerald Ford was the last president born under this \"crab\"by sign",
                        "solution": "What is Cancer"
                    },
                    {
                        "value": 200,
                        "clue": "It's Jimmy Carter's sign, so don't tip his scales",
                        "solution": "What is Libra"
                    },
                    {
                        "value": 300,
                        "clue": "Appropriately, we've had 2 presidents born under this sign, Bush & Kennedy",
                        "solution": "What is Gemini"
                    },
                    {
                        "value": 400,
                        "clue": "Our last Sagittarian pres.; his last name sounds like something Sagittarius' arrows could do",
                        "solution": "What is (Franklin) Pierce"
                    },
                    {
                        "value": 500,
                        "clue": "With the exception of R. Reagan, all the presidents born under this sign died in office",
                        "solution": "What is Aquarius (W.H. Harrison, Lincoln, McKinley & FDR were the presidents who died in office)"
                    }
                ]
            }
        ],
        "double": [
            {
                "category": "SCIENCE & NATURE",
                "clues": [
                    {
                        "value": 200,
                        "clue": "The iris is a flower & the ibis is one of these",
                        "solution": "What is bird"
                    },
                    {
                        "value": 400,
                        "clue": "In a healthy mouth, this line separates the crown from the root of a tooth",
                        "solution": "What is gum line"
                    },
                    {
                        "value": 600,
                        "clue": "Every summer thousands of these animals go to the Pribilof Islands in the north Pacific to breed",
                        "solution": "What is seals"
                    },
                    {
                        "value": 800,
                        "clue": "Man-made metal 1st positively identified in 1958 & named for a Swedish inventor; it has no known use",
                        "solution": "What is Nobelium"
                    },
                    {
                        "value": 1000,
                        "clue": "Take the fibrinogen out of blood plasma & you're left with a fluid called this",
                        "solution": "What is serum"
                    }
                ]
            },
            {
                "category": "WORLD GEOGRAPHY",
                "clues": [
                    {
                        "value": 200,
                        "clue": "This country is named after the town of Oporto",
                        "solution": "What is Portugal"
                    },
                    {
                        "value": 400,
                        "clue": "The Sea of Galilee is just a broad basin of this river",
                        "solution": "What is the River Jordan"
                    },
                    {
                        "value": 600,
                        "clue": "The surface of this lake in Siberia is about 1,490 ft. above sea level, the bottom over 5,300 ft. below",
                        "solution": "What is Lake Baikal"
                    },
                    {
                        "value": 800,
                        "clue": "Papua New Guinea is just off this country's Cape York Peninsula",
                        "solution": "What is Australia"
                    },
                    {
                        "value": 1000,
                        "clue": "1 of the 2 Central American countries with only 1 sea coast",
                        "solution": "What is Belize & El Salvador"
                    }
                ]
            },
            {
                "category": "PIRATE MOVIES",
                "clues": [
                    {
                        "value": 200,
                        "clue": "In this 1935 film that made him a star, Errol Flynn was Dr. Peter Blood, a physician who turns to piracy",
                        "solution": "What is Captain Blood"
                    },
                    {
                        "value": 400,
                        "clue": "Anthony Quinn was a pirate stuck with stowaway children in the film \"A High Wind In\" this place",
                        "solution": "What is Jamaica"
                    },
                    {
                        "value": 600,
                        "clue": "Silent screen swashbuckler; his film \"The Black Pirate\" has been called \"a definitive pirate movie\"",
                        "solution": "What is Douglas Fairbanks, Sr."
                    },
                    {
                        "value": 800,
                        "clue": "Robert Newton played this pirate before Peter Ustinov played his ghost in a Disney film",
                        "solution": "What is Blackbeard"
                    },
                    {
                        "value": 1000,
                        "clue": "Ingrid Bergman's husband in \"Casablanca\", he played a pirate captain in \"Pirates Of Tripoli\"",
                        "solution": "What is Paul Henreid"
                    }
                ]
            },
            {
                "category": "AUTHORS",
                "clues": [
                    {
                        "value": 200,
                        "clue": "He wrote a non-baby book called \"Decent And Indecent: Our Personal And Political Behavior\"",
                        "solution": "What is Dr. Benjamin Spock"
                    },
                    {
                        "value": 400,
                        "clue": "This author's home where he wrote \"To Have And Have Not\" is now a nat'l landmark in Key West, Fla.",
                        "solution": "What is Ernest Hemingway"
                    },
                    {
                        "value": 600,
                        "clue": "Oscar Wilde's only novel",
                        "solution": "What is The Picture of Dorian Gray"
                    },
                    {
                        "value": 800,
                        "clue": "An eye ailment contracted at Eton School ended his plans to study biology, like his brother Julian",
                        "solution": "What is Aldous Huxley"
                    },
                    {
                        "value": 1000,
                        "clue": "A member of the Algonquin Round Table, this petite brunette wrote a story called \"Big Blonde\"",
                        "solution": "What is Dorothy Parker"
                    }
                ]
            },
            {
                "category": "AMERICAN HISTORY",
                "clues": [
                    {
                        "value": 200,
                        "clue": "It became a U.S. territory in 1900 & a state 59 years later",
                        "solution": "What is Hawaii"
                    },
                    {
                        "value": 400,
                        "clue": "Susan B. Anthony was arrested in 1872 for doing this",
                        "solution": "What is Voting"
                    },
                    {
                        "value": 600,
                        "clue": "In 1949 Henry H. Arnold became the first general of this branch of the armed forces",
                        "solution": "What is Air Force"
                    },
                    {
                        "value": 800,
                        "clue": "In April 1984 this U.S. government agency admitted its role in the mining of Nicaraguan harbors",
                        "solution": "What is CIA"
                    },
                    {
                        "value": 1000,
                        "clue": "John Hancock held this political position from 1780-85 & from 1787-93",
                        "solution": "What is Governor of Massachusetts"
                    }
                ]
            },
            {
                "category": "WINE",
                "clues": [
                    {
                        "value": 200,
                        "clue": "Malaga is a sweet dessert wine that originated in this country",
                        "solution": "What is Spain"
                    },
                    {
                        "value": 400,
                        "clue": "On wine labels, this word which means \"estate\" precedes Lafite & Mouton-Rothschild",
                        "solution": "What is chateau"
                    },
                    {
                        "value": 600,
                        "clue": "\"Anatomical\" term for a wine's bouquet",
                        "solution": "What is nose"
                    },
                    {
                        "value": 800,
                        "clue": "The term for pouring wine into another container before serving; it helps clear it of sediments",
                        "solution": "What is decanting"
                    },
                    {
                        "value": 1000,
                        "clue": "The famous Moselle wines come from this country",
                        "solution": "What is Germany"
                    }
                ]
            }
        ],
        "final": {
            "category": "CABLE TELEVISION",
            "clue": "The name of this channel can be traced back to a movie theater that opened in 1905 in McKeesport, Pa.",
            "solution": "What is Nickelodeon"
        }
    }
}