{
    "game": {
        "single": [
            {
                "category": "THE FIRST WINNER",
                "clues": [
                    {
                        "value": 200,
                        "clue": "In 1930 this competition kicked off as Uruguay triumphed 4-2 over Argentina",
                        "solution": "What is the World Cup"
                    },
                    {
                        "value": 400,
                        "clue": "Fielding \"Hurry Up\" Yost coached Michigan to a 49-0 win over Stanford in the first of these games in 1902",
                        "solution": "What is the Rose Bowl"
                    },
                    {
                        "value": 600,
                        "clue": "In 1903 Maurice Garin was its first winner in 94 hours, 33 minutes, 14 seconds",
                        "solution": "What is the Tour de France"
                    },
                    {
                        "value": 800,
                        "clue": "J.J. McDermott barely broke 3 hours getting from Ashland to the Back Bay as its first winner in 1897",
                        "solution": "What is the Boston Marathon"
                    },
                    {
                        "value": 1000,
                        "clue": "On May 17, 1875 Aristides took it in 2 minutes, 37 seconds",
                        "solution": "What is the Kentucky Derby"
                    }
                ]
            },
            {
                "category": "WORLD FULL OF IDIOMS",
                "clues": [
                    {
                        "value": 200,
                        "clue": "As the mariachis play in Mexico, you might hear \"wiggle your bucket\", commanding you to do this",
                        "solution": "What is dance"
                    },
                    {
                        "value": 400,
                        "clue": "In a Chinese idiom to \"emit smoke from seven orifices\" is to be in this emotional state",
                        "solution": "What is angry"
                    },
                    {
                        "value": 600,
                        "clue": "Meaning \"wasted effort\", a Thai idiom is \"riding\" one of these South Asian beasts \"to catch a grasshopper\"",
                        "solution": "What is an elephant"
                    },
                    {
                        "value": 800,
                        "clue": "To be served this pungent condiment \"after lunch\" is the Polish way of saying it's too late, what's happened has happened",
                        "solution": "What is mustard"
                    },
                    {
                        "value": 1000,
                        "clue": "The Portuguese equivalent of this colorful proverb is \"your neighbor's chicken is always fatter\"",
                        "solution": "What is the grass is always greener"
                    }
                ]
            },
            {
                "category": "BIBLICAL PAINTINGS",
                "clues": [
                    {
                        "value": 200,
                        "clue": "Rembrandt showed a world of violence in \"The Blinding of\" this Biblical strongman",
                        "solution": "What is Samson"
                    },
                    {
                        "value": 400,
                        "clue": "(Jimmy of the Clue Crew shows \"The Last Supper\" on the monitor.) Bad-luck omens can be seen in Leonardo's \"Last Supper\"—not only are there 13 people present, but this apostle has spilled salt",
                        "solution": "What is Judas"
                    },
                    {
                        "value": 600,
                        "clue": "Marc Chagall depicted this Biblical king playing the harp (which might have really been a lyre)",
                        "solution": "What is David"
                    },
                    {
                        "value": 800,
                        "clue": "Around 1600 Tobias Verhaecht created a 6 1/2-foot-tall painting of this structure built in Genesis",
                        "solution": "What is the Tower of Babel"
                    },
                    {
                        "value": 1000,
                        "clue": "In a painting by Hieronymus Bosch, the crowd demands Jesus' crucifixion while this Roman prefect says, \"Ecce homo\"",
                        "solution": "What is Pontius Pilate"
                    }
                ]
            },
            {
                "category": "NAME IN COMMON",
                "clues": [
                    {
                        "value": 200,
                        "clue": "A national anthem writer & an area on a basketball court",
                        "solution": "What is Key"
                    },
                    {
                        "value": 400,
                        "clue": "A Bach concerto & a Berlin gate",
                        "solution": "What is Brandenburg"
                    },
                    {
                        "value": 600,
                        "clue": "A presidential birthplace in Arkansas & a really big diamond",
                        "solution": "What is Hope"
                    },
                    {
                        "value": 800,
                        "clue": "A London palace & a New York kennel club",
                        "solution": "What is Westminster"
                    },
                    {
                        "value": 1000,
                        "clue": "Leander's girlfriend & a very large type of sandwich",
                        "solution": "What is Hero"
                    }
                ]
            },
            {
                "category": "INSIDE THE COUNTRY",
                "clues": [
                    {
                        "value": 200,
                        "clue": "We're \"glad\" its capital is Dhaka",
                        "solution": "What is Bangladesh"
                    },
                    {
                        "value": 400,
                        "clue": "We rate the roads in this European principality a \"ten\"",
                        "solution": "What is Liechtenstein"
                    },
                    {
                        "value": 600,
                        "clue": "Let's \"run\" inside this sultanate on Borneo",
                        "solution": "What is Brunei"
                    },
                    {
                        "value": 800,
                        "clue": "In this country you can \"don\" its batik cloth",
                        "solution": "What is Indonesia"
                    },
                    {
                        "value": 1000,
                        "clue": "Let's rent a \"car\" to drive over Honduras' southern border into this country",
                        "solution": "What is Nicaragua"
                    }
                ]
            },
            {
                "category": "APRIL FOOLERY",
                "clues": [
                    {
                        "value": 200,
                        "clue": "Alexander Pope noted that \"fools rush in where\" these supposedly wiser entities \"fear to tread\"",
                        "solution": "What is angels"
                    },
                    {
                        "value": 400,
                        "clue": "A \"fool's\" one of these refers to a quest that has no chance of success",
                        "solution": "What is errand"
                    },
                    {
                        "value": 600,
                        "clue": "This Bible book has many fool maxims, such as \"a fool uttereth all his mind; but a wise man keepeth it in till afterwards\"",
                        "solution": "What is Proverbs"
                    },
                    {
                        "value": 800,
                        "clue": "One of 78, the Fool in one of these is sometimes seen with a dog at his feet, seemingly trying to warn him not to walk off a cliff",
                        "solution": "What is tarot card deck"
                    },
                    {
                        "value": 1000,
                        "clue": "This company has been \"helping the world invest better since 1993\"",
                        "solution": "What is The Motley Fool"
                    }
                ]
            }
        ],
        "double": [
            {
                "category": "ITALIAN, STRESSING",
                "clues": [
                    {
                        "value": 400,
                        "clue": "Pope Julius II raised the roof & forced Michelangelo to work on this from 1508 to its completion in 1512",
                        "solution": "What is the Sistine Chapel"
                    },
                    {
                        "value": 800,
                        "clue": "This opera legend was known for pre-concert jitters, but once he got out there, he seemed fine",
                        "solution": "What is Pavarotti"
                    },
                    {
                        "value": 1200,
                        "clue": "This physicist had a Jewish wife, Laura; when Fascist Italy adopted policies of Nazi Germany, it was time to leave",
                        "solution": "What is (Enrico) Fermi"
                    },
                    {
                        "value": 1600,
                        "clue": "Facing charges of corruption in 1994, this billionaire resigned his world leadership post, but he'd be back",
                        "solution": "What is Berlusconi"
                    },
                    {
                        "value": 2000,
                        "clue": "This emperor relieved his stress over senators by executing 'em, but got a \"little boot\" out of office in 41 A.D.",
                        "solution": "What is Caligula"
                    }
                ]
            },
            {
                "category": "POP CULTURE PAIRS",
                "clues": [
                    {
                        "value": 400,
                        "clue": "He met Jordan Peele around 2002 at Second City in Chicago",
                        "solution": "What is Key"
                    },
                    {
                        "value": 800,
                        "clue": "He met John Oates in 1967 when both were students at Temple University",
                        "solution": "What is (Daryl) Hall"
                    },
                    {
                        "value": 1200,
                        "clue": "Last names Moore & Prater, this duo gave us the classic song \"Soul Man\"",
                        "solution": "What is Sam and Dave"
                    },
                    {
                        "value": 1600,
                        "clue": "This comic strip pair sounds like they would be very direct & sincere",
                        "solution": "What is Frank and Ernest"
                    },
                    {
                        "value": 2000,
                        "clue": "\"Shaun of the Dead\" & \"Hot Fuzz\" are two collaborations by the British pair Nick Frost & him",
                        "solution": "What is Simon Pegg"
                    }
                ]
            },
            {
                "category": "ON PINS & NEEDLES",
                "clues": [
                    {
                        "value": 400,
                        "clue": "It's safe to say that when sewing, wear this small metal cap on your middle finger to push the needle through",
                        "solution": "What is a thimble"
                    },
                    {
                        "value": 800,
                        "clue": "A guard covers the point of this pin, bent back on itself to form a spring... get the point? Actually, no, & that's the point!",
                        "solution": "What is a safety pin"
                    },
                    {
                        "value": 1200,
                        "clue": "It's the 6-letter term for the \"needle\" that follows the groove in a vinyl record",
                        "solution": "What is the stylus"
                    },
                    {
                        "value": 1600,
                        "clue": "Adam Levine might know that 1204RL, with a 35mm diameter, is a common needle for this process",
                        "solution": "What is tattooing"
                    },
                    {
                        "value": 2000,
                        "clue": "It's a near-cylindrical bowling pin that can be set up on either end, & yeah, folks sure can get lit while playing",
                        "solution": "What is a candlepin"
                    }
                ]
            },
            {
                "category": "ONE-ACT PLAYS",
                "clues": [
                    {
                        "value": 400,
                        "clue": "\"I ask the head of Jokanaan in a silver charger\", says this title dancer in an Oscar Wilde one-act",
                        "solution": "What is Salome"
                    },
                    {
                        "value": 800,
                        "clue": "This Irish playwright wrote \"Endgame\" in French as \"Fin de Partie\"",
                        "solution": "What is (Samuel) Beckett"
                    },
                    {
                        "value": 1200,
                        "clue": "This Strindberg play was published in Swedish as \"Froken Julie\"",
                        "solution": "What is Miss Julie"
                    },
                    {
                        "value": 1600,
                        "clue": "Conversations devolve into babbling in Ionesco's \"The Bald Soprano\", a prime example of the theatre of this",
                        "solution": "What is the absurd"
                    },
                    {
                        "value": 2000,
                        "clue": "\"I've been to the zoo\", says Jerry in this play by Edward Albee",
                        "solution": "What is Zoo Story"
                    }
                ]
            },
            {
                "category": "LET'S GO TO THE WILDLIFE REFUGE",
                "clues": [
                    {
                        "value": 400,
                        "clue": "Oregon's Finley Wildlife Refuge was created for these honking birds that come down from Alaska & Canada every fall",
                        "solution": "What is Canada geese"
                    },
                    {
                        "value": 800,
                        "clue": "More than 5,000 of these big deer spend winters at the Wyoming national refuge named for them",
                        "solution": "What is elk"
                    },
                    {
                        "value": 1200,
                        "clue": "Thousands of acres in Virginia's James River Refuge are covered by the loblolly species of this type of evergreen tree",
                        "solution": "What is a pine"
                    },
                    {
                        "value": 1600,
                        "clue": "Crocodile Lake Refuge in Florida has crocodiles but also the less threatening Schaus' swallowtail this",
                        "solution": "What is butterfly"
                    },
                    {
                        "value": 2000,
                        "clue": "New York's Seatuck Refuge is home to these birds of prey also known as fish eagles",
                        "solution": "What is osprey"
                    }
                ]
            },
            {
                "category": "ONOMATOPOETIC WORDS",
                "clues": [
                    {
                        "value": 400,
                        "clue": "Pigeon pen",
                        "solution": "What is a coop"
                    },
                    {
                        "value": 800,
                        "clue": "A witch's brew",
                        "solution": "What is potion"
                    },
                    {
                        "value": 1200,
                        "clue": "There's no knocking this gasoline rating number",
                        "solution": "What is octane"
                    },
                    {
                        "value": 1600,
                        "clue": "The back of the neck",
                        "solution": "What is nape"
                    },
                    {
                        "value": 2000,
                        "clue": "Cook apples in sugar until tender to make this crustless dessert served in a glass dish",
                        "solution": "What is compote"
                    }
                ]
            }
        ],
        "final": {
            "category": "STAMPS",
            "clue": "Living people are rarely seen on a stamp, but in July 1945 the USPS issued one depicting this military event",
            "solution": "What is raising the flag on Iwo Jima"
        }
    }
}