{
    "game": {
        "single": [
            {
                "category": "WORLD CAPITALS",
                "clues": [
                    {
                        "value": 200,
                        "clue": "The story of Hans Brinker is set in & around this capital",
                        "solution": "What is Amsterdam"
                    },
                    {
                        "value": 400,
                        "clue": "The Nobel Peace Prize is the only one of the Nobel Prizes that's awarded in this capital",
                        "solution": "What is Oslo"
                    },
                    {
                        "value": 800,
                        "clue": "It was the birthplace of Samuel Goldwyn & Marie Curie",
                        "solution": "What is Warsaw"
                    },
                    {
                        "value": 1000,
                        "clue": "(Cheryl gives the clue from Washington, D.C.) The Georgetown section of Washington, D.C., was named for this ruler in 1751",
                        "solution": "What is George II"
                    }
                ]
            },
            {
                "category": "FOOD & DRINK",
                "clues": [
                    {
                        "value": 200,
                        "clue": "Dad's, Barq's & Hires are famous brands of this",
                        "solution": "What is root beer"
                    },
                    {
                        "value": 400,
                        "clue": "In the Mexican dish huevos rancheros, huevos are these",
                        "solution": "What is eggs"
                    },
                    {
                        "value": 600,
                        "clue": "Holy guacamole! Hass & fuerte are varieties of these",
                        "solution": "What is avocados"
                    },
                    {
                        "value": 800,
                        "clue": "It's the noisy name for crunchy pieces of pork or poultry fat, after it's been rendered",
                        "solution": "What is cracklings"
                    },
                    {
                        "value": 1000,
                        "clue": "This \"colorful\" coffee from Jamaica often sells for over $25 a pound",
                        "solution": "What is Blue Mountain Coffee"
                    }
                ]
            },
            {
                "category": "FOOTBALL",
                "clues": [
                    {
                        "value": 200,
                        "clue": "This \"warning\" is reached close to halftime & again near the end of the game",
                        "solution": "What is the two-minute warning"
                    },
                    {
                        "value": 400,
                        "clue": "Nicknamed Bubba, this defensive tackle was the first player selected in the 1967 draft",
                        "solution": "What is Bubba Smith"
                    },
                    {
                        "value": 600,
                        "clue": "First used in 1966, this green synthetic playing surface has been widely used in sports stadiums",
                        "solution": "What is Astroturf"
                    },
                    {
                        "value": 800,
                        "clue": "This NFL bowl game was played for the first time Jan. 14, 1951 in Los Angeles",
                        "solution": "What is the Pro Bowl"
                    },
                    {
                        "value": 1000,
                        "clue": "Leading the Redskins in 1988, he became the first black quarterback to win the Super Bowl",
                        "solution": "What is Doug Williams"
                    }
                ]
            },
            {
                "category": "TCHOTCHKES",
                "clues": [
                    {
                        "value": 200,
                        "clue": "Wicks 'n' Sticks is the nation's largest specialty retailer of these decorative items",
                        "solution": "What is candles"
                    },
                    {
                        "value": 400,
                        "clue": "You can get this receptacle, for mixing martini ingredients together, in sterling silver",
                        "solution": "What is a shaker"
                    },
                    {
                        "value": 600,
                        "clue": "(Sofia has the clue.) At the Paris Universal Expo, way back in 1878, it's believed this item first appeared",
                        "solution": "What is a snowglobe"
                    },
                    {
                        "value": 800,
                        "clue": "A pen holder and other knickknacks on a white-collar workspace, or a Tracy-Hepburn film",
                        "solution": "What is desk set"
                    }
                ]
            },
            {
                "category": "RUSSIAN LITERATURE",
                "clues": [
                    {
                        "value": 200,
                        "clue": "The last words spoken in this novel are \"Hurrah for Karamazov!\"",
                        "solution": "What is The Brothers Karamazov"
                    },
                    {
                        "value": 400,
                        "clue": "In this last Chekov play, the character Trofimov says, \"All Russia is our orchard\"",
                        "solution": "What is The Cherry Orchard"
                    },
                    {
                        "value": 600,
                        "clue": "This 1957 Pasternak novel was finally published in the USSR in 1987",
                        "solution": "What is Doctor Zhivago"
                    },
                    {
                        "value": 800,
                        "clue": "His 1863 novel \"The Cossacks\" grew out of his service in the Russian Army in the Caucasus",
                        "solution": "What is Tolstoy"
                    },
                    {
                        "value": 1000,
                        "clue": "He was expelled from the Soviet Writer's Union in 1969; in 1970 he won the Nobel Prize for Literature",
                        "solution": "What is Solzhenitsyn"
                    }
                ]
            },
            {
                "category": "WEST WORDS",
                "clues": [
                    {
                        "value": 200,
                        "clue": "In a 1939 film Margaret Hamilton played this role in Technicolor",
                        "solution": "What is the Wicked Witch of the West"
                    },
                    {
                        "value": 400,
                        "clue": "Hamlet's only mad when the wind is in this direction, also in the title of a Hitchcock film",
                        "solution": "What is north by northwest"
                    },
                    {
                        "value": 600,
                        "clue": "Since William the Conqueror in 1066, English monarchs have been crowned in this London landmark",
                        "solution": "What is Westminster Abbey"
                    },
                    {
                        "value": 800,
                        "clue": "In a nursery rhyme \"One flew east, one flew west, one\" did this",
                        "solution": "What is one flew over the cuckoo's nest"
                    },
                    {
                        "value": 1000,
                        "clue": "4-word piece of advice that precedes \"and grow up with the country\"",
                        "solution": "What is Go west, young man"
                    }
                ]
            }
        ],
        "double": [
            {
                "category": "SPINAL TAP",
                "clues": [
                    {
                        "value": 400,
                        "clue": "Completes the playground rhyme \"Step on a line, break your mother's spine; step on a crack...\"",
                        "solution": "What is break your mother's back"
                    },
                    {
                        "value": 800,
                        "clue": "The true ones of these bones attach to the breastbone in the front and the spine in the rear",
                        "solution": "What is ribs"
                    },
                    {
                        "value": 1200,
                        "clue": "It's the term for just one of the bones in your spinal column",
                        "solution": "What is a vertebra"
                    },
                    {
                        "value": 1600,
                        "clue": "To facilitate childbirth, this bony cavity, formed in part by the lower spine, is wider in women than in men",
                        "solution": "What is the pelvis"
                    },
                    {
                        "value": 2000,
                        "clue": "A spinal tap is also known as a \"puncture\" of this region",
                        "solution": "What is the lumbar"
                    }
                ]
            },
            {
                "category": "STONEHENGE",
                "clues": [
                    {
                        "value": 400,
                        "clue": "According to legend, this advisor to Arthur used his magic to move the stones from Ireland to England",
                        "solution": "What is Merlin"
                    },
                    {
                        "value": 800,
                        "clue": "In the 17th Century John Aubrey wrongly opined that Stonehenge had been built by these Celtic priests",
                        "solution": "What is Druids"
                    },
                    {
                        "value": 1200,
                        "clue": "It's plain that this is the plain where Stonehenge is located",
                        "solution": "What is Salisbury Plain"
                    },
                    {
                        "value": 1600,
                        "clue": "The massive bluestones of Stonehenge came from the Preseli Mountains, found 137 miles away in this U.K. country",
                        "solution": "What is Wales"
                    },
                    {
                        "value": 2000,
                        "clue": "From the Latin for \"boundary\", it's the technical name for the stone crosspieces atop Stonehenge's pillars",
                        "solution": "What is lintel"
                    }
                ]
            },
            {
                "category": "TONIGHT I'M GONNA ROCK YOU TONIGHT",
                "clues": [
                    {
                        "value": 400,
                        "clue": "In the film \"This is Spinal Tap\", the band has a tough time getting to the stage during a live performance in this Ohio city",
                        "solution": "What is Cleveland"
                    },
                    {
                        "value": 800,
                        "clue": "In their prime, the concert theatrics of this band included Pete Townshend's ritual smashing of his guitar to bits",
                        "solution": "What is The Who"
                    },
                    {
                        "value": 1200,
                        "clue": "David Bowie teamed with Mick Jagger to sing \"Dancing In The Street\" at this 1985 fund-raising concert",
                        "solution": "What is Live Aid"
                    },
                    {
                        "value": 1600,
                        "clue": "This duo's shows carried on the powerful spirit of their old band, Led Zeppelin",
                        "solution": "What is Plant & Page"
                    },
                    {
                        "value": 2000,
                        "clue": "2-word oxymoronic title of the album Jerry Garcia's band recorded at the Fillmore West & the Avalon Ballroom",
                        "solution": "What is Live Dead"
                    }
                ]
            },
            {
                "category": "THIS ONE GOES TO 11",
                "clues": [
                    {
                        "value": 400,
                        "clue": "In 1997 he moved into No. 11 Downing Street with his wife",
                        "solution": "What is Tony Blair"
                    },
                    {
                        "value": 800,
                        "clue": "On July 20, 1969 the Eagle of this mission landed in the Sea of Tranquility",
                        "solution": "What is Apollo 11"
                    },
                    {
                        "value": 1200,
                        "clue": "Beginning in 1833, this general served 11 different times as the president of Mexico",
                        "solution": "What is Santa Anna"
                    },
                    {
                        "value": 1600,
                        "clue": "Constantine XI Palaeologus was the last emperor of this empire that fell in 1453",
                        "solution": "What is the Byzantine Empire"
                    },
                    {
                        "value": 2000,
                        "clue": "There was an 11-day adjustment in 1752 when this calendar was adopted in Great Britain",
                        "solution": "What is the Gregorian calendar"
                    }
                ]
            },
            {
                "category": "GIMME SOME MONEY",
                "clues": [
                    {
                        "value": 400,
                        "clue": "Chile, the Philippines & Argentina all use this common unit of currency",
                        "solution": "What is peso"
                    },
                    {
                        "value": 800,
                        "clue": "Until the Euro took over, in Paris one of these equaled 100 centimes",
                        "solution": "What is a franc"
                    },
                    {
                        "value": 1200,
                        "clue": "Hopefully not the site of any of his duels, the White House is on the back of the U.S. bill faced by this president",
                        "solution": "What is Andrew Jackson"
                    },
                    {
                        "value": 1600,
                        "clue": "Flipping coins \"heads or tails\" dates back to a coin featuring the \"head\" of this 1st century B.C. Roman dictator",
                        "solution": "What is Julius Caesar"
                    }
                ]
            },
            {
                "category": "\"HEL\" HOLE",
                "clues": [
                    {
                        "value": 400,
                        "clue": "This light nonflammable gas has the lowest boiling point of any element: -452 degrees F.",
                        "solution": "What is helium"
                    },
                    {
                        "value": 800,
                        "clue": "It's the title of a Beatles song & of a book about the Manson Family",
                        "solution": "What is \"Helter Skelter\""
                    },
                    {
                        "value": 1200,
                        "clue": "Points of interest in this city include the Uspensky Cathedral, the Ataneum Art Museum & the Jean Sibelius Monument",
                        "solution": "What is Helsinki"
                    },
                    {
                        "value": 1600,
                        "clue": "In this Clive Barker film series, Pinhead was the leader of the demonic Cenobites",
                        "solution": "What is Hellraiser"
                    },
                    {
                        "value": 2000,
                        "clue": "Possibly from the Scottish for \"idler\", it's a troublesome or rowdy child",
                        "solution": "What is a hellion"
                    }
                ]
            }
        ],
        "final": {
            "category": "HISTORIC AMERICANS",
            "clue": "On this man's death, FDR said, \"All mankind are the beneficiaries of his discoveries in... agricultural chemistry\"",
            "solution": "What is George Washington Carver"
        }
    }
}