{
    "game": {
        "single": [
            {
                "category": "ANCIENT RUMORS",
                "clues": [
                    {
                        "value": 100,
                        "clue": "Though it contradicts the meaning of \"B.C.\", it's said he was born some time before 3 B.C.",
                        "solution": "What is Jesus Christ"
                    },
                    {
                        "value": 200,
                        "clue": "He not only \"fiddled\" while Rome burned, he sang, & may have set the fire himself",
                        "solution": "What is Nero"
                    },
                    {
                        "value": 300,
                        "clue": "Etruscan women supposedly built up their dowries by practicing this \"oldest profession\"",
                        "solution": "What is prostitution"
                    },
                    {
                        "value": 400,
                        "clue": "Mithridates VI reputedly drank these daily so he'd be immune from attempts to kill him with them",
                        "solution": "What is poison"
                    },
                    {
                        "value": 500,
                        "clue": "Besides Cleopatra, his \"royal conquests\" were said to include the King of Bithynia",
                        "solution": "What is Julius Caesar"
                    }
                ]
            },
            {
                "category": "SPORTS",
                "clues": [
                    {
                        "value": 100,
                        "clue": "Sport in which you can compete in the Nordic World Championships",
                        "solution": "What is skiing"
                    },
                    {
                        "value": 200,
                        "clue": "\"Gentleman\" who was the 1st champion under Marquis of Queensbury rules",
                        "solution": "What is \"Gentleman Jim\" Corbett"
                    },
                    {
                        "value": 300,
                        "clue": "Of the Kentucky Derby, the Belmont, & the Preakness, the oldest race of the Triple Crown",
                        "solution": "What is the Belmont"
                    },
                    {
                        "value": 400,
                        "clue": "Sport in which before the game, you might get in the cage for some BP",
                        "solution": "What is baseball"
                    }
                ]
            },
            {
                "category": "U.S.A.",
                "clues": [
                    {
                        "value": 100,
                        "clue": "Total number of the heads carved on Mt. Rushmore that are wearing hats",
                        "solution": "What is zero"
                    },
                    {
                        "value": 200,
                        "clue": "Of J.C. Penney, the U.S. Coast Guard, & the L.A. Dodgers, one which doesn't ban beards",
                        "solution": "What is J.C. Penney"
                    },
                    {
                        "value": 300,
                        "clue": "It's what the Motor Vehicle Manufacturers Association recommends in pamphlet titled \"Get It On\"",
                        "solution": "What is your seat belt"
                    },
                    {
                        "value": 400,
                        "clue": "100 years apart, Joseph Pulitzer & Lee Iacocca raised money for this",
                        "solution": "What is the Statue of Liberty"
                    },
                    {
                        "value": 500,
                        "clue": "In 1986, this state celebrated 150th anniversary of its admittance to the union",
                        "solution": "What is Arkansas"
                    }
                ]
            },
            {
                "category": "FILM GEOGRAPHY",
                "clues": [
                    {
                        "value": 100,
                        "clue": "\"Mr. Smith\" & \"Billy Jack\" both went there",
                        "solution": "What is Washington"
                    },
                    {
                        "value": 200,
                        "clue": "On film, this singer found \"Paradise Hawaiian Style\" & \"Fun in Acapulco\"",
                        "solution": "What is Elvis Presley"
                    },
                    {
                        "value": 300,
                        "clue": "Northern French city known in film for its \"Umbrellas\"",
                        "solution": "What is Cherbourg"
                    },
                    {
                        "value": 400,
                        "clue": "1986 hit film based on Jean Renoir's 1932 film \"Boudu Saved from Drowning\"",
                        "solution": "What is Down and Out in Beverly Hills"
                    },
                    {
                        "value": 500,
                        "clue": "In '70s films, state which preceded \"Split\" & \"Suite\"",
                        "solution": "What is California"
                    }
                ]
            },
            {
                "category": "FEMALE SINGERS",
                "clues": [
                    {
                        "value": 100,
                        "clue": "Sisters Ruth, Anita, June & once upon a time, Bonnie",
                        "solution": "What is The Pointer Sisters"
                    },
                    {
                        "value": 200,
                        "clue": "Inducting her into the Jazz Hall of Fame in 1985, they could have played \"Thanks For The Memorex\"",
                        "solution": "What is Ella Fitzgerald"
                    },
                    {
                        "value": 300,
                        "clue": "The 2 female singers in Fleetwood Mac",
                        "solution": "What is Stevie Nicks & Christine McVie"
                    },
                    {
                        "value": 400,
                        "clue": "It's Martha Davis who sings lead for this group, not the Travelodge sleepy bear",
                        "solution": "What is The Motels"
                    },
                    {
                        "value": 500,
                        "clue": "When asking this singer her name, she might respond, \"I'm Not Lisa\", I'm Mrs. Waylon Jennings",
                        "solution": "What is Jessi Colter"
                    }
                ]
            },
            {
                "category": "NUMBER PLEASE",
                "clues": [
                    {
                        "value": 100,
                        "clue": "In the U.S., the standard number of separate flavors in Neapolitan ice cream",
                        "solution": "What is 3"
                    },
                    {
                        "value": 200,
                        "clue": "Card game, gun salute, or NYC restaurant",
                        "solution": "What is 21"
                    },
                    {
                        "value": 300,
                        "clue": "Of 5, 7, or 9, the number of times Elizabeth Taylor has pledged eternal love at the altar",
                        "solution": "What is 7"
                    },
                    {
                        "value": 400,
                        "clue": "For killing his wife & kids while temporarily insane, Hercules was ordered to perform this many labors",
                        "solution": "What is 12"
                    },
                    {
                        "value": 500,
                        "clue": "The sum of the ages of Chuck Berry's \"Sweet Little\" thing & when Janis Ian \"learned the truth\"",
                        "solution": "What is 33"
                    }
                ]
            }
        ],
        "double": [
            {
                "category": "THE SOVIET UNION",
                "clues": [
                    {
                        "value": 200,
                        "clue": "The Soviet Army is colloquially called this, even though its uniforms are dark green or khaki",
                        "solution": "What is Red"
                    },
                    {
                        "value": 400,
                        "clue": "Of some 14,000, 156, or none at all, number of religious Sunday schools publicly functioning in USSR",
                        "solution": "What is none (at all, publicly functioning)"
                    },
                    {
                        "value": 600,
                        "clue": "Soviet citizens call it \"The Great Patriotic War\"",
                        "solution": "What is World War II"
                    },
                    {
                        "value": 800,
                        "clue": "There are only 30 of these per thousand people in the USSR, compared with 522 per thousand in USA",
                        "solution": "What is automobiles"
                    },
                    {
                        "value": 1000,
                        "clue": "Originally showing the czar on horseback & carrying a lance, this smallest money unit means \"lance\"",
                        "solution": "What is a kopek"
                    }
                ]
            },
            {
                "category": "FICTIONAL CHARACTERS",
                "clues": [
                    {
                        "value": 200,
                        "clue": "In the 1958 sequel, this Dr. Seuss character \"Comes Back\"",
                        "solution": "What is The Cat in the Hat"
                    },
                    {
                        "value": 400,
                        "clue": "He created the hobbits Frodo & Bilbo Baggins",
                        "solution": "What is J.R. Tolkein"
                    },
                    {
                        "value": 600,
                        "clue": "Danny Kaye played this Thurber character in a 1947 film",
                        "solution": "What is Walter Mitty"
                    },
                    {
                        "value": 800,
                        "clue": "Profession of Donald E. Westlake's John Dortmunder",
                        "solution": "What is thief"
                    },
                    {
                        "value": 1000,
                        "clue": "Character in \"David Copperfield\" who epitomizes the word \"unctuous\"",
                        "solution": "What is Uriah Heep"
                    }
                ]
            },
            {
                "category": "GAME SHOWS",
                "clues": [
                    {
                        "value": 200,
                        "clue": "Challenge which followed \"I can name it in one note\"",
                        "solution": "What is Name that tune."
                    },
                    {
                        "value": 400,
                        "clue": "Of Winter, Fall, Summer, or Spring, one you'd find introducing contestants on \"Sale of the Century\"",
                        "solution": "What is Summer Bartholomew"
                    },
                    {
                        "value": 600,
                        "clue": "1974-1977 game show whose theme began with a racetrack's call-to-post fanfare",
                        "solution": "What is Celebrity Sweepstakes"
                    }
                ]
            },
            {
                "category": "HAIL TO THE CHIEF",
                "clues": [
                    {
                        "value": 200,
                        "clue": "Texan who said, \"For the 1st time in our history it is possible to conquer poverty\"",
                        "solution": "What is Lyndon Baines Johnson"
                    },
                    {
                        "value": 400,
                        "clue": "He complained that while 1 \"d\" was enough to spell God, it took 2 \"d's\" for Todd",
                        "solution": "What is Abraham Lincoln"
                    },
                    {
                        "value": 600,
                        "clue": "He changed the name of the presidential retreat from \"Shangri-La\" to \"Camp David\"",
                        "solution": "What is President Dwight Eisenhower"
                    },
                    {
                        "value": 800,
                        "clue": "During Prohibition, this president patronized a bootlegger to keep the White House stocked",
                        "solution": "What is Warren Harding"
                    },
                    {
                        "value": 1000,
                        "clue": "Asked what a minister had said in a sermon on sin, this man replied, \"He said he was against it\"",
                        "solution": "What is Calvin Coolidge"
                    }
                ]
            },
            {
                "category": "PREACHERS",
                "clues": [
                    {
                        "value": 200,
                        "clue": "Jean Simmons played preacher Sharon Falconer in '60 film version of this Sinclair Lewis novel",
                        "solution": "What is Elmer Gantry"
                    },
                    {
                        "value": 400,
                        "clue": "Taking Sputnik passing overhead as a sign from heaven to give up rock 'n' roll, he joined the ministry",
                        "solution": "What is Little Richard"
                    },
                    {
                        "value": 600,
                        "clue": "2 preachers seeking a major party nomination for president in 1988",
                        "solution": "What is Jesse Jackson & Pat Robertson"
                    },
                    {
                        "value": 800,
                        "clue": "Foremost Catholic TV religious broadcaster today is this nun from Alabama",
                        "solution": "What is Mother Angelica"
                    },
                    {
                        "value": 1000,
                        "clue": "Author of the book subtitled \"A Practical Guide to Mastering the Problems of Everyday Living\"",
                        "solution": "What is Norman Vincent Peale"
                    }
                ]
            },
            {
                "category": "DOUBLE DOUBLE LETTERS",
                "clues": [
                    {
                        "value": 200,
                        "clue": "Some buzz, some sound the Westminster Chimes, while some are just \"ding dong\"s",
                        "solution": "What is doorbells"
                    },
                    {
                        "value": 400,
                        "clue": "Forms of this include \"Your Holiness\", the Right Honorable the Earl of\", & \"To Whom It May Concern\"",
                        "solution": "What is addresses"
                    },
                    {
                        "value": 600,
                        "clue": "In song, destination of the train \"on Track 29\"",
                        "solution": "What is Chattanooga"
                    },
                    {
                        "value": 800,
                        "clue": "People marked by eccentric behavior or thinking, or the 1, 3, 5, 7, etc. on a pool table",
                        "solution": "What is oddballs"
                    }
                ]
            }
        ],
        "final": {
            "category": "MEDICINE",
            "clue": "Condition whose name is Latin for \"waterfall\", because it's like looking through one",
            "solution": "What is a cataract"
        }
    }
}