{
    "game": {
        "single": [
            {
                "category": "MAN IN SPACE",
                "clues": [
                    {
                        "value": 100,
                        "clue": "This country called the 1st satellite it launched on its own the \"Rising Sun I\"",
                        "solution": "What is Japan"
                    },
                    {
                        "value": 200,
                        "clue": "Type of animal that went up with Sputnik 2",
                        "solution": "What is a dog"
                    },
                    {
                        "value": 300,
                        "clue": "Patriotic name shared by the Apollo 11 command module & a Space Shuttle orbiter",
                        "solution": "What is Columbia"
                    },
                    {
                        "value": 400,
                        "clue": "Term for the push given to a rocket by its engines",
                        "solution": "What is thrust"
                    },
                    {
                        "value": 500,
                        "clue": "The space centers in Cape Canaveral & Houston are named after these 2 people",
                        "solution": "What is Presidents Kennedy and Johnson"
                    }
                ]
            },
            {
                "category": "WOMEN IN HISTORY",
                "clues": [
                    {
                        "value": 100,
                        "clue": "Guinness says the 1st woman to set foot on this continent was Karoline Mikkelsen in 1935",
                        "solution": "What is Antarctica"
                    },
                    {
                        "value": 200,
                        "clue": "Of a day, a month or a year, length of Hitler's marriage to Eva Braun",
                        "solution": "What is a day"
                    },
                    {
                        "value": 300,
                        "clue": "Sociologist Frances Perkins, appointed labor secretary in 1933",
                        "solution": "What is first woman in the cabinet"
                    },
                    {
                        "value": 400,
                        "clue": "Ironically, her husband John Rolfe was probably killed in an Indian massacre in 1622",
                        "solution": "What is Pocahontas"
                    },
                    {
                        "value": 500,
                        "clue": "The 2nd of Henry VIII's wives to be beheaded, it's said her ghost is seen at Hampton Court Palace",
                        "solution": "What is Catherine Howard"
                    }
                ]
            },
            {
                "category": "CARTOONS",
                "clues": [
                    {
                        "value": 100,
                        "clue": "His dog McBarker is nearsighted too",
                        "solution": "What is Mr. Magoo"
                    },
                    {
                        "value": 200,
                        "clue": "Spy team that followed but feared Fearless Leader",
                        "solution": "What is Natasha Fatale and Boris Badenov"
                    },
                    {
                        "value": 300,
                        "clue": "Show whose theme asked \"How much is that gorilla in the window?\"",
                        "solution": "What is Magilla Gorilla"
                    }
                ]
            },
            {
                "category": "AUSTRALIA",
                "clues": [
                    {
                        "value": 100,
                        "clue": "Reportedly, 2/3 of the 330.000 Australians who served in this 20th C. war wounded or killed",
                        "solution": "What is World War I"
                    },
                    {
                        "value": 200,
                        "clue": "It's what the \"diggers\" were digging for in the 1850s",
                        "solution": "What is gold"
                    },
                    {
                        "value": 300,
                        "clue": "Person next in line to be monarch of Australia",
                        "solution": "What is Prince Charles"
                    },
                    {
                        "value": 400,
                        "clue": "1 of the 2 game shows produced by Aussie Reg Grundy for U.S. networks",
                        "solution": "What is Sale of the Century and Scrabble"
                    },
                    {
                        "value": 500,
                        "clue": "While Europeans brought cats, sheep and rabbits to the continent, aborigines brought only this carnivore",
                        "solution": "What is wild dogs"
                    }
                ]
            },
            {
                "category": "IN OTHER WORDS...",
                "clues": [
                    {
                        "value": 100,
                        "clue": "Bonded together you & I are upright, apart you & I collapse",
                        "solution": "What is united we stand, divided we fall"
                    },
                    {
                        "value": 200,
                        "clue": "The 4th month's precipitations elicit the 5th month's blooms",
                        "solution": "What is April showers bring May flowers"
                    },
                    {
                        "value": 300,
                        "clue": "At no time gaze at one freely proffered palomino's pearlies",
                        "solution": "What is Never look a gift horse in the mouth"
                    },
                    {
                        "value": 400,
                        "clue": "A singular despicable Delicious defiles an entire oak caskful",
                        "solution": "What is One bad apple spoils the barrel"
                    },
                    {
                        "value": 500,
                        "clue": "Succeed as one plumbous blimp",
                        "solution": "What is go over like a lead balloon"
                    }
                ]
            },
            {
                "category": "HIPS",
                "clues": [
                    {
                        "value": 100,
                        "clue": "In the cheer, words which usually precede \"hurrah\"",
                        "solution": "What is Hip, hip"
                    },
                    {
                        "value": 200,
                        "clue": "The time, 1967; the district, Haight-Ashbury; the people, known as this",
                        "solution": "What is hippies"
                    },
                    {
                        "value": 300,
                        "clue": "The fleshy seed receptacle of this flower is called a hip",
                        "solution": "What is a rose"
                    },
                    {
                        "value": 400,
                        "clue": "In the word hippopotamus, \"Hippo\" doesn't make fun of its girth, but means this",
                        "solution": "What is horse"
                    },
                    {
                        "value": 500,
                        "clue": "Football infraction signaled when the official puts hands to hips",
                        "solution": "What is offsides"
                    }
                ]
            }
        ],
        "double": [
            {
                "category": "SCIENCE",
                "clues": [
                    {
                        "value": 200,
                        "clue": "From Latin \"vacca\" or cow, Jenner's method of inoculating using cow pox was called this",
                        "solution": "What is vaccination"
                    },
                    {
                        "value": 400,
                        "clue": "It is the point on which a lever turns",
                        "solution": "What is fulcrum"
                    },
                    {
                        "value": 600,
                        "clue": "In 1834, Christian Thomsen divided early human history into these 3 ages",
                        "solution": "What is Stone, Bronze, and Iron"
                    },
                    {
                        "value": 800,
                        "clue": "The term \"positron\" was coined by combining these 2 words",
                        "solution": "What is positive and electron"
                    },
                    {
                        "value": 1000,
                        "clue": "The lithosphere & this together form the earth's surface",
                        "solution": "What is hydrosphere"
                    }
                ]
            },
            {
                "category": "RELIGION",
                "clues": [
                    {
                        "value": 200,
                        "clue": "Christian church that's world's largest single denomination, with 1/8 of humanity as members",
                        "solution": "What is Catholic"
                    },
                    {
                        "value": 400,
                        "clue": "Synagogues are usually oriented so that the worshipers face in direction of this city",
                        "solution": "What is Jerusalem"
                    },
                    {
                        "value": 600,
                        "clue": "In 1961. the Universalist church, which believes in the salvation of everyone, merged with this church",
                        "solution": "What is Unitarians"
                    },
                    {
                        "value": 800,
                        "clue": "Oldest sacred writings of any major religion, the Vedas, belong to this one",
                        "solution": "What is Hindus"
                    },
                    {
                        "value": 1000,
                        "clue": "Preacher whose term for accepting grace at revival meetings was \"hit the sawdust trail'",
                        "solution": "What is Billy Sunday"
                    }
                ]
            },
            {
                "category": "MUSICAL ANATOMY",
                "clues": [
                    {
                        "value": 200,
                        "clue": "\"Lend me\" these \"and I'll sing you a song & I'll try not to sing out of key\"",
                        "solution": "What is your ears"
                    },
                    {
                        "value": 400,
                        "clue": "It's where Carole King felt \"the earth move\"",
                        "solution": "What is under her feet"
                    },
                    {
                        "value": 600,
                        "clue": "In 1958 hit, Elvis asked, \"won't you wear my ring\" there",
                        "solution": "What is your neck"
                    },
                    {
                        "value": 800,
                        "clue": "Human organ mentioned in Sonny & Cher's \"The Beat Goes On\"",
                        "solution": "What is the brain"
                    },
                    {
                        "value": 1000,
                        "clue": "In a #1 hit, Pat Boone said, \"let me kiss you please, baby, please, 'cause it's cold &\" this might happen",
                        "solution": "What is your lips might freeze"
                    }
                ]
            },
            {
                "category": "BUSINESS TRIVIA",
                "clues": [
                    {
                        "value": 200,
                        "clue": "Castle & Cooke primarily peddles its pineapples under this brand name",
                        "solution": "What is Dole"
                    },
                    {
                        "value": 600,
                        "clue": "The Bell company acquired control of this firm in 1881 to have a source for standardized equipment",
                        "solution": "What is Western Electric"
                    },
                    {
                        "value": 800,
                        "clue": "The NBA has designated a product called \"Stinky Pinky\" the official one for player's shoes",
                        "solution": "What is deodorizer"
                    },
                    {
                        "value": 1000,
                        "clue": "From 31,000 suggestions, Sperry & Burroughs picked this name for their newly merged company",
                        "solution": "What is Unisys"
                    }
                ]
            },
            {
                "category": "BRITISH NOVELS",
                "clues": [
                    {
                        "value": 200,
                        "clue": "Published in 1898, this Wells novel had its biggest impact when adapted by another Welles in 1938",
                        "solution": "What is The War of the Worlds"
                    },
                    {
                        "value": 400,
                        "clue": "In just over a century after 1st publication, it's said there were 160 editions of this John Bunyan classic",
                        "solution": "What is Pilgrim's Progress"
                    },
                    {
                        "value": 600,
                        "clue": "Wilfred is the 1st name of the title character in this novel by Sir Walter Scott",
                        "solution": "What is Ivanhoe"
                    },
                    {
                        "value": 800,
                        "clue": "Revolted by his own decadence, he stabs his own picture & dies as a result",
                        "solution": "What is Dorian Gray"
                    },
                    {
                        "value": 1000,
                        "clue": "As stated in the book's title, Tom Jones started out life as one of these",
                        "solution": "What is a foundling"
                    }
                ]
            },
            {
                "category": "HOPS",
                "clues": [
                    {
                        "value": 200,
                        "clue": "An oil from dried flowers of the hop plant is used in brewing this",
                        "solution": "What is beer"
                    },
                    {
                        "value": 400,
                        "clue": "A kangaroo, a storage space, a \"Blue Velvet\" star",
                        "solution": "What is a hopper"
                    }
                ]
            }
        ],
        "final": {
            "category": "U.S. PRESIDENTS",
            "clue": "Total number of presidents who died while in office",
            "solution": "What is 8"
        }
    }
}