{
    "game": {
        "single": [
            {
                "category": "BESTSELLERS OF THE 1950s",
                "clues": [
                    {
                        "value": 200,
                        "clue": "A new \"Revised Standard Version\" of this book topped the nonfiction charts in 1954",
                        "solution": "What is The Bible"
                    },
                    {
                        "value": 400,
                        "clue": "The \"Picture Cook Book\" attributed to this fictional woman rules the list in 1950",
                        "solution": "What is Betty Crocker"
                    },
                    {
                        "value": 600,
                        "clue": "This Edna Ferber novel was a \"huge\" success when it was published in 1952",
                        "solution": "What is Giant"
                    },
                    {
                        "value": 800,
                        "clue": "The 1958 bestseller \"Kids Say the Darndest Things!\" by this man was based on a segment on his hit TV show",
                        "solution": "What is Art Linkletter"
                    },
                    {
                        "value": 1000,
                        "clue": "This work by Norman Vincent Peale had us all feeling good in 1955",
                        "solution": "What is The Power of Positive Thinking"
                    }
                ]
            },
            {
                "category": "SUPER BOWL MVPs",
                "clues": [
                    {
                        "value": 200,
                        "clue": "In 2002 & 2004, this Patriots quarterback",
                        "solution": "What is Tom Brady"
                    },
                    {
                        "value": 400,
                        "clue": "In 2000, this St. Louis QB, who later showed off his moves in season 11 of \"Dancing with the Stars\"",
                        "solution": "What is (Kurt) Warner"
                    },
                    {
                        "value": 600,
                        "clue": "In 1999, this Denver quarterback",
                        "solution": "What is Elway"
                    },
                    {
                        "value": 800,
                        "clue": "In 1992, this Cowboys quarterback",
                        "solution": "What is (Troy) Aikman"
                    },
                    {
                        "value": 1000,
                        "clue": "In 1976, this Pittsburgh Steelers non-quarterback who became an ABC sportscaster",
                        "solution": "What is Lynn Swann"
                    }
                ]
            },
            {
                "category": "TAXED BY TAXES",
                "clues": [
                    {
                        "value": 200,
                        "clue": "This country singer had to go \"On the Road Again\" after the IRS seized his ranch because he owed back taxes",
                        "solution": "What is Willie Nelson"
                    },
                    {
                        "value": 400,
                        "clue": "Before his 1931 tax evasion conviction, he joked that Uncle Sam can't collect legal taxes on illegal money",
                        "solution": "What is Al Capone"
                    },
                    {
                        "value": 600,
                        "clue": "This first \"Survivor\" winner was voted off his home & into a jail for failing to pay taxes on his winnings",
                        "solution": "What is Richard Hatch"
                    },
                    {
                        "value": 800,
                        "clue": "This \"Queen of Mean\" hotelier was jailed for tax evasion",
                        "solution": "What is Leona Helmsley"
                    },
                    {
                        "value": 1000,
                        "clue": "Dennis Kozlowski was jailed for sales tax evasion & fraud while running this conglomerate (not the Mattel toy brand)",
                        "solution": "What is Tyco"
                    }
                ]
            },
            {
                "category": "YOU SAY MYANMAR, I SAY BURMA",
                "clues": [
                    {
                        "value": 200,
                        "clue": "Until 1937, Burma was a province of this big neighboring current country",
                        "solution": "What is India"
                    },
                    {
                        "value": 400,
                        "clue": "Yangon & this are both names for Burma's longtime capital",
                        "solution": "What is Rangoon"
                    },
                    {
                        "value": 600,
                        "clue": "Nearly 90% of Burmese practice this religion",
                        "solution": "What is Buddhism"
                    },
                    {
                        "value": 800,
                        "clue": "Burma has universal suffrage, but from 1990 until Nov. 7, 2010, its govt. did not bother having these",
                        "solution": "What is elections"
                    },
                    {
                        "value": 1000,
                        "clue": "Burma has about 1,200 miles of coastline on the Andaman Sea & this big bay",
                        "solution": "What is the Bay of Bengal"
                    }
                ]
            },
            {
                "category": "TAKING STOCK",
                "clues": [
                    {
                        "value": 200,
                        "clue": "BA isn't Bank of America but this plane-making company",
                        "solution": "What is Boeing"
                    },
                    {
                        "value": 400,
                        "clue": "This low-cost Airline spread its LUV from Texas",
                        "solution": "What is South West"
                    },
                    {
                        "value": 600,
                        "clue": "This retailer, WAG, has good medicine",
                        "solution": "What is Walgreens"
                    },
                    {
                        "value": 800,
                        "clue": "A recent offering by KO, this company, was a zero— that's the name of the product",
                        "solution": "What is Coca-Cola"
                    },
                    {
                        "value": 1000,
                        "clue": "This company, DE, makes hay into stacks with tractors",
                        "solution": "What is John Deere"
                    }
                ]
            },
            {
                "category": "3 Bs, IF YOU PLEASE",
                "clues": [
                    {
                        "value": 200,
                        "clue": "The fat layer between the skin & muscles of whales",
                        "solution": "What is blubber"
                    },
                    {
                        "value": 600,
                        "clue": "Messrs. Flay, Fischer & Orr",
                        "solution": "What is Bobby"
                    },
                    {
                        "value": 800,
                        "clue": "6-letter word meaning to talk in an incoherent fashion, on & on & on...",
                        "solution": "What is babble"
                    },
                    {
                        "value": 1000,
                        "clue": "A person who hates or fears books",
                        "solution": "What is a bibliophobe"
                    }
                ]
            }
        ],
        "double": [
            {
                "category": "PRESIDENTS OF THE CONTINENTAL CONGRESS",
                "clues": [
                    {
                        "value": 400,
                        "clue": "The first president of Congress, Peyton Randolph gaveled Congress to order on September 5, 1774 in this city",
                        "solution": "What is Philadelphia"
                    },
                    {
                        "value": 800,
                        "clue": "In the war, Thomas Mifflin was this man's aide-de-camp & later accepted the resignation of his commission",
                        "solution": "What is Washington"
                    },
                    {
                        "value": 1200,
                        "clue": "This declaration signer from Massachusetts served the longest as President of Congress, 30 months",
                        "solution": "What is John Hancock"
                    },
                    {
                        "value": 1600,
                        "clue": "Later a writer of the Federalist Papers & Chief Justice, he served as President of Congress in 1778 & 1779",
                        "solution": "What is John Jay"
                    },
                    {
                        "value": 2000,
                        "clue": "In November 1781 John Hanson became the first president of Congress elected under the terms of this document",
                        "solution": "What is the Articles of Confederation"
                    }
                ]
            },
            {
                "category": "TATTOOED LADIES",
                "clues": [
                    {
                        "value": 400,
                        "clue": "This \"Tomb Raider\" & humanitarian activist has a \"Know Your Rights\" shoulder tattoo",
                        "solution": "What is Angelina Jolie"
                    },
                    {
                        "value": 800,
                        "clue": "On one shoulder, this \"Transformers\" star has a paraphrase of a \"King Lear\" line about butterflies",
                        "solution": "What is Megan Fox"
                    },
                    {
                        "value": 1200,
                        "clue": "This \"Mean Girls\" girl has a forearm tattoo that reads, \"Stars, all we ask for is our right to twinkle\"",
                        "solution": "What is Lindsay Lohan"
                    },
                    {
                        "value": 1600,
                        "clue": "This \"Heroes\" cheerleader has a torso tat that reads (in misspelled Italian), \"Live without regrets\"",
                        "solution": "What is Hayden Panettiere"
                    },
                    {
                        "value": 2000,
                        "clue": "Evan Rachel Wood has a quotation from this \"Ulalume\" luminary between her shoulder blades",
                        "solution": "What is (Edgar Allan) Poe"
                    }
                ]
            },
            {
                "category": "COIN OF THE REALM",
                "clues": [
                    {
                        "value": 400,
                        "clue": "1966: 1 yuan depicting Chiang Kai-Shek",
                        "solution": "What is Taiwan"
                    },
                    {
                        "value": 800,
                        "clue": "1971: 25 new pence depicting a barbary ape",
                        "solution": "What is Gibraltar"
                    },
                    {
                        "value": 1200,
                        "clue": "2003: 1,000 tugrik depicting Chinggis Khan",
                        "solution": "What is Mongolia"
                    },
                    {
                        "value": 1600,
                        "clue": "1964: 25 schilling depicting playwright Franz Grillparzer",
                        "solution": "What is Austria"
                    },
                    {
                        "value": 2000,
                        "clue": "1982: 1 balboa depicting Omar Torrijos",
                        "solution": "What is Panama"
                    }
                ]
            },
            {
                "category": "\"P\"s & \"Q\"s",
                "clues": [
                    {
                        "value": 400,
                        "clue": "A small commemorative tablet, perhaps for that gunk on your teeth",
                        "solution": "What is a plaque"
                    },
                    {
                        "value": 800,
                        "clue": "In 4 letters, a clever or sarcastic remark",
                        "solution": "What is a quip"
                    },
                    {
                        "value": 1200,
                        "clue": "A floor of short strips of patterned wood; Celtics star Bob Cousy was the \"Prince\" of it at Boston Garden",
                        "solution": "What is parquet"
                    },
                    {
                        "value": 1600,
                        "clue": "The type of film \"Hannibal Rising\" was",
                        "solution": "What is a prequel"
                    },
                    {
                        "value": 2000,
                        "clue": "Tart tasting",
                        "solution": "What is piquant"
                    }
                ]
            },
            {
                "category": "MILTON",
                "clues": [
                    {
                        "value": 400,
                        "clue": "Respectively the 2 places named in satan's line \"Better to reign in ___ than serve in ___\"",
                        "solution": "What is hell and heaven"
                    },
                    {
                        "value": 800,
                        "clue": "\"Let not\" this country \"forget her precedence of teaching nations how to live\"",
                        "solution": "What is \"England\""
                    },
                    {
                        "value": 1200,
                        "clue": "\"No man who knows aught, can be so stupid to deny that all men naturally were born\" in this 4-letter condition",
                        "solution": "What is \"free\""
                    },
                    {
                        "value": 1600,
                        "clue": "\"Come, and trip it, as you go, on the light ___ toe\"",
                        "solution": "What is \"fantastic\""
                    },
                    {
                        "value": 2000,
                        "clue": "\"They also serve who only ___ ___ ___\"",
                        "solution": "What is \"stand and wait\""
                    }
                ]
            },
            {
                "category": "BRADLEY",
                "clues": [
                    {
                        "value": 400,
                        "clue": "He commanded the U.S. First Army on D-Day",
                        "solution": "What is Omar Bradley"
                    },
                    {
                        "value": 800,
                        "clue": "It probably hurt for more than 60 minutes when he was wounded by shrapnel while reporting for CBS from Cambodia",
                        "solution": "What is Ed Bradley"
                    },
                    {
                        "value": 1200,
                        "clue": "During the 2000 Democratic Convention, he released his delegates & urged them to support Al Gore",
                        "solution": "What is Bill Bradley"
                    },
                    {
                        "value": 1600,
                        "clue": "In 1742, James Bradley, a pioneer in the study of light, succeeded this comet of a guy as Astronomer Royal",
                        "solution": "What is (Edmond) Halley"
                    },
                    {
                        "value": 2000,
                        "clue": "Justice Joseph Bradley's vote made this man, not Samuel Tilden, president in the disputed election of 1876",
                        "solution": "What is (Rutherford B.) Hayes"
                    }
                ]
            }
        ],
        "final": {
            "category": "LONG-RUNNING FILMS",
            "clue": "Playing in theaters since 1975, this film has had the longest continuous theatrical run in movie history",
            "solution": "What is The Rocky Horror Picture Show"
        }
    }
}