{
    "game": {
        "single": [
            {
                "category": "BUSINESS & INDUSTRY",
                "clues": [
                    {
                        "value": 100,
                        "clue": "Because this happened in 5/86, it can take you twice as long to build a house of popsicle sticks",
                        "solution": "What is they changed from two stick popsicles to the single stick popsicles"
                    },
                    {
                        "value": 200,
                        "clue": "Of 1929, 1944, or 1986, year the Dow Jones took its biggest single-day nosedive",
                        "solution": "What is 1986"
                    },
                    {
                        "value": 300,
                        "clue": "Avi Fattal & Avi Ruimi have sold over 1.5 million cardboard \"sunglasses\" for these",
                        "solution": "What is the windshield for your car"
                    }
                ]
            },
            {
                "category": "PROVERBS",
                "clues": [
                    {
                        "value": 100,
                        "clue": "The place, according to this proverb, not \"to change horses\"",
                        "solution": "What is in the middle of a stream"
                    },
                    {
                        "value": 200,
                        "clue": "It \"is fair play\"",
                        "solution": "What is turnabout"
                    },
                    {
                        "value": 300,
                        "clue": "Especially on April 1st, \"There's no fool like...\" this",
                        "solution": "What is an old fool"
                    },
                    {
                        "value": 400,
                        "clue": "Dromedarian equivalent to \"The last drop makes the cup run over\"",
                        "solution": "What is the straw that broke the camel's back"
                    },
                    {
                        "value": 500,
                        "clue": "It \"surpasses learning\" \"is the best buckler against affronts\", & \"is a virtue\"",
                        "solution": "What is patience"
                    }
                ]
            },
            {
                "category": "TV THEMES",
                "clues": [
                    {
                        "value": 100,
                        "clue": "It began \"Here's the story...\"",
                        "solution": "What is The Brady Bunch"
                    },
                    {
                        "value": 200,
                        "clue": "One of these days, Alice, you're gonna hear its theme - \"You're My Greatest Love\"",
                        "solution": "What is The Honeymooners"
                    },
                    {
                        "value": 300,
                        "clue": "In 1985 it became the 1st TV theme to top the charts since \"Welcome Back, Kotter\" in 1976",
                        "solution": "What is the Miami Vice theme"
                    },
                    {
                        "value": 400,
                        "clue": "Its theme \"Without Us\" was sung by Johnny Mathis & Deniece Williams",
                        "solution": "What is Family Ties"
                    },
                    {
                        "value": 500,
                        "clue": "In their theme, the 1st 4 adjectives describing \"The Addams Family\"",
                        "solution": "What is creepy, kooky, mysterious & spooky"
                    }
                ]
            },
            {
                "category": "ROADSIDE AMERICA",
                "clues": [
                    {
                        "value": 100,
                        "clue": "A Bennington, VT furniture store uses this 19' piece to invite visitors to \"set a spell\"",
                        "solution": "What is a ladderback chair"
                    },
                    {
                        "value": 200,
                        "clue": "In Murphy, N.C.'s Biblical Park are the largest of these, appropriately carved in stone",
                        "solution": "What is the Ten Commandments"
                    },
                    {
                        "value": 300,
                        "clue": "Until 1985, giant packs of these multi-flavored sweets were ready to \"rescue\" you along N.Y.'s Rte. 1",
                        "solution": "What is Life Savers"
                    },
                    {
                        "value": 400,
                        "clue": "Near Madison, Minn., a 25' pink & green replica of 1 of these creatures reels in the tourists",
                        "solution": "What is a fish"
                    },
                    {
                        "value": 500,
                        "clue": "Near Audubon, Iowa, you'll find world's largest statue of this farm animal, Iowa's largest money maker",
                        "solution": "What is a bull"
                    }
                ]
            },
            {
                "category": "COMPARATIVE CUISINE",
                "clues": [
                    {
                        "value": 100,
                        "clue": "Frying this in Greece is one way they do \"kota\" right",
                        "solution": "What is chicken"
                    },
                    {
                        "value": 200,
                        "clue": "In France, Maman might tell you to eat these, your \"legumes\", or you won't get dessert",
                        "solution": "What is vegetables"
                    },
                    {
                        "value": 300,
                        "clue": "At Thanksgiving a Swahili-speaking African warrior might eat turkey & this, \"namna ya tunda\" sauce",
                        "solution": "What is cranberry sauce"
                    }
                ]
            },
            {
                "category": "ENDS IN \"OO\"",
                "clues": [
                    {
                        "value": 100,
                        "clue": "Necromancy, Haitian-style",
                        "solution": "What is Voodoo"
                    },
                    {
                        "value": 200,
                        "clue": "According to Carmen Lombardo, it's the sound of a sob",
                        "solution": "What is \"boo-hoo\""
                    },
                    {
                        "value": 300,
                        "clue": "David Letterman called Major League pitcher Terry Forster a fat tub of this",
                        "solution": "What is goo"
                    },
                    {
                        "value": 400,
                        "clue": "An uproar, or a TV series with Lada Edmund Jr. in cage doing the frug",
                        "solution": "What is hullabaloo"
                    },
                    {
                        "value": 500,
                        "clue": "It means \"depart\" & the Otto Preminger film with this name did, quickly",
                        "solution": "What is skidoo"
                    }
                ]
            }
        ],
        "double": [
            {
                "category": "THE MIDDLE EAST",
                "clues": [
                    {
                        "value": 200,
                        "clue": "Strife-torn country whose territory corresponds closely to ancient Phoenicia",
                        "solution": "What is Lebanon"
                    },
                    {
                        "value": 400,
                        "clue": "The 4 novels of Lawrence Durrell's \"Quartet\" are set in this Egyptian city",
                        "solution": "What is Alexandria"
                    }
                ]
            },
            {
                "category": "HOLIDAYS",
                "clues": [
                    {
                        "value": 200,
                        "clue": "Placards in the NYC subway in March '86 urged revelers at this holiday's parade to stay sober",
                        "solution": "What is the St. Patrick's Day parade"
                    },
                    {
                        "value": 400,
                        "clue": "The military defeat of Antiochus IV, King of Syria, resulted in this Jewish holiday",
                        "solution": "What is Hanukkah"
                    },
                    {
                        "value": 600,
                        "clue": "In the Disney film, \"It's a jolly holiday\" with her",
                        "solution": "What is Mary Poppins"
                    },
                    {
                        "value": 800,
                        "clue": "More couples get married in Los Angeles civil ceremonies on this day than on any other day of the year",
                        "solution": "What is Valentine's Day"
                    },
                    {
                        "value": 1000,
                        "clue": "Charles Schulz says his favorite \"Peanuts\" TV special was for this spring observance",
                        "solution": "What is Arbor Day"
                    }
                ]
            },
            {
                "category": "MAGAZINES",
                "clues": [
                    {
                        "value": 200,
                        "clue": "The New Republic, National Geographic, and Smithsonian are among magazines published in this city",
                        "solution": "What is Washington, D.C."
                    },
                    {
                        "value": 400,
                        "clue": "Western's World, American Way, & Eastern Review",
                        "solution": "What is airline magazines"
                    },
                    {
                        "value": 600,
                        "clue": "Luckily for subscribers, a year's worth of Ellery Queen Mystery Magazine is this many issues",
                        "solution": "What is 13"
                    },
                    {
                        "value": 800,
                        "clue": "Aimed at girls between 12 & 20, it's said to be the only magazine whose name begins with an apostrophe",
                        "solution": "What is 'Teen"
                    },
                    {
                        "value": 1000,
                        "clue": "According to its title, for Bob Guccione this magazine has it \"all\"",
                        "solution": "What is Omni"
                    }
                ]
            },
            {
                "category": "THE 1870s",
                "clues": [
                    {
                        "value": 200,
                        "clue": "In 1873, these 2 cities combined their populations & names to form the capital of Hungary",
                        "solution": "What is Buda & Pest"
                    },
                    {
                        "value": 400,
                        "clue": "Since 1879, Ivory soap has been described by this advertising slogan",
                        "solution": "What is 99 44/100% pure"
                    },
                    {
                        "value": 600,
                        "clue": "Captain Matthew Webb was the first to perform this aquatic feat, in 21 hours 45 minutes in August 1875",
                        "solution": "What is swim the English Channel"
                    },
                    {
                        "value": 800,
                        "clue": "In 1870, the 15th Amendment guaranteed the right to vote regardless of race, color, or this",
                        "solution": "What is the condition of previous servitude"
                    },
                    {
                        "value": 1000,
                        "clue": "He overthrew the Mexican government in 1876 & \"became it\" from 1877 until 1911",
                        "solution": "What is Porfirio Díaz"
                    }
                ]
            },
            {
                "category": "DEADWOOD",
                "clues": [
                    {
                        "value": 200,
                        "clue": "With all performances now indoors, Ringling Bros. uses this floor covering only after animal acts",
                        "solution": "What is sawdust"
                    },
                    {
                        "value": 400,
                        "clue": "It's estimated 1/2 of Boise's particulate air pollution is from wood burned in furnaces, fireplaces and these",
                        "solution": "What is wood-burning stoves"
                    },
                    {
                        "value": 600,
                        "clue": "A deadlock in debates, or a deadlock of wood floating downstream",
                        "solution": "What is a logjam"
                    },
                    {
                        "value": 800,
                        "clue": "Partner of Willie Tyler who said he's joining Howdy Doody, Jerry Mahoney & Madame in \"We are the Wood\"",
                        "solution": "What is Lester"
                    },
                    {
                        "value": 1000,
                        "clue": "Bogart played the same role in the Broadway play, film and TV versions of this story",
                        "solution": "What is The Petrified Forest"
                    }
                ]
            }
        ],
        "final": {
            "category": "FIRST LADIES",
            "clue": "Of all the First Ladies past & present still living, she is the youngest",
            "solution": "What is Jacqueline Kennedy Onassis"
        }
    }
}