{
    "game": {
        "single": [
            {
                "category": "HOLIDAYS",
                "clues": [
                    {
                        "value": 100,
                        "clue": "Decoration Day is another name for this holiday when graves of soldiers are decorated",
                        "solution": "What is Memorial Day"
                    },
                    {
                        "value": 200,
                        "clue": "Sweden celebrates this national symbol on June 6, eight days before the U.S. celebrates its own",
                        "solution": "What is Flag Day"
                    },
                    {
                        "value": 300,
                        "clue": "National UNICEF Day coincides with this other holiday",
                        "solution": "What is Halloween"
                    },
                    {
                        "value": 400,
                        "clue": "This country observes June 10 as Malvinas Day",
                        "solution": "What is Argentina"
                    },
                    {
                        "value": 500,
                        "clue": "On Purim, the Biblical book named for this queen is read in synagogues",
                        "solution": "What is Esther"
                    }
                ]
            },
            {
                "category": "PATRIOTIC SONGS",
                "clues": [
                    {
                        "value": 100,
                        "clue": "He \"went to town, riding on a pony\"",
                        "solution": "What is Yankee Doodle"
                    },
                    {
                        "value": 200,
                        "clue": "When the South surrendered, Lincoln asked a band outside the White House to play this \"Southern\" song",
                        "solution": "What is \"Dixie\""
                    },
                    {
                        "value": 300,
                        "clue": "George M. Cohan was awarded a Congressional medal for writing this most famous song of World War I",
                        "solution": "What is \"Over There\""
                    },
                    {
                        "value": 400,
                        "clue": "In 1939 Irving Berlin had this song copyrighted in the name of boxer Gene Tunney & others to create a fund",
                        "solution": "What is \"God Bless America\""
                    },
                    {
                        "value": 500,
                        "clue": "Its fifth verse begins, \"In the beauty of the lillies Christ was born across the sea\"",
                        "solution": "What is \"The Battle Hymn Of The Republic\""
                    }
                ]
            },
            {
                "category": "CITY FOOD",
                "clues": [
                    {
                        "value": 100,
                        "clue": "Buffalo wings don't come from a bison, but from this bird (& from the city in New York)",
                        "solution": "What is chicken"
                    },
                    {
                        "value": 200,
                        "clue": "You don't have to live in Philly to spread your bagel with Philly, which is this",
                        "solution": "What is cream cheese"
                    },
                    {
                        "value": 300,
                        "clue": "It's traditional to serve this city's steamed brown bread with its world-famous baked beans",
                        "solution": "What is Boston"
                    },
                    {
                        "value": 400,
                        "clue": "(Richard Simmons reads the clue.) Bananas Foster & Oysters Rockefeller are 2 yummy dishes created in this Southern city, my birthplace",
                        "solution": "What is New Orleans"
                    },
                    {
                        "value": 500,
                        "clue": "A typical Denver sandwich contains egg cooked with bits of ham, onion & this chopped green veggie",
                        "solution": "What is green peppers"
                    }
                ]
            },
            {
                "category": "BOB HOPE",
                "clues": [
                    {
                        "value": 100,
                        "clue": "Sadly, Bob's plans to make \"Road to the Fountain of Youth\" died in 1977 with this man",
                        "solution": "What is Bing Crosby"
                    },
                    {
                        "value": 200,
                        "clue": "Bob's books include \"Confessions of a Hooker: My Lifelong Love Affair with\" this",
                        "solution": "What is golf"
                    }
                ]
            },
            {
                "category": "THE U.S.",
                "clues": [
                    {
                        "value": 100,
                        "clue": "West Quoddy Head in this state is the easternmost point in the U.S.; East Quoddy Head is in Canada",
                        "solution": "What is Maine"
                    },
                    {
                        "value": 200,
                        "clue": "Industry that gave the Illinois & Pennsylvania cities of Carbondale their names",
                        "solution": "What is coal mining"
                    },
                    {
                        "value": 300,
                        "clue": "We \"beg\" you to give us this name for the areas where you'd find Tallahassee, Florida & Amarillo, Texas",
                        "solution": "What is the Panhandle"
                    },
                    {
                        "value": 400,
                        "clue": "These highlands stretching from St. Louis to the Arkansas River are called a plateau as well as mountains",
                        "solution": "What is the Ozarks"
                    },
                    {
                        "value": 500,
                        "clue": "If Bugs Bunny had taken that proverbial left at Albuquerque, he could have followed this river",
                        "solution": "What is the Rio Grande"
                    }
                ]
            },
            {
                "category": "\"O\"",
                "clues": [
                    {
                        "value": 100,
                        "clue": "Horses can eat them whole; humans eat them after they've been cleaned, toasted, hulled & cleaned again",
                        "solution": "What is oats"
                    },
                    {
                        "value": 200,
                        "clue": "Reporter Ben Reddick is credited with coining this \"state\"ly term for Dust Bowl refugees",
                        "solution": "What is Okies"
                    },
                    {
                        "value": 400,
                        "clue": "At Renaissance faires, the aire be sweet with the strains of this clay flute of oval shape",
                        "solution": "What is an ocarina"
                    }
                ]
            }
        ],
        "double": [
            {
                "category": "FRENCH LIT",
                "clues": [
                    {
                        "value": 200,
                        "clue": "After he toiled on his first work, \"Cromwell\", friends told this \"Comedie Humane\" man to give up literature",
                        "solution": "What is Honoré de Balzac"
                    },
                    {
                        "value": 400,
                        "clue": "Sartre's \"L' Idiot de la Famille\" was a large-scale study of this \"Madame Bovary\" author",
                        "solution": "What is Gustave Flaubert"
                    },
                    {
                        "value": 600,
                        "clue": "An Algerian named Mersault is the narrator of his 1942 novel \"L' Etranger\"",
                        "solution": "What is Albert Camus"
                    },
                    {
                        "value": 800,
                        "clue": "Author-aviator who created \"Le Petit Prince\"",
                        "solution": "What is Antoine de Saint-Exupery"
                    },
                    {
                        "value": 1000,
                        "clue": "For over 100 years the publishing house he founded has been the leader in French dictionaries",
                        "solution": "What is Pierre Larousse"
                    }
                ]
            },
            {
                "category": "'70s TV",
                "clues": [
                    {
                        "value": 200,
                        "clue": "She starred in \"Shirley's World\" in 1971; must seem like a lifetime ago to her",
                        "solution": "What is Shirley MacLaine"
                    },
                    {
                        "value": 400,
                        "clue": "This brother & sister's variety show ran from 1976 to 1979; their talk show debuted in 1998",
                        "solution": "What is Donny & Marie Osmond"
                    },
                    {
                        "value": 600,
                        "clue": "Anne Meara was Kate McShane & this Kate was Kate Columbo",
                        "solution": "What is Kate Mulgrew"
                    },
                    {
                        "value": 800,
                        "clue": "In 1962 this pair was together at Carnegie Hall; 10 years later both had variety shows",
                        "solution": "What is Carol Burnett & Julie Andrews"
                    },
                    {
                        "value": 1000,
                        "clue": "Way before Buffy, there was this 1974-75 Darrin McGavin series",
                        "solution": "What is Kolchak: The Night Stalker"
                    }
                ]
            },
            {
                "category": "HISTORIC ASSASSINATIONS",
                "clues": [
                    {
                        "value": 200,
                        "clue": "On June 28, 1914 Bosnian Serb terrorist Gavrilo Princip jumped on this archduke's car & killed him & his wife Sophie",
                        "solution": "What is Franz Ferdinand"
                    },
                    {
                        "value": 400,
                        "clue": "Accused JFK assassin Lee Harvey Oswald was himself killed by this nightclub owner",
                        "solution": "What is Jack Ruby"
                    },
                    {
                        "value": 600,
                        "clue": "In 1984 2 of her Sikh bodyguards killed her as revenge for her order to attack the Golden Temple of Amritsar",
                        "solution": "What is Indira Gandhi"
                    },
                    {
                        "value": 800,
                        "clue": "At a reception in the palace for Muhammad's birthday in 1975, this Saudi king was assassinated by his nephew",
                        "solution": "What is King Faisal"
                    },
                    {
                        "value": 1000,
                        "clue": "On February 28, 1986 this Swedish prime minister was shot by an unknown gunman on the streets of Stockholm",
                        "solution": "What is Olof Palme"
                    }
                ]
            },
            {
                "category": "JACKS OF ALL TRADES",
                "clues": [
                    {
                        "value": 200,
                        "clue": "He was named \"Golfer of the Century\" in 1988 & \"Golf Course Architect of the Year\" in 1993",
                        "solution": "What is Jack Nicklaus"
                    },
                    {
                        "value": 400,
                        "clue": "In 1991 he published \"Prescription Medicide: The Goodness of Planned Death\"",
                        "solution": "What is Dr. Jack Kevorkian"
                    },
                    {
                        "value": 600,
                        "clue": "Jack McCall is best remembered for shooting this frontiersman while he was playing poker",
                        "solution": "What is Wild Bill Hickok"
                    },
                    {
                        "value": 800,
                        "clue": "This 1996 vice-presidential candidate was once a quarterback for the Buffalo Bills",
                        "solution": "What is Jack Kemp"
                    },
                    {
                        "value": 1000,
                        "clue": "(Hi, I'm Jack Ford, chief legal correspondent for NBC News.) Before joining NBC, I was an anchor for this cable network from its debut in 1991 to 1994",
                        "solution": "What is Court TV"
                    }
                ]
            },
            {
                "category": "RELIGION",
                "clues": [
                    {
                        "value": 200,
                        "clue": "Jesus said unto him, \"Thou Art\" this name, \"And upon this rock I will build my church\"",
                        "solution": "What is Peter"
                    },
                    {
                        "value": 600,
                        "clue": "It's the highest caste among the Hindus",
                        "solution": "What is the Brahmans"
                    }
                ]
            },
            {
                "category": "Q ME",
                "clues": [
                    {
                        "value": 200,
                        "clue": "These people gave the letter Q its present form around the first or second century",
                        "solution": "What is the Romans"
                    },
                    {
                        "value": 400,
                        "clue": "Q is being communicated here in this code",
                        "solution": "What is semaphore"
                    },
                    {
                        "value": 600,
                        "clue": "Sergeant Rock could tell you that the QMC is this \"supply side\" branch of the Army",
                        "solution": "What is the Quartermaster (Corps)"
                    },
                    {
                        "value": 800,
                        "clue": "In footnotes, it's what \"q.v.\" means",
                        "solution": "What is quod vide (which see)"
                    },
                    {
                        "value": 1000,
                        "clue": "Umm Said & Dukhan are cities in this country, the only one in the world that begins with the letter Q",
                        "solution": "What is Qatar"
                    }
                ]
            }
        ],
        "final": {
            "category": "1998 OPERA NEWS",
            "clue": "For his first opera, Andre Previn adapted this 1947 Pulitzer Prize play featuring sex, violence & insanity",
            "solution": "What is A Streetcar Named Desire"
        }
    }
}