{
    "game": {
        "single": [
            {
                "category": "WOOD",
                "clues": [
                    {
                        "value": 200,
                        "clue": "The knotty type of this wood is often used for paneling & making furniture",
                        "solution": "What is pine"
                    },
                    {
                        "value": 400,
                        "clue": "This traditional wood for cricket bats even has a cricket bat species, though there's no weeping...",
                        "solution": "What is willow"
                    },
                    {
                        "value": 600,
                        "clue": "Andrew Jackson & James K. Polk were both nicknamed after this tree known for its tough wood",
                        "solution": "What is hickory"
                    },
                    {
                        "value": 800,
                        "clue": "The aspen is a species of this genus of trees that one could say is very well liked",
                        "solution": "What is a poplar"
                    },
                    {
                        "value": 1000,
                        "clue": "Crooked trees no good for timber can still be kindling; they become this word often found after \"stacked like\"",
                        "solution": "What is cordwood (or firewood)"
                    }
                ]
            },
            {
                "category": "LITERARY SEQUELS",
                "clues": [
                    {
                        "value": 200,
                        "clue": "\"The Girl Who Played with Fire\" is the first sequel to this bestseller",
                        "solution": "What is The Girl with the Dragon Tattoo"
                    },
                    {
                        "value": 400,
                        "clue": "Nearly 25 years later, John Updike followed up \"The Witches of\" this place with \"The Widows of\" it",
                        "solution": "What is Eastwick"
                    },
                    {
                        "value": 600,
                        "clue": "His \"Women in Love\" was a sequel to \"The Rainbow\"",
                        "solution": "What is D.H. Lawrence"
                    },
                    {
                        "value": 800,
                        "clue": "Also set at the Devon School, \"Peace Breaks Out\" was John Knowles follow-up to this 1959 classic",
                        "solution": "What is A Separate Peace"
                    },
                    {
                        "value": 1000,
                        "clue": "\"Petals on the Wind\" was V.C. Andrews' first sequel to this novel",
                        "solution": "What is Flowers in the Attic"
                    }
                ]
            },
            {
                "category": "THE 19th CENTURY",
                "clues": [
                    {
                        "value": 200,
                        "clue": "Chester Arthur's legacy includes starting the tradition of adding these 4 words to the end of the presidential oath",
                        "solution": "What is \"So help me God\""
                    },
                    {
                        "value": 400,
                        "clue": "In 1853 Sir Richard Burton made a dangerous journey in disguise to this city, now in Saudi Arabia",
                        "solution": "What is Mecca"
                    },
                    {
                        "value": 600,
                        "clue": "Captured & hanged in 1880, Ned Kelly was a legendary bushranger outlaw of this country",
                        "solution": "What is Australia"
                    },
                    {
                        "value": 800,
                        "clue": "Shaka reigned as the paramount chief of this people only to be killed by his own brothers in 1828",
                        "solution": "What is the Zulus"
                    },
                    {
                        "value": 1000,
                        "clue": "A 20th century Italian dictator was named for this 1860s president of Mexico",
                        "solution": "What is Benito Juárez"
                    }
                ]
            },
            {
                "category": "TOON TOWN",
                "clues": [
                    {
                        "value": 200,
                        "clue": "\"The Simpsons\"",
                        "solution": "What is Springfield"
                    },
                    {
                        "value": 400,
                        "clue": "\"The Flintstones\"",
                        "solution": "What is Bedrock"
                    },
                    {
                        "value": 600,
                        "clue": "\"SpongeBob SquarePants\"",
                        "solution": "What is Bikini Bottom"
                    },
                    {
                        "value": 800,
                        "clue": "\"Family Guy\"",
                        "solution": "What is Quahog"
                    },
                    {
                        "value": 1000,
                        "clue": "\"King of the Hill\"",
                        "solution": "What is Arlen, Texas"
                    }
                ]
            },
            {
                "category": "STARTS WITH \"GH\"",
                "clues": [
                    {
                        "value": 200,
                        "clue": "One who pens a book but lets the official credit of authorship go to another",
                        "solution": "What is a ghostwriter"
                    },
                    {
                        "value": 400,
                        "clue": "You're in this small pickle now",
                        "solution": "What is a gherkin"
                    },
                    {
                        "value": 600,
                        "clue": "A thickly populated slum section of a city",
                        "solution": "What is a ghetto"
                    },
                    {
                        "value": 800,
                        "clue": "This adjective meaning \"horrible\" rhymes with the singer of \"Never Gonna Give You Up\"",
                        "solution": "What is ghastly"
                    },
                    {
                        "value": 1000,
                        "clue": "English is the official language of this African country",
                        "solution": "What is Ghana"
                    }
                ]
            },
            {
                "category": "MONTH, PLEASE",
                "clues": [
                    {
                        "value": 200,
                        "clue": "The Supreme Court begins its new term",
                        "solution": "What is October"
                    },
                    {
                        "value": 400,
                        "clue": "The end of World War I",
                        "solution": "What is November"
                    },
                    {
                        "value": 600,
                        "clue": "Major League Baseball's annual All-Star Game",
                        "solution": "What is July"
                    },
                    {
                        "value": 800,
                        "clue": "The electoral college votes for president",
                        "solution": "What is December"
                    },
                    {
                        "value": 1000,
                        "clue": "When the harvest moon was seen in the Northern Hemisphere in 2010, '11 & '12",
                        "solution": "What is September"
                    }
                ]
            }
        ],
        "double": [
            {
                "category": "THE COURT OF ELIZABETH I",
                "clues": [
                    {
                        "value": 400,
                        "clue": "John Dee used this, no longer seen as a true science, to determine Elizabeth's coronation day",
                        "solution": "What is astrology"
                    },
                    {
                        "value": 800,
                        "clue": "Henry Lee represented the Queen in tournaments of tilting, a form of this competition",
                        "solution": "What is jousting"
                    },
                    {
                        "value": 1200,
                        "clue": "Elizabeth gave this courtier a 42,000-acre estate, trade privileges & the right to colonize in America",
                        "solution": "What is Sir Walter Raleigh"
                    },
                    {
                        "value": 1600,
                        "clue": "Rodrigo Lopez, accused of being a poisoner & later executed, served the Queen in this job",
                        "solution": "What is doctor"
                    },
                    {
                        "value": 2000,
                        "clue": "Robert Devereux, 2nd Earl of this, lost his head & called the Queen an old woman; he really lost his head in 1601",
                        "solution": "What is Essex"
                    }
                ]
            },
            {
                "category": "MOVIE BY OSCAR-WINNING SONG",
                "clues": [
                    {
                        "value": 400,
                        "clue": "1964: \"Chim Chim Cher-ee\"",
                        "solution": "What is Mary Poppins"
                    },
                    {
                        "value": 800,
                        "clue": "1987: \"(I've Had) The Time Of My Life\"",
                        "solution": "What is Dirty Dancing"
                    },
                    {
                        "value": 1200,
                        "clue": "2002: \"Lose Yourself\"",
                        "solution": "What is 8 Mile"
                    },
                    {
                        "value": 1600,
                        "clue": "1982: \"Up Where We Belong\"",
                        "solution": "What is An Officer and a Gentleman"
                    },
                    {
                        "value": 2000,
                        "clue": "1940: \"When You Wish Upon A Star\"",
                        "solution": "What is Pinocchio"
                    }
                ]
            },
            {
                "category": "ARCHIPELAGOS",
                "clues": [
                    {
                        "value": 400,
                        "clue": "Russia's Commander Islands are the westernmost part of this Alaskan archipelago",
                        "solution": "What is the Aleutian Islands"
                    },
                    {
                        "value": 800,
                        "clue": "(Kelly of the Clue Crew reports from the Galapagos Islands, Ecuador.) I'm on Bartolome, one of the volcanic isles in the Galapagos; the younger, more volcanic ones are in the northwest as the whole archipelago moves southeast on the Nazca one of these",
                        "solution": "What is a tectonic plate"
                    },
                    {
                        "value": 1200,
                        "clue": "Rising to only 206 feet, Mount Alvernia on Cat Island is the highest point in this nation off Florida's SE coast",
                        "solution": "What is the Bahamas"
                    },
                    {
                        "value": 1600,
                        "clue": "The Babuyan Islands, which lie in this country's Luzon Strait, are a breeding area for humpback whales",
                        "solution": "What is the Philippines"
                    },
                    {
                        "value": 2000,
                        "clue": "With a population of about 90,000, this island nation northeast of Madagascar is Africa's smallest country",
                        "solution": "What is the Seychelles"
                    }
                ]
            },
            {
                "category": "ROCKET TO ME",
                "clues": [
                    {
                        "value": 400,
                        "clue": "(Jimmy of the Clue Crew shows a space shuttle launch on the monitor.) The stage in a vehicle launch called \"separation\" occurs when these are jettisoned once their fuel is exhausted",
                        "solution": "What is the boosters"
                    },
                    {
                        "value": 800,
                        "clue": "Space shuttles' engines burned the liquid type of this no. 1 element: NASA calls it \"the fuel of choice for space exploration\"",
                        "solution": "What is hydrogen"
                    },
                    {
                        "value": 1200,
                        "clue": "Used to gain safe access, it's the vacuum-tight chamber with regulated pressure in a rocket's hull",
                        "solution": "What is an airlock"
                    },
                    {
                        "value": 1600,
                        "clue": "Kaena Point is this type of ground station that monitors the flights of rockets & spacecraft",
                        "solution": "What is a tracking station"
                    },
                    {
                        "value": 2000,
                        "clue": "This series of rockets whose no. V version sent us to the Moon began with a concept by Wernher von Braun in 1957",
                        "solution": "What is a Saturn"
                    }
                ]
            },
            {
                "category": "13-LETTER WORDS",
                "clues": [
                    {
                        "value": 400,
                        "clue": "Shakespeare is credited with the first use of this term for political murder",
                        "solution": "What is assassination"
                    },
                    {
                        "value": 800,
                        "clue": "A fighter between 122 & 126 pounds is in this boxing class",
                        "solution": "What is featherweight"
                    },
                    {
                        "value": 1200,
                        "clue": "Advertisers use this word to indicate that their yummy product will make you drool",
                        "solution": "What is mouthwatering"
                    },
                    {
                        "value": 1600,
                        "clue": "It's the kind of race Chris Christie won in 2009",
                        "solution": "What is gubernatorial"
                    },
                    {
                        "value": 2000,
                        "clue": "The process of treating rubber with sulfur & heat to improve its elasticity & strength",
                        "solution": "What is vulcanization"
                    }
                ]
            },
            {
                "category": "GRAB A \"B\"ITE",
                "clues": [
                    {
                        "value": 400,
                        "clue": "It's just side pork that's been cured & smoked",
                        "solution": "What is bacon"
                    },
                    {
                        "value": 800,
                        "clue": "Pears available in winter include the Bosc & this one",
                        "solution": "What is a Bartlett"
                    },
                    {
                        "value": 1200,
                        "clue": "Try some borscht, traditionally made with these root vegetables",
                        "solution": "What is beets"
                    },
                    {
                        "value": 1600,
                        "clue": "How about a Caprese salad: fresh mozzarella, tomatoes & this herb",
                        "solution": "What is basil"
                    },
                    {
                        "value": 2000,
                        "clue": "You can bake, steam, or simmer this winter squash; its flesh is sweet",
                        "solution": "What is butternut squash"
                    }
                ]
            }
        ],
        "final": {
            "category": "MODERN OPERA",
            "clue": "This opera begins with Air Force One landing at Beijing",
            "solution": "What is Nixon in China"
        }
    }
}