{
    "game": {
        "single": [
            {
                "category": "MUSEUMS",
                "clues": [
                    {
                        "value": 100,
                        "clue": "Richmond, Virginia's Old Stone House contains this author's museum & a carved wooden raven",
                        "solution": "What is Poe"
                    },
                    {
                        "value": 200,
                        "clue": "Knott's Berry Farm's Mott Museum features this Da Vinci masterpiece painted on the head of a pin",
                        "solution": "What is The Last Supper"
                    },
                    {
                        "value": 300,
                        "clue": "This Ozark state's Jesse James Bank Museum claims to be the site of the 1st U.S. bank robbery",
                        "solution": "What is Missouri"
                    },
                    {
                        "value": 400,
                        "clue": "This designer's fashions were displayed in the Louvre - maybe because he named his perfume \"Paris\"",
                        "solution": "What is Yves Saint Laurent"
                    },
                    {
                        "value": 500,
                        "clue": "Visitors are surprised to see a museum of the American Confederacy on this island 586 miles off N.C.",
                        "solution": "What is Bermuda"
                    }
                ]
            },
            {
                "category": "GOLDEN OLDIES",
                "clues": [
                    {
                        "value": 100,
                        "clue": "In 1965 title, it's what the Supremes pleaded \"In the Name of Love\"",
                        "solution": "What is Stop"
                    },
                    {
                        "value": 200,
                        "clue": "In his only million-selling single, Ray Charles lamented \"I Can't Stop\" doing this",
                        "solution": "What is Loving You"
                    },
                    {
                        "value": 300,
                        "clue": "According to Connie Francis, it \"told a tale on you\"",
                        "solution": "What is \"Lipstick on Your Collar\""
                    },
                    {
                        "value": 400,
                        "clue": "On the \"Eve of Destruction\", \"You're old enough to kill, but not\" to do this",
                        "solution": "What is vote"
                    },
                    {
                        "value": 500,
                        "clue": "In 1958, Bobby Freeman asked, \"Do you, do you, do you, do you want to\" do this",
                        "solution": "What is dance"
                    }
                ]
            },
            {
                "category": "MONEY",
                "clues": [
                    {
                        "value": 100,
                        "clue": "1909 was last year this type of penny was minted",
                        "solution": "What is Indian Head"
                    },
                    {
                        "value": 200,
                        "clue": "1 of 5 countries besides India whose currency is the rupee",
                        "solution": "What is (1 of) Pakistan (Sri Lanka, Nepal, Mauritius or Seychelles)"
                    },
                    {
                        "value": 300,
                        "clue": "U.S. coin mentioned in this song: \"They say the neon lights are bright / On Broadway / They say there's always magic in the air...\"",
                        "solution": "What is dime"
                    },
                    {
                        "value": 400,
                        "clue": "The British called this now-obsolete coin a \"bob\"",
                        "solution": "What is the shilling"
                    },
                    {
                        "value": 500,
                        "clue": "99% of paper currency now in circulation in the U.S. was issued by this body",
                        "solution": "What is the Federal Reserve"
                    }
                ]
            },
            {
                "category": "U.S.A.",
                "clues": [
                    {
                        "value": 100,
                        "clue": "Among the water stops along route of this city's 1st marathon was Frederick's of Hollywood",
                        "solution": "What is Los Angeles"
                    },
                    {
                        "value": 200,
                        "clue": "At over 70 million bushels in 1985, it's the #1 apple grown in the U.S., yum yum",
                        "solution": "What is delicious"
                    },
                    {
                        "value": 300,
                        "clue": "From its title, what the '86 concert hosted by Williams, Goldberg, & Crystal offered the homeless",
                        "solution": "What is Comic Relief"
                    },
                    {
                        "value": 400,
                        "clue": "The Supreme Court upheld the Air Force ban on wearing this Jewish clothing accessory with dress uniforms",
                        "solution": "What is yarmulke"
                    },
                    {
                        "value": 500,
                        "clue": "The NYC Ballet derives 1/4 of its annual ticket income from the holiday ballet",
                        "solution": "What is The Nutcracker"
                    }
                ]
            },
            {
                "category": "RUBBER",
                "clues": [
                    {
                        "value": 300,
                        "clue": "Anatomical name for people slowing to look at a wreck on the side of the road",
                        "solution": "What is rubberneckers"
                    },
                    {
                        "value": 400,
                        "clue": "In a 1960 hit, Bobby Vee said, \"Like a rubber ball, I'll\" do this",
                        "solution": "What is \"come bouncing back to you\""
                    },
                    {
                        "value": 500,
                        "clue": "Ohio city called \"the rubber capital of the world\"",
                        "solution": "What is Akron, Ohio"
                    }
                ]
            },
            {
                "category": "ANIMALS",
                "clues": [
                    {
                        "value": 100,
                        "clue": "Reason you should run when a spotted skunk does a handstand",
                        "solution": "What is so you don't get sprayed"
                    },
                    {
                        "value": 200,
                        "clue": "It's said you can hear lions do this from 10 miles away",
                        "solution": "What is roar"
                    },
                    {
                        "value": 300,
                        "clue": "Gray & brown in the summer, a ptarmigan's plumage changes to this color in the winter",
                        "solution": "What is white"
                    },
                    {
                        "value": 400,
                        "clue": "A full-blooded beefalo is 1/4 Hereford, 3/8 Charolais, & 3/8 this",
                        "solution": "What is buffalo (bison)"
                    },
                    {
                        "value": 500,
                        "clue": "At this U.S. city's zoo you can visit Beaver Valley & giant pandas",
                        "solution": "What is Washington, D.C."
                    }
                ]
            }
        ],
        "double": [
            {
                "category": "WORLD WAR I",
                "clues": [
                    {
                        "value": 200,
                        "clue": "Main European powers entered the war in this month; Barbara Tuchman wrote of its \"Guns\"",
                        "solution": "What is August"
                    },
                    {
                        "value": 400,
                        "clue": "At age 31, this poet famed for \"Trees\" was killed in the war",
                        "solution": "What is Joyce Kilmer"
                    },
                    {
                        "value": 600,
                        "clue": "Though used much earlier, this term for U.S. infantryman was popularized in WWI",
                        "solution": "What is doughboy"
                    },
                    {
                        "value": 800,
                        "clue": "American radio journalist & traveler who brought Lawrence of Arabia to world attention",
                        "solution": "What is Lowell Thomas"
                    },
                    {
                        "value": 1000,
                        "clue": "Charles Stanton said this on behalf of Gen. Pershing & the U.S. forces in Paris, July 4, 1917",
                        "solution": "What is \"Lafayette, we are here\""
                    }
                ]
            },
            {
                "category": "GEOLOGY",
                "clues": [
                    {
                        "value": 200,
                        "clue": "A natural barrier reef is made up of rock or this",
                        "solution": "What is coral"
                    },
                    {
                        "value": 400,
                        "clue": "The smallest lithostratigraphic division; make your own & you'll have to lie in it",
                        "solution": "What is a bed"
                    },
                    {
                        "value": 600,
                        "clue": "From Spanish for \"chain\", \"cordillera\" has this geological meaning",
                        "solution": "What is a mountain range"
                    },
                    {
                        "value": 800,
                        "clue": "Members of the largest organization of geologists in the U.S. work in this industry",
                        "solution": "What is the oil or petroleum industry"
                    },
                    {
                        "value": 1000,
                        "clue": "Name of the theory that the Earth's surface is made of thin, rigid units which move over the material below",
                        "solution": "What is plate tectonics"
                    }
                ]
            },
            {
                "category": "\"POISON\"",
                "clues": [
                    {
                        "value": 200,
                        "clue": "Statement that might draw response \"I'll have a scotch & water\"",
                        "solution": "What is \"What's your poison?\" (\"Name your poison\")"
                    },
                    {
                        "value": 400,
                        "clue": "Type of epistle that could begin \"I'll get you, you contemptible piece of slime\"",
                        "solution": "What is poison pen letter"
                    },
                    {
                        "value": 600,
                        "clue": "The Geneva protocol of 1925, restricting the use of this, was not ratified until the U.S. until 1974",
                        "solution": "What is poison gas"
                    },
                    {
                        "value": 800,
                        "clue": "The krait, the boomslang, & the taipan",
                        "solution": "What is poisonous snakes"
                    },
                    {
                        "value": 1000,
                        "clue": "Rootie Kazootie's arch-enemy",
                        "solution": "What is Poison Zumac"
                    }
                ]
            },
            {
                "category": "CENSORED CINEMA",
                "clues": [
                    {
                        "value": 200,
                        "clue": "Signed by MGM after appearing nude in the censored film \"Ecstasy\", Hedy Keisler was given this name",
                        "solution": "What is Hedy Lamarr"
                    },
                    {
                        "value": 400,
                        "clue": "N.Y. once banned this studio's \"The Vanishing Prairie\" because it showed the birth of a buffalo calf",
                        "solution": "What is Disney Studios"
                    },
                    {
                        "value": 600,
                        "clue": "Rourke/Basinger film shackled when a bondage scene was snipped from its U.S. version",
                        "solution": "What is 9½ Weeks"
                    },
                    {
                        "value": 800,
                        "clue": "In 1956, Cardinal Spellman warned Catholics to avoid this Elia Kazan film under \"pain of sin\"",
                        "solution": "What is Baby Doll"
                    },
                    {
                        "value": 1000,
                        "clue": "Its Production Code banned \"profane\" terms like \"hot\", \"lousy\", \"cripes\", & \"hold your hat\"",
                        "solution": "What is Hays code"
                    }
                ]
            },
            {
                "category": "EXPLORERS",
                "clues": [
                    {
                        "value": 800,
                        "clue": "To recreate Balboa's sighting of the Pacific, you'd have to stand in this country",
                        "solution": "What is Panama"
                    },
                    {
                        "value": 1000,
                        "clue": "Captain of the \"Endeavour\", he was 1st voyager to stop scurvy with cleanliness & careful diet",
                        "solution": "What is Captain Cook"
                    }
                ]
            },
            {
                "category": "ODD COUPLES",
                "clues": [
                    {
                        "value": 200,
                        "clue": "He played Wild Bill Hickock, she was 4th President's First Lady",
                        "solution": "What is Guy Madison & Dolley Madison"
                    },
                    {
                        "value": 400,
                        "clue": "An abolitionist & a \"Cosmopolitan\"",
                        "solution": "What is John Brown & Helen Gurley Brown"
                    },
                    {
                        "value": 600,
                        "clue": "She took off her clothes; he got to keep his sword at Appomattox Courthouse",
                        "solution": "What is Gypsy Rose Lee & Robert E. Lee"
                    },
                    {
                        "value": 800,
                        "clue": "She was Billie Dawn in \"Born Yesterday\"; he lived to see dawn at the O.K. Corral",
                        "solution": "What is Judy Holliday & Doc Holliday"
                    },
                    {
                        "value": 1000,
                        "clue": "A star of \"Fame\" & \"Footloose\" & a Nobel Prize winning Yiddish author",
                        "solution": "What is Laurie Singer & Isaac Bashevis Singer"
                    }
                ]
            }
        ],
        "final": {
            "category": "THE CALENDAR",
            "clue": "Most recent year which reads numerically the same backward & forward",
            "solution": "What is 1881"
        }
    }
}