{
    "game": {
        "single": [
            {
                "category": "DON'T BE AFRAID, IT'S ONLY FOOTBALL",
                "clues": [
                    {
                        "value": 200,
                        "clue": "This Texas NFL team won 3 Super Bowls in the 1990s",
                        "solution": "What is the Cowboys"
                    },
                    {
                        "value": 400,
                        "clue": "Passing advice from coach Jason Garrett: \"How do you throw a perfect\" this? \"Don't hold it too tight, don't hold it too loose\"",
                        "solution": "What is a spiral"
                    },
                    {
                        "value": 600,
                        "clue": "At one time the 7th-string QB at Notre Dame, he went on to a Hall of Fame career as a 49er",
                        "solution": "What is Joe Montana"
                    },
                    {
                        "value": 800,
                        "clue": "Change the last 4 letters in \"touchdown\" to get this word for a kickoff that isn't returned from the end zone",
                        "solution": "What is a touchback"
                    },
                    {
                        "value": 1000,
                        "clue": "With its own Hall of Fame & rules of play, the CFL is this organization",
                        "solution": "What is the Canadian Football League"
                    }
                ]
            },
            {
                "category": "COLLEGE TOWNS",
                "clues": [
                    {
                        "value": 200,
                        "clue": "O this little town of Pennsylvania is home to Lehigh University & Moravian College",
                        "solution": "What is Bethlehem"
                    },
                    {
                        "value": 400,
                        "clue": "Created to serve the University of North Carolina, it's nicknamed the \"Southern Part of Heaven\"",
                        "solution": "What is Chapel Hill"
                    },
                    {
                        "value": 600,
                        "clue": "Have a ball at Ball State University, located in this city northeast of Indianapolis",
                        "solution": "What is Muncie"
                    },
                    {
                        "value": 800,
                        "clue": "Let's raise a glass of bubbly to these 2 adjoining cities, home to the University of Illinois",
                        "solution": "What is Champaign and Urbana"
                    },
                    {
                        "value": 1000,
                        "clue": "The main campus for Montana State University is in this city that's named for a wagon master & trail guide",
                        "solution": "What is Bozeman"
                    }
                ]
            },
            {
                "category": "THE RULES THEY JUST MADE UP",
                "clues": [
                    {
                        "value": 200,
                        "clue": "In New York, if these are sliced, they are considered \"prepared foods\" & must be taxed—even if no schmear is involved",
                        "solution": "What is a bagel"
                    },
                    {
                        "value": 400,
                        "clue": "Basketball rules made just to hamper this 100-point scorer include you can't throw an inbounds pass over the rim",
                        "solution": "What is Wilt Chamberlain"
                    },
                    {
                        "value": 600,
                        "clue": "SALT stands for \"state and\" these \"taxes\" & there's now a $10,000 limit on deducting them on your IRS 1040",
                        "solution": "What is local taxes"
                    },
                    {
                        "value": 800,
                        "clue": "In 1969 the U.S. said whiskey must be at least 51% corn & stored in charred containers of this wood to be considered bourbon",
                        "solution": "What is oak"
                    },
                    {
                        "value": 1000,
                        "clue": "Explosive name for the step the Senate took on Nov. 21, 2013, limiting future debate on judicial nominees",
                        "solution": "What is the nuclear option"
                    }
                ]
            },
            {
                "category": "WAR IN LITERATURE",
                "clues": [
                    {
                        "value": 200,
                        "clue": "In \"Cold Mountain\" by Charles Frazier, a soldier makes a perilous journey home in the end stages of this U.S. war",
                        "solution": "What is the Civil War"
                    },
                    {
                        "value": 400,
                        "clue": "Alfred, Lord Tennyson's poem \"The Charge of the Light Brigade\" recounted events from this 19th century war",
                        "solution": "What is the Crimean War"
                    },
                    {
                        "value": 600,
                        "clue": "Family members fight on opposite sides of WWI in this Vicente Blasco Ibáñez novel that shares its title with a Biblical quartet",
                        "solution": "What is The Four Horsemen of the Apocalypse"
                    },
                    {
                        "value": 800,
                        "clue": "This oft-filmed second of the \"Leatherstocking Tales\" sees Natty Bumppo battle the Huron in the French & Indian War",
                        "solution": "What is Last of the Mohicans"
                    },
                    {
                        "value": 1000,
                        "clue": "This Boris Pasternak novel takes place against the backdrop of the Russian Revolution",
                        "solution": "What is Doctor Zhivago"
                    }
                ]
            },
            {
                "category": "\"MAC\"-INATIONS",
                "clues": [
                    {
                        "value": 200,
                        "clue": "Gruesome & horrifying",
                        "solution": "What is macabre"
                    },
                    {
                        "value": 400,
                        "clue": "These cookies made with coconut are a traditional Passover dessert",
                        "solution": "What is macaroons"
                    },
                    {
                        "value": 600,
                        "clue": "This adjective meaning unscrupulously cunning comes from the name of a 16th century Italian writer",
                        "solution": "What is Machiavellian"
                    },
                    {
                        "value": 1000,
                        "clue": "When it comes to vision problems, there are wet & dry types of this degeneration",
                        "solution": "What is macular degeneration"
                    }
                ]
            },
            {
                "category": "OUR PLANET",
                "clues": [
                    {
                        "value": 200,
                        "clue": "After 2 years of trying, \"Our Planet\" finally got images on film of the shy, elusive tiger named for this remote region of Russia",
                        "solution": "What is the Siberian tiger"
                    },
                    {
                        "value": 400,
                        "clue": "The innovative use of drones helped the crew capture one of these, the largest animals on Earth, alongside her curious young",
                        "solution": "What is a blue whale"
                    },
                    {
                        "value": 600,
                        "clue": "\"Our Planet\" aerial teams were lucky to film Greenland's massive Store glacier undergoing this awesome yet destructive process",
                        "solution": "What is calving"
                    },
                    {
                        "value": 800,
                        "clue": "Sheephead wrasse help keep down the population of these spiny echinoderms; when flipped to avoid larger spines, it's dinner for everyone",
                        "solution": "What is sea urchins"
                    },
                    {
                        "value": 1000,
                        "clue": "Przewalski's horse, once extinct in the wild, now thrives in this country between China & Russia—here, young stallions compete for mates",
                        "solution": "What is Mongolia"
                    }
                ]
            }
        ],
        "double": [
            {
                "category": "THE AMERICAN PRESIDENCY PROJECT",
                "clues": [
                    {
                        "value": 400,
                        "clue": "The project's most-viewed document is JFK's inaugural address from this year",
                        "solution": "What is 1961"
                    },
                    {
                        "value": 800,
                        "clue": "The project has more than 1,100 of these, including George H.W. Bush's \"Memorandum of Disapproval for the Revenue Act of 1992\"",
                        "solution": "What is vetoes"
                    },
                    {
                        "value": 1200,
                        "clue": "The project has archived transcripts of nearly 150 of these, including Perot v. Clinton v. Bush in St. Louis",
                        "solution": "What is debates"
                    },
                    {
                        "value": 1600,
                        "clue": "There are messages, addresses & remarks, like Benjamin Harrison's to his old war buddies in this association of Union veterans",
                        "solution": "What is the Grand Army of the Republic"
                    },
                    {
                        "value": 2000,
                        "clue": "You can read the 1844 platform of this party nominating Henry Clay & (of course) Theodore Freylinghuysen",
                        "solution": "What is the Whigs"
                    }
                ]
            },
            {
                "category": "POP CULTURE FOOD & DRINK",
                "clues": [
                    {
                        "value": 400,
                        "clue": "Yes, soup Nazi for you! Larry Thomas played the food master twice on this sitcom",
                        "solution": "What is Seinfeld"
                    },
                    {
                        "value": 800,
                        "clue": "This nutty logo guy wears a top hat, monocle, gloves & spats",
                        "solution": "What is Mr. Peanut"
                    },
                    {
                        "value": 1200,
                        "clue": "The tradition of the Indy 500 champ swigging this after winning the race began in 1936",
                        "solution": "What is milk"
                    },
                    {
                        "value": 1600,
                        "clue": "One writer blamed a drop-off in British sales of this type of white wine on its association with Bridget Jones' saddest moments",
                        "solution": "What is chardonnay"
                    },
                    {
                        "value": 2000,
                        "clue": "This 2001 book about the American quick meal became a movie drama with Bobby Cannavale as a meatpacking plant supervisor",
                        "solution": "What is Fast Food Nation"
                    }
                ]
            },
            {
                "category": "EPONYMS",
                "clues": [
                    {
                        "value": 400,
                        "clue": "That number on the spine of a library book honors this father of American library science",
                        "solution": "What is (Melvil) Dewey"
                    },
                    {
                        "value": 800,
                        "clue": "It was devised for use with the telegraph",
                        "solution": "What is Morse code"
                    },
                    {
                        "value": 1200,
                        "clue": "A knee-length boot is named for Arthur, first duke of this",
                        "solution": "What is Wellington"
                    },
                    {
                        "value": 1600,
                        "clue": "The name of James Madison's VP lives on in this word for unfairly dividing voting districts",
                        "solution": "What is gerrymandering"
                    },
                    {
                        "value": 2000,
                        "clue": "This synonym for hypnotism comes from its practitioner, a German doctor named Franz",
                        "solution": "What is mesmerism"
                    }
                ]
            },
            {
                "category": "QUOTING THE SHAKESPEARE CHARACTER",
                "clues": [
                    {
                        "value": 400,
                        "clue": "\"Tell me, my daughters... which of you shall we say doth love us most\"",
                        "solution": "What is King Lear"
                    },
                    {
                        "value": 800,
                        "clue": "\"I see their knavery. This is to make an ass of me\"",
                        "solution": "What is Bottom"
                    },
                    {
                        "value": 1200,
                        "clue": "\"For Brutus is an honourable man; so are they all, all honourable men\"",
                        "solution": "What is Marc Antony"
                    },
                    {
                        "value": 1600,
                        "clue": "\"Cry 'God for Harry, England, and Saint George!'\"",
                        "solution": "What is Henry V"
                    },
                    {
                        "value": 2000,
                        "clue": "\"Come unto these yellow sands, and then take hands\"",
                        "solution": "What is Ariel"
                    }
                ]
            },
            {
                "category": "FAR FROM",
                "clues": [
                    {
                        "value": 400,
                        "clue": "You can't get much farther from ocean water than the west end of this desert on the Mongolia/China border",
                        "solution": "What is the Gobi"
                    },
                    {
                        "value": 800,
                        "clue": "It's on McCulloch Blvd. in Lake Havasu City, Arizona, a long way from its old home on the Thames",
                        "solution": "What is London Bridge"
                    },
                    {
                        "value": 1200,
                        "clue": "This American territory whose capital is Pago Pago is closer to New Zealand than to Hawaii",
                        "solution": "What is American Samoa"
                    },
                    {
                        "value": 1600,
                        "clue": "In January 2019 New Horizons probe reached Ultima Thule in this belt, the farthest object we've ever visited",
                        "solution": "What is the Kuiper Belt"
                    },
                    {
                        "value": 2000,
                        "clue": "Because of the bulge from the Equator, the highest point above the Earth's center is the top of this mountain in Ecuador",
                        "solution": "What is Mount Chimborazo"
                    }
                ]
            },
            {
                "category": "THE MADDEN CROWD",
                "clues": [
                    {
                        "value": 400,
                        "clue": "John Madden—no, not more football—directed her to the Best Actress Oscar in \"Shakespeare in Love\"",
                        "solution": "What is Gwyneth Paltrow"
                    },
                    {
                        "value": 800,
                        "clue": "Richard Madden's \"Game of Thrones\" role as Robb of this unlucky house came to a very ceremonious end at the Red Wedding",
                        "solution": "What is House Stark"
                    },
                    {
                        "value": 1200,
                        "clue": "Fashion mogul Steve Madden made his name selling iconic these, like the Slinky & the Mary Lou",
                        "solution": "What is (women's) shoes"
                    },
                    {
                        "value": 1600,
                        "clue": "Gangster Owney Madden owned this 1920s Harlem nightspot; Bob Hoskins played him in the film about the joint",
                        "solution": "What is the Cotton Club"
                    },
                    {
                        "value": 2000,
                        "clue": "\"Lifestyles of the Rich & Famous\" Madden brothers Benji & Joel included starting this band",
                        "solution": "What is Good Charlotte"
                    }
                ]
            }
        ],
        "final": {
            "category": "POPULAR PRODUCTS",
            "clue": "This product that brought virtual tourism into homes in 1939 introduced its first virtual reality device in 2015",
            "solution": "What is View-Master"
        }
    }
}