{
    "game": {
        "single": [
            {
                "category": "THE DEWEY DECIMAL SYSTEM",
                "clues": [
                    {
                        "value": 200,
                        "clue": "This branch of philosophy is found under 160: Mr. Spock would approve",
                        "solution": "What is logic"
                    },
                    {
                        "value": 400,
                        "clue": "The 800s are literature, with 810 being lit in English from this nation",
                        "solution": "What is the United States (or Canada)"
                    },
                    {
                        "value": 600,
                        "clue": "020 is for this \"science\" of which the numbers themselves are an important part",
                        "solution": "What is Library Science"
                    },
                    {
                        "value": 800,
                        "clue": "The 220s cover the entire Bible, with 227 covering just the New Testament letters known by this name",
                        "solution": "What is Epistles"
                    },
                    {
                        "value": 1000,
                        "clue": "The 370s cover books on education, including LouAnne Johnson's \"My Posse Don't Do\" this",
                        "solution": "What is Homework"
                    }
                ]
            },
            {
                "category": "CITY FOLK",
                "clues": [
                    {
                        "value": 200,
                        "clue": "She was the oldest of the novel-writin' Bronte sisters",
                        "solution": "What is Charlotte"
                    },
                    {
                        "value": 400,
                        "clue": "He plays Will Turner in the \"Pirates of the Caribbean\" movies",
                        "solution": "What is Orlando Bloom"
                    },
                    {
                        "value": 600,
                        "clue": "She served between William Barr & John Ashcroft",
                        "solution": "What is Janet Reno"
                    },
                    {
                        "value": 800,
                        "clue": "Mr. Clift who starred in \"A Place in the Sun\"",
                        "solution": "What is Montgomery"
                    },
                    {
                        "value": 1000,
                        "clue": "Last name of the first Democratic president elected after the Civil War",
                        "solution": "What is Cleveland"
                    }
                ]
            },
            {
                "category": "THE SHORT FORM",
                "clues": [
                    {
                        "value": 200,
                        "clue": "When a Brit tells you to hold on \"arf a mo\", \"mo\" is short for this word",
                        "solution": "What is a moment"
                    },
                    {
                        "value": 400,
                        "clue": "It's what \"Pro\" & \"Am\" are short for in the AT&T Pebble Beach National Pro-Am",
                        "solution": "What is professional and amateur"
                    },
                    {
                        "value": 600,
                        "clue": "Rather than meaning the chip company, \"Intel\" is probably short for this in news stories about Langley",
                        "solution": "What is intelligence"
                    },
                    {
                        "value": 800,
                        "clue": "You've nailed it if you know this short form is most often paired with \"mani\"",
                        "solution": "What is pedi"
                    },
                    {
                        "value": 1000,
                        "clue": "If you throw \"Cat\" around, you may hear from this Peoria company that trademarked it",
                        "solution": "What is Caterpillar"
                    }
                ]
            },
            {
                "category": "DRUM & DRUMMER",
                "clues": [
                    {
                        "value": 200,
                        "clue": "AKA a side drum, this small double-headed drum has a reverberating effect; \"catch\" my drift, man?",
                        "solution": "What is a snare drum"
                    },
                    {
                        "value": 400,
                        "clue": "Purdue's marching band boasts the world's largest drum of this type; it's more than 10 feet high when mounted",
                        "solution": "What is a bass drum"
                    },
                    {
                        "value": 600,
                        "clue": "This pair of cymbals is mounted on a rod so the upper cymbal can be lifted & dropped on the lower by means of a pedal",
                        "solution": "What is a hi-hat"
                    },
                    {
                        "value": 800,
                        "clue": "Ears to these 6-to-12-inch cymbals that share their name with a Darryl Hannah film; listen",
                        "solution": "What is splash"
                    },
                    {
                        "value": 1000,
                        "clue": "Bongos, conga drums & floor are types of this double-named drum",
                        "solution": "What is tom-toms"
                    }
                ]
            },
            {
                "category": "TV SHOW CHARACTERS",
                "clues": [
                    {
                        "value": 200,
                        "clue": "Alan & Jake Harper, Berta",
                        "solution": "What is Two and a Half Men"
                    },
                    {
                        "value": 400,
                        "clue": "Leonard Hofstadter, Penny, Sheldon Cooper",
                        "solution": "What is The Big Bang Theory"
                    },
                    {
                        "value": 600,
                        "clue": "Captain McNeil, Detective Crocker, Detective Stavros",
                        "solution": "What is Kojak"
                    },
                    {
                        "value": 800,
                        "clue": "Robin Scherbatsky, Lily Aldrin, Ted Mosby",
                        "solution": "What is How I Met Your Mother"
                    },
                    {
                        "value": 1000,
                        "clue": "Nancy & Shane Botwin, Doug Wilson",
                        "solution": "What is Weeds"
                    }
                ]
            },
            {
                "category": "BABY, I THINK WE'RE GOING TO MAKE IT",
                "clues": [
                    {
                        "value": 200,
                        "clue": "He referred to Edith, his wife of 55 years, as his Luthien, a beautiful princess from Middle-earth",
                        "solution": "What is Tolkien"
                    },
                    {
                        "value": 400,
                        "clue": "She wed her beloved Albert in 1840 & never remarried after his 1861 death, though she outlived him by nearly 40 years",
                        "solution": "What is Queen Victoria"
                    },
                    {
                        "value": 600,
                        "clue": "He stayed married to Dolley from 1794 to his death in 1836",
                        "solution": "What is Madison"
                    },
                    {
                        "value": 800,
                        "clue": "Rachel Isum wed this baseball player in 1946 & after his 1972 death created his foundation",
                        "solution": "What is Jackie Robinson"
                    },
                    {
                        "value": 1000,
                        "clue": "She partnered with George in 1922 & they married in 1926; after her 1964 death, George never remarried",
                        "solution": "What is Gracie Allen"
                    }
                ]
            }
        ],
        "double": [
            {
                "category": "CANADA'S WALK OF FAME",
                "clues": [
                    {
                        "value": 400,
                        "clue": "Since 1998, the Walk of Fame has honored 137 Canadians with stars along King & Simcoe streets in this Ontario city",
                        "solution": "What is Toronto"
                    },
                    {
                        "value": 800,
                        "clue": "A certain quiz-show host & this British Columbia-born \"Baywatch\" babe both got stars in 2006",
                        "solution": "What is Pam Anderson"
                    },
                    {
                        "value": 1200,
                        "clue": "The walk includes this Letterman music man, a native of Thunder Bay, Ontario",
                        "solution": "What is Paul Shaffer"
                    },
                    {
                        "value": 1600,
                        "clue": "This Quebec-based circus troupe got a star in 2002",
                        "solution": "What is Cirque du Soleil"
                    },
                    {
                        "value": 2000,
                        "clue": "In 2000 the walk honored Joni Mitchell & this other Canadian music icon who had a \"Heart Of Gold\"",
                        "solution": "What is Neil Young"
                    }
                ]
            },
            {
                "category": "BODY WORKS",
                "clues": [
                    {
                        "value": 400,
                        "clue": "Most digits in the human body contain 3 phalanges, but these have only 2",
                        "solution": "What is thumbs"
                    },
                    {
                        "value": 800,
                        "clue": "You've gone meta: you've got metacarpals & these other bones, too",
                        "solution": "What is metatarsals"
                    },
                    {
                        "value": 1200,
                        "clue": "Because it contains this fluid, the knee can be classified as this type of joint",
                        "solution": "What is synovial"
                    },
                    {
                        "value": 1600,
                        "clue": "Feel the pulse of life, your life, in these arteries that supply blood to the head",
                        "solution": "What is the carotid arteries"
                    },
                    {
                        "value": 2000,
                        "clue": "About 8 feet long, this part of the small intestine connects the duodenum to the ileum",
                        "solution": "What is the jejunum"
                    }
                ]
            },
            {
                "category": "BEFORE & AFTER",
                "clues": [
                    {
                        "value": 400,
                        "clue": "Early 18th century Russian czar for whom Linus waits on Halloween night",
                        "solution": "What is Peter the Great Pumpkin"
                    },
                    {
                        "value": 800,
                        "clue": "Pair of Disney chipmunks, one of whom is a popular NASCAR driver",
                        "solution": "What is Chip & Dale Earnhardt, Jr."
                    },
                    {
                        "value": 1200,
                        "clue": "Retired longtime CNN talk show host who's the world's largest venomous snake",
                        "solution": "What is Larry King Cobra"
                    },
                    {
                        "value": 1600,
                        "clue": "The \"Don't fire until you see the whites of their eyes\" battle site is the setting for a 1980s ensemble cop drama",
                        "solution": "What is Bunker Hill Street Blues"
                    },
                    {
                        "value": 2000,
                        "clue": "A 7-time women's singles Wimbledon champion takes to the skies as a German rigid airship",
                        "solution": "What is Steffi Graf Zeppelin"
                    }
                ]
            },
            {
                "category": "WORKS OF ART",
                "clues": [
                    {
                        "value": 400,
                        "clue": "He was living in Brittany when he painted \"The Yellow Christ\", so it features Breton women, not Tahitian ones",
                        "solution": "What is Gauguin"
                    },
                    {
                        "value": 800,
                        "clue": "At the Louvre, an ancient comb, a duck-shaped box, & a virgin & child are some of the works carved from this material",
                        "solution": "What is ivory"
                    },
                    {
                        "value": 1200,
                        "clue": "Like a Rodin work, a carving by Brancusi of 2 lovers embracing is called this",
                        "solution": "What is The Kiss"
                    },
                    {
                        "value": 1600,
                        "clue": "(Jimmy of the Clue Crew points out figures in a painting depicting ancient Greece.) In \"The School of Athens\", Raphael depicted many of the great thinkers of ancient Greece, including Pythagoras, Socrates, & these two philosophers, teacher & student",
                        "solution": "What is Plato & Aristotle"
                    },
                    {
                        "value": 2000,
                        "clue": "In this artist's \"Woman with a Velvet Ribbon\", the ribbon is wrapped around her elongated neck",
                        "solution": "What is Modigliani"
                    }
                ]
            },
            {
                "category": "\"D\" IS FOR...",
                "clues": [
                    {
                        "value": 400,
                        "clue": "This game that calls the pieces remaining after the draw \"the boneyard\"",
                        "solution": "What is dominoes"
                    },
                    {
                        "value": 800,
                        "clue": "This \"explosive\" combo, a shot of schnapps in a glass of beer",
                        "solution": "What is a depth charge"
                    },
                    {
                        "value": 1200,
                        "clue": "This 5-letter term for a male duck",
                        "solution": "What is a drake"
                    },
                    {
                        "value": 1600,
                        "clue": "The Diavel model & also this maker that says the muscular bike is \"hard to be seen, easy to be noticed\"",
                        "solution": "What is Ducati"
                    },
                    {
                        "value": 2000,
                        "clue": "This Latin title of Oscar Wilde's really long letter from prison to Lord Alfred Douglas",
                        "solution": "What is De Profundis"
                    }
                ]
            },
            {
                "category": "POETIC LAST LINES",
                "clues": [
                    {
                        "value": 400,
                        "clue": "T .S. Eliot's \"The Hollow Men\" ends by telling us the world \"ends not with a bang but\" with this",
                        "solution": "What is a whimper"
                    },
                    {
                        "value": 800,
                        "clue": "\"Poems are made by fools like me\", Joyce Kilmer justly wrote, \"but only God can\" do this",
                        "solution": "What is make a tree"
                    },
                    {
                        "value": 1200,
                        "clue": "He asked (with \"Experience\"), \"What immortal hand or eye dare frame thy fearful symmetry?\"",
                        "solution": "What is (William) Blake"
                    },
                    {
                        "value": 1600,
                        "clue": "\"Rage, rage against the dying of the light\" is one of his pieces of parting advice",
                        "solution": "What is Dylan Thomas"
                    },
                    {
                        "value": 2000,
                        "clue": "Byron lamented, \"the day returns too soon / yet we'll go no more a-roving by\" this",
                        "solution": "What is the light of the moon"
                    }
                ]
            }
        ],
        "final": {
            "category": "THE 1960s",
            "clue": "On nominating this man in 1967, LBJ said \"It is the right thing to do, the right time to do it, the right man & the right place\"",
            "solution": "What is Thurgood Marshall"
        }
    }
}