{
    "game": {
        "single": [
            {
                "category": "STATE CAPITALS",
                "clues": [
                    {
                        "value": 100,
                        "clue": "More than half of Utah's people live within 30 miles of this capital",
                        "solution": "What is Salt Lake City"
                    },
                    {
                        "value": 200,
                        "clue": "Larkin G. Mead designed the Lincoln Tomb in this capital",
                        "solution": "What is Springfield (Illinois)"
                    },
                    {
                        "value": 300,
                        "clue": "The Boston Celtics play some home games at this Connecticut capital's Civic Center",
                        "solution": "What is Hartford"
                    },
                    {
                        "value": 400,
                        "clue": "This South Dakota capital is on the site of the capital of the Aricara Indian Nation",
                        "solution": "What is Pierre"
                    },
                    {
                        "value": 500,
                        "clue": "This city lies at the southern end of Puget Sound",
                        "solution": "What is Olympia"
                    }
                ]
            },
            {
                "category": "SCIENCE",
                "clues": [
                    {
                        "value": 100,
                        "clue": "Vulcanization increases the hardness of this by heating it with sulphur",
                        "solution": "What is rubber"
                    },
                    {
                        "value": 200,
                        "clue": "Dieters should know that this unit of energy is equal to about 4.2 joules",
                        "solution": "What is a calorie"
                    },
                    {
                        "value": 300,
                        "clue": "It's the main constituent of the cell walls of plants",
                        "solution": "What is cellulose"
                    },
                    {
                        "value": 400,
                        "clue": "The symbol of this form of oxygen that screens the Earth from ultraviolet rays is O3",
                        "solution": "What is ozone"
                    },
                    {
                        "value": 500,
                        "clue": "It's an alloy consisting primarily of copper and zinc",
                        "solution": "What is brass"
                    }
                ]
            },
            {
                "category": "VEGGIES",
                "clues": [
                    {
                        "value": 100,
                        "clue": "String, stringless & wax are varieties of the snap type of these",
                        "solution": "What is beans"
                    },
                    {
                        "value": 200,
                        "clue": "You don't have to know the language to know the Swedes call it a \"baggy root\"",
                        "solution": "What is a rutabaga"
                    },
                    {
                        "value": 300,
                        "clue": "It's eaten fresh, cooked or fermented as sauerkraut",
                        "solution": "What is cabbage"
                    },
                    {
                        "value": 400,
                        "clue": "Carrots are rich in carotene, which the body uses to produce this vitamin",
                        "solution": "What is vitamin A"
                    },
                    {
                        "value": 500,
                        "clue": "The more common name for colorful \"flint\" corn",
                        "solution": "What is Indian corn"
                    }
                ]
            },
            {
                "category": "TOYS & GAMES",
                "clues": [
                    {
                        "value": 100,
                        "clue": "On Italian cards, these are called spada, sword; coppa, cup; denaro, money; & bastone, rod",
                        "solution": "What is suits"
                    },
                    {
                        "value": 200,
                        "clue": "The name of this children's game means to leap over a line or scratch",
                        "solution": "What is hopscotch"
                    },
                    {
                        "value": 300,
                        "clue": "Game in which you can score a ringer or a leaner",
                        "solution": "What is horseshoes"
                    },
                    {
                        "value": 400,
                        "clue": "Liquid plastic used to make \"Creepy Crawlers\" in the 1960s",
                        "solution": "What is Plasti-Goop"
                    },
                    {
                        "value": 500,
                        "clue": "A variation of this board game, often played in the Navy, is called acey-deucey",
                        "solution": "What is backgammon"
                    }
                ]
            },
            {
                "category": "EPONYMS",
                "clues": [
                    {
                        "value": 100,
                        "clue": "This measure of sound intensity was named for Alexander Graham Bell",
                        "solution": "What is decibel"
                    },
                    {
                        "value": 200,
                        "clue": "Some say Charles Moncke, a London blacksmith, invented this mechanic's wrench",
                        "solution": "What is a monkey wrench"
                    },
                    {
                        "value": 300,
                        "clue": "Charles Dickens' businessman whose name is a byword for stinginess",
                        "solution": "What is Scrooge"
                    },
                    {
                        "value": 400,
                        "clue": "This 1st name of a malcontent who failed to blow up Parliament is now synonymous with \"fellow\"",
                        "solution": "What is Guy Fawkes"
                    },
                    {
                        "value": 500,
                        "clue": "This lacy table mat is named for a London linen shop owner who sold them",
                        "solution": "What is doily"
                    }
                ]
            },
            {
                "category": "\"MY\" SONGS",
                "clues": [
                    {
                        "value": 100,
                        "clue": "It begins, \"Raindrops on roses & whiskers on kittens, bright copper kettles & warm woolen mittens\"",
                        "solution": "What is \"My Favorite Things\""
                    },
                    {
                        "value": 200,
                        "clue": "Both Elvis & Frank Sinatra had Top 40 hits with this song for which Paul Anka wrote the English lyrics",
                        "solution": "What is \"My Way\""
                    },
                    {
                        "value": 300,
                        "clue": "According to songwriters Sammy Cahn & James Van Heusen, it's what Chicago is",
                        "solution": "What is \"My Kind Of Town\""
                    },
                    {
                        "value": 400,
                        "clue": "Mary Martin became closely identified with this tune after singing it in Cole Porter's \"Leave it to Me\"",
                        "solution": "What is \"My Heart Belongs To Daddy\""
                    },
                    {
                        "value": 500,
                        "clue": "In 1972 Chuck Berry had his first & only No. 1 hit with this novelty song",
                        "solution": "What is \"My Ding-A-Ling\""
                    }
                ]
            }
        ],
        "double": [
            {
                "category": "LITERARY TRIVIA",
                "clues": [
                    {
                        "value": 200,
                        "clue": "A R.P. Warren Pulitzer-winning work, or some of those who \"couldn't put Humpty together again\"",
                        "solution": "What is All the King's Men"
                    },
                    {
                        "value": 400,
                        "clue": "This novelist who wrote \"Burr\" has also written mysteries under the pen name \"Edgar Box\"",
                        "solution": "What is Gore Vidal"
                    },
                    {
                        "value": 600,
                        "clue": "He published \"Maggie: A Girl of the Streets\" as Johnston Smith, 2 of the most common names he could find",
                        "solution": "What is Stephen Crane"
                    },
                    {
                        "value": 800,
                        "clue": "\"Bartlett's Familiar Quotations\" calls this R. Chandler title \"a synonym for death\"",
                        "solution": "What is The Big Sleep"
                    },
                    {
                        "value": 1000,
                        "clue": "Only 11 first editions survive of this author's first book, \"Tamerlane and Other Poems\"",
                        "solution": "What is Edgar Allan Poe"
                    }
                ]
            },
            {
                "category": "FLAGS",
                "clues": [
                    {
                        "value": 200,
                        "clue": "The flags of 4 of Canada's 10 provinces include versions of this nation's flag",
                        "solution": "What is Great Britain"
                    },
                    {
                        "value": 400,
                        "clue": "This Asian nation's orange, white & green flag is based on that of its Congress Party",
                        "solution": "What is India"
                    },
                    {
                        "value": 600,
                        "clue": "This tiny country's flag bears crossed key & a tiara",
                        "solution": "What is the Vatican"
                    },
                    {
                        "value": 800,
                        "clue": "This country's flag is based on the flag of Haiti, from which it seceded in 1844",
                        "solution": "What is the Dominican Republic"
                    },
                    {
                        "value": 1000,
                        "clue": "This African country's flag was identical with Guinea's until they added a big black R",
                        "solution": "What is Rwanda"
                    }
                ]
            },
            {
                "category": "SICKNESS & HEALTH",
                "clues": [
                    {
                        "value": 200,
                        "clue": "Hypoglycemia occurs when there's an abnormally low level of this in the blood",
                        "solution": "What is sugar"
                    },
                    {
                        "value": 400,
                        "clue": "Term for any cancer-causing substance such as asbestos or tobacco smoke",
                        "solution": "What is carcinogen"
                    },
                    {
                        "value": 600,
                        "clue": "Warts & moles are considered to be superficial benign ones",
                        "solution": "What is tumors"
                    },
                    {
                        "value": 800,
                        "clue": "Also called urticaria, these red & white welts may appear as a result of an allergy",
                        "solution": "What is hives"
                    },
                    {
                        "value": 1000,
                        "clue": "Peptic ulcers can affect this first section of the small intestine as well as the stomach",
                        "solution": "What is the duodenum"
                    }
                ]
            },
            {
                "category": "QUOTES",
                "clues": [
                    {
                        "value": 200,
                        "clue": "Ambrose Bierce defined a bore as \"a person who talks when you wish him to\" do this",
                        "solution": "What is listen"
                    },
                    {
                        "value": 400,
                        "clue": "Sir James Dewar reportedly said, \"Minds are like parachutes. They only function when they are\" this",
                        "solution": "What is open"
                    },
                    {
                        "value": 600,
                        "clue": "Iago said this \"green-eyed monster... doth mock the meat it feeds on\"",
                        "solution": "What is jealousy"
                    },
                    {
                        "value": 800,
                        "clue": "Sophocles said this \"eases all things\", not heals all wounds",
                        "solution": "What is time"
                    },
                    {
                        "value": 1000,
                        "clue": "The expression \"Less is more\" is found in his 1855 poem \"Andrea del Sarto\"",
                        "solution": "What is Robert Browning"
                    }
                ]
            },
            {
                "category": "COLLEGES & UNIVERSITIES",
                "clues": [
                    {
                        "value": 200,
                        "clue": "Edmund Halley was a prof. of geometry at this school before he was named Astronomer Royal in 1720",
                        "solution": "What is Oxford"
                    },
                    {
                        "value": 400,
                        "clue": "There's a college named for these hills in Spearfish, South Dakota",
                        "solution": "What is the Black Hills"
                    },
                    {
                        "value": 600,
                        "clue": "This university in Provo, Utah also has a campus in Hawaii",
                        "solution": "What is Brigham Young"
                    },
                    {
                        "value": 800,
                        "clue": "In Colonial America colleges & universities were concerned mainly with training men for this vocation",
                        "solution": "What is the ministry"
                    },
                    {
                        "value": 1000,
                        "clue": "The U.S.' first coeducational college, it also admitted students regardless of color",
                        "solution": "What is Oberlin"
                    }
                ]
            },
            {
                "category": "THE 13th CENTURY",
                "clues": [
                    {
                        "value": 200,
                        "clue": "In 1295 this explorer returned to Venice after an absence of 24 years",
                        "solution": "What is Marco Polo"
                    },
                    {
                        "value": 400,
                        "clue": "Leprosy was introduced into England by men returning from these wars",
                        "solution": "What is the Crusades"
                    },
                    {
                        "value": 600,
                        "clue": "Most of the 63 clauses of this 1215 document were concerned with feudal law, not the rights of the masses",
                        "solution": "What is the Magna Carta"
                    },
                    {
                        "value": 800,
                        "clue": "This German city originated as 2 small villages on the Spree River just south of Spandau",
                        "solution": "What is Berlin"
                    },
                    {
                        "value": 1000,
                        "clue": "This priest's greatest work, \"Summa Theologica\", was unfinished at his death in 1274",
                        "solution": "What is (Thomas) Aquinas"
                    }
                ]
            }
        ],
        "final": {
            "category": "U.S. PRESIDENTS",
            "clue": "On Feb. 5, 1924 he became the only president buried in Washington, D.C.",
            "solution": "What is Woodrow Wilson"
        }
    }
}