{
    "game": {
        "single": [
            {
                "category": "IT HAPPENED IN MAY",
                "clues": [
                    {
                        "value": 200,
                        "clue": "This Nevada city was founded in May 1905 on 110 acres that would eventually become the city's downtown",
                        "solution": "What is Las Vegas"
                    },
                    {
                        "value": 400,
                        "clue": "Joan of Arc lifted the Siege of Orleans in May 1429, turning the tide in this long conflict",
                        "solution": "What is the Hundred Years' War"
                    },
                    {
                        "value": 600,
                        "clue": "These criminals known for robbery & violence were shot dead on May 23, 1934",
                        "solution": "What is Bonnie and Clyde"
                    },
                    {
                        "value": 800,
                        "clue": "Father of the famous Quaker, Admiral William Penn failed to take Hispaniola from the Spanish in April of 1655, but did capture this island in May",
                        "solution": "What is Jamaica"
                    },
                    {
                        "value": 1000,
                        "clue": "This chemist was guillotined in May 1794; legend has it that the judge said, \"The republic has no need of geniuses\"",
                        "solution": "What is Lavoisier"
                    }
                ]
            },
            {
                "category": "IDIOMS AROUND THE HOUSE",
                "clues": [
                    {
                        "value": 200,
                        "clue": "If you are being \"called on\" this floor covering, you are being reprimanded",
                        "solution": "What is the carpet"
                    },
                    {
                        "value": 400,
                        "clue": "Accusing someone of a failing that you also have? That's this expression that mentions 2 pieces of cookware",
                        "solution": "What is the pot calling the kettle black"
                    },
                    {
                        "value": 600,
                        "clue": "Temporarily staying in a series of other people's homes with makeshift sleeping arrangements is doing this—hang ten!",
                        "solution": "What is couch surf (or bed surfing)"
                    },
                    {
                        "value": 800,
                        "clue": "\"The hand that\" does this \"rules the world\"",
                        "solution": "What is rock the cradle"
                    },
                    {
                        "value": 1000,
                        "clue": "Tertullian's proverb \"de calcaria in carbonarium\" is said to be the source of this phrase for going from bad to worse",
                        "solution": "What is out of the frying pan and into the fire"
                    }
                ]
            },
            {
                "category": "SATURDAY NIGHT LIVE ALUMNI",
                "clues": [
                    {
                        "value": 200,
                        "clue": "In 2017 he received an honorary doctorate & delivered the commencement address at his alma mater, USC",
                        "solution": "What is Will Ferrell"
                    },
                    {
                        "value": 400,
                        "clue": "On receiving the Mark Twain Prize for Humor, she thanked Sarah Palin: \"My...resemblance & her crazy voice are the 2 luckiest things\"",
                        "solution": "What is Tina Fey"
                    },
                    {
                        "value": 600,
                        "clue": "She's given voice to characters in \"The Emoji Movie\" & \"The Nut Job\"",
                        "solution": "What is (Maya) Rudolph"
                    },
                    {
                        "value": 800,
                        "clue": "\"The Tonight Show Starring Jimmy Fallon\" leads into \"Late Night With\" this fellow alumnus",
                        "solution": "What is Seth Meyers"
                    },
                    {
                        "value": 1000,
                        "clue": "He plays hitman & wannabe actor Barry Berkman on HBO",
                        "solution": "What is Bill Hader"
                    }
                ]
            },
            {
                "category": "GAME OF THORNS",
                "clues": [
                    {
                        "value": 200,
                        "clue": "In some legends, this sorcerer teaches the Lady of the Lake magic & she uses it to imprison him in an enchanted thorn bush",
                        "solution": "What is Merlin"
                    },
                    {
                        "value": 400,
                        "clue": "The crown-of-thorns species of this marine creature is multi-armed & dangerous to coral reefs",
                        "solution": "What is a starfish"
                    },
                    {
                        "value": 600,
                        "clue": "A thwarted love affair between a Catholic priest & a young woman in Australia is at the heart of this 1977 bestseller",
                        "solution": "What is The Thorn Birds"
                    },
                    {
                        "value": 800,
                        "clue": "The name of this large, spiny rodent comes from the Latin for \"thorn pig\"",
                        "solution": "What is a porcupine"
                    },
                    {
                        "value": 1000,
                        "clue": "EBTG is short for this band formed by Ben Watt & Tracey Thorn in 1982",
                        "solution": "What is Everything But The Girl"
                    }
                ]
            },
            {
                "category": "TIME FOR GYM",
                "clues": [
                    {
                        "value": 200,
                        "clue": "Treadmill users, subtract your age from 200 to get your maximum heart rate that's measured in BPM, short for this",
                        "solution": "What is beats per minute"
                    },
                    {
                        "value": 400,
                        "clue": "(Jimmy of the Clue Crew demonstrates a resistance band.) Let's blast those biceps! With your muscles fully stretched, resistance will be greater as you rise using a band to do these",
                        "solution": "What is bicep curls"
                    },
                    {
                        "value": 600,
                        "clue": "Proverbially, you do it to \"the numbers\"; physically, you do it to your abs, on your back with your knees bent & feet flat",
                        "solution": "What is crunches, or crunch"
                    },
                    {
                        "value": 800,
                        "clue": "Some advice for this 4-letter class—don't stand on the bike pedals with a vertical spine; it reduces power & is bad on your knees",
                        "solution": "What is spin class"
                    },
                    {
                        "value": 1000,
                        "clue": "One dictionary meaning is \"to be stationed so as to provide safety assistance\"; would you do it for me as I bench 550?",
                        "solution": "What is spot"
                    }
                ]
            },
            {
                "category": "CANADIANA",
                "clues": [
                    {
                        "value": 200,
                        "clue": "Each fall in the Arctic, a herd of these deer—as many as 250,000—travels south to feed in forested regions",
                        "solution": "What is caribou"
                    },
                    {
                        "value": 400,
                        "clue": "Some say the name of this beloved dish is from Quebecois slang for a mess",
                        "solution": "What is poutine"
                    },
                    {
                        "value": 600,
                        "clue": "25,000 volunteers helped out with the 2010 Winter Olympics hosted by this western city",
                        "solution": "What is Vancouver"
                    },
                    {
                        "value": 800,
                        "clue": "This prairie province that borders Montana is the only one with no natural features defining its boundaries",
                        "solution": "What is Saskatchewan"
                    },
                    {
                        "value": 1000,
                        "clue": "In 1497 Newfoundland & Labrador were claimed for England by this Italian-born explorer",
                        "solution": "What is John Cabot (or Giovanni Caboto)"
                    }
                ]
            }
        ],
        "double": [
            {
                "category": "A PLACE ON THE LAKE",
                "clues": [
                    {
                        "value": 400,
                        "clue": "It's the most populous city on Lake Michigan",
                        "solution": "What is Chicago"
                    },
                    {
                        "value": 800,
                        "clue": "The second-largest city in Tanzania is the port of Mwanza on this African lake",
                        "solution": "What is Victoria"
                    },
                    {
                        "value": 1200,
                        "clue": "This spa town, a big name in bottled water, is on the French shore of Lake Geneva",
                        "solution": "What is Evian"
                    },
                    {
                        "value": 1600,
                        "clue": "Abu Simbel is on the shore of this body of water that didn't exist before 1970",
                        "solution": "What is Lake Nasser"
                    },
                    {
                        "value": 2000,
                        "clue": "Come visit Goryachinsk, located on the shore of this oldest & deepest freshwater lake",
                        "solution": "What is Lake Baikal"
                    }
                ]
            },
            {
                "category": "NON-POLITICAL PRESIDENTS",
                "clues": [
                    {
                        "value": 400,
                        "clue": "In 2019 Randi Weingarten, pres. of this union, AFT for short, joined L.A. educators on the picket line",
                        "solution": "What is the American Federation of Teachers"
                    },
                    {
                        "value": 800,
                        "clue": "After resigning as president of the American Red Cross, she founded the National First Aid Society",
                        "solution": "What is Clara Barton"
                    },
                    {
                        "value": 1200,
                        "clue": "In 2019, after more than 6 years in the post, Jim Yong Kim withdrew as president of this international lending organization",
                        "solution": "What is the World Bank"
                    },
                    {
                        "value": 2000,
                        "clue": "In 1892 he founded the Sierra Club & served as its first president",
                        "solution": "What is John Muir"
                    }
                ]
            },
            {
                "category": "POETS & POETRY",
                "clues": [
                    {
                        "value": 400,
                        "clue": "He began a poem, \"I celebrate myself, and sing myself\"",
                        "solution": "What is (Walt) Whitman"
                    },
                    {
                        "value": 800,
                        "clue": "A poem about these title insects \"in the Garden\" says, \"Here come real stars to fill the upper skies\"",
                        "solution": "What is fireflies"
                    },
                    {
                        "value": 1200,
                        "clue": "\"The Burial of the Dead\" is the first of 5 sections that make up this T.S. Eliot poem",
                        "solution": "What is \"The Waste Land\""
                    },
                    {
                        "value": 1600,
                        "clue": "Completes the line by Stevie Smith: \"I was much further out that you thought and not waving but\" this",
                        "solution": "What is drowning"
                    },
                    {
                        "value": 2000,
                        "clue": "Struck by the appearance of his cousin in a spangled mourning dress, he wrote, \"She walks in beauty, like the night\"",
                        "solution": "What is Lord Byron"
                    }
                ]
            },
            {
                "category": "THE MORE \"C\"OMMON WORD",
                "clues": [
                    {
                        "value": 400,
                        "clue": "Masticate: This 4-letter action",
                        "solution": "What is chew"
                    },
                    {
                        "value": 800,
                        "clue": "Cudgel: A short, heavy one of these",
                        "solution": "What is a club"
                    },
                    {
                        "value": 1200,
                        "clue": "Nubilous: Literally, this",
                        "solution": "What is cloudy"
                    },
                    {
                        "value": 1600,
                        "clue": "Ectothermic",
                        "solution": "What is cold-blooded"
                    },
                    {
                        "value": 2000,
                        "clue": "Parturition: This 10-letter word",
                        "solution": "What is childbirth"
                    }
                ]
            },
            {
                "category": "LET'S PUT ON A MUSICAL",
                "clues": [
                    {
                        "value": 400,
                        "clue": "We'll need a lot of people in the company to get a rousing performance of \"Masquerade\" from this Andrew Lloyd Webber show",
                        "solution": "What is The Phantom of the Opera"
                    },
                    {
                        "value": 800,
                        "clue": "Okay, so Val, who sings \"Dance: Ten; Looks: Three\" in this musical, should definitely be a hoofer",
                        "solution": "What is A Chorus Line"
                    },
                    {
                        "value": 1200,
                        "clue": "Sets we're going to need for \"Carrie\": the White home, the pig farm & this festive event where things get bloody at the end",
                        "solution": "What is the prom"
                    },
                    {
                        "value": 1600,
                        "clue": "\"Kismet\" is set in this world capital, so we'll need people to play mosque worshippers",
                        "solution": "What is Baghdad"
                    },
                    {
                        "value": 2000,
                        "clue": "Hire some bagpipers! Like Tommy who loves his Fiona, we shall return to this musical",
                        "solution": "What is Brigadoon"
                    }
                ]
            },
            {
                "category": "TICK...TICK...BOOM!",
                "clues": [
                    {
                        "value": 400,
                        "clue": "A precision-guided bomb with controls that direct its fall is this \"clever\" type",
                        "solution": "What is a smart missile (or a smart bomb)"
                    },
                    {
                        "value": 2000,
                        "clue": "Water pressure causes these antisubmarine weapons to explode at a preselected distance below the surface",
                        "solution": "What is a depth charge"
                    }
                ]
            }
        ],
        "final": {
            "category": "AMERICAN WOMEN",
            "clue": "In 2006 Arizona State University renamed its college of law in honor of this history-making woman & longtime Arizona resident",
            "solution": "What is Sandra Day O'Connor"
        }
    }
}