{
    "game": {
        "single": [
            {
                "category": "GENERAL SCIENCE",
                "clues": [
                    {
                        "value": 100,
                        "clue": "Albert Einstein announced his special theory of this in 1905 & his general theory in 1915",
                        "solution": "What is relativity"
                    },
                    {
                        "value": 200,
                        "clue": "Under the oceans, this part of the Earth is generally only 3-5 miles thick",
                        "solution": "What is the crust"
                    },
                    {
                        "value": 300,
                        "clue": "Chalk & limestone are naturally occurring forms of this compound, CaCO3",
                        "solution": "What is calcium carbonate"
                    },
                    {
                        "value": 400,
                        "clue": "Ammonia, widely used as a refrigerant & cleaner, is composed of hydrogen & this element",
                        "solution": "What is nitrogen"
                    },
                    {
                        "value": 500,
                        "clue": "Proteins such as pepsin & rennin that act as catalysts in the body are termed these",
                        "solution": "What is enzymes"
                    }
                ]
            },
            {
                "category": "TELEVISION",
                "clues": [
                    {
                        "value": 100,
                        "clue": "Jack Jones sang this series' theme song from 1977 to 1985; Dionne Warwick sang it the last season",
                        "solution": "What is The Love Boat"
                    },
                    {
                        "value": 200,
                        "clue": "This 600-pound American black bear lived in the Florida Everglades with the Wedloes",
                        "solution": "What is Gentle Ben"
                    },
                    {
                        "value": 300,
                        "clue": "On December 2, 1969 astronaut Tony Nelson married her",
                        "solution": "What is Jeannie"
                    },
                    {
                        "value": 400,
                        "clue": "A 1976 Writing Emmy was awarded for the \"Chuckles Bites the Dust\" episode of this series",
                        "solution": "What is The Mary Tyler Moore Show"
                    },
                    {
                        "value": 500,
                        "clue": "In \"The Dick Van Dyke Show\", it was the series for which Rob Petrie was head writer",
                        "solution": "What is The Alan Brady Show"
                    }
                ]
            },
            {
                "category": "PET FOOD",
                "clues": [
                    {
                        "value": 100,
                        "clue": "Milk-Bone brand dog biscuits claim to clean teeth & freshen this naturally",
                        "solution": "What is breath"
                    },
                    {
                        "value": 200,
                        "clue": "A brand described as \"just good cat food\", or a stray feline who hangs out in passageways",
                        "solution": "What is Alley Cat"
                    },
                    {
                        "value": 300,
                        "clue": "A dog food \"recommended by top breeders\", or the ancestral line of a purebred canine",
                        "solution": "What is Pedigree"
                    },
                    {
                        "value": 400,
                        "clue": "The cat food known as \"Kit 'N\" this claims \"It makes other meals seem downright mousy!\"",
                        "solution": "What is Kaboodle"
                    },
                    {
                        "value": 500,
                        "clue": "Something given in return for a good deed, or a dog food \"for the very best dogs in the world\"",
                        "solution": "What is Reward"
                    }
                ]
            },
            {
                "category": "BIBLICAL TRANSPORTATION",
                "clues": [
                    {
                        "value": 100,
                        "clue": "In Exodus he floated on the Nile in a bulrush basket",
                        "solution": "What is Moses"
                    },
                    {
                        "value": 200,
                        "clue": "Numbers 7 mentions covered ones pulled by oxen",
                        "solution": "What is wagons"
                    },
                    {
                        "value": 300,
                        "clue": "In Judges 1:19 these war vehicles are \"of iron\"",
                        "solution": "What is chariots"
                    },
                    {
                        "value": 400,
                        "clue": "In Genesis 6 God said it should be pitched within & without with pitch",
                        "solution": "What is Noah's Ark (the ark accepted)"
                    },
                    {
                        "value": 500,
                        "clue": "Genesis 24 explains how to care for these, water them, feed them & make them kneel",
                        "solution": "What is camels"
                    }
                ]
            },
            {
                "category": "NATIONAL ANTHEMS",
                "clues": [
                    {
                        "value": 100,
                        "clue": "Written as a marching song during the French Revolution, it later became the country's national anthem",
                        "solution": "What is the \"Marseillaise\""
                    },
                    {
                        "value": 200,
                        "clue": "This country's \"Hymn to Liberty\" was based on a poem by Dionysios Solomos",
                        "solution": "What is Greece"
                    },
                    {
                        "value": 300,
                        "clue": "The melody to \"America\" was borrowed from this national anthem",
                        "solution": "What is \"God Save the King\" (or \"Queen\")"
                    },
                    {
                        "value": 400,
                        "clue": "\"Hatikvah\", meaning \"hope\", was adopted as this country's national anthem in 1948",
                        "solution": "What is Israel"
                    },
                    {
                        "value": 500,
                        "clue": "Franz Erkel, a noted composer of this country, wrote its nat'l anthem, \"Isten Aldd Meg A Magyart\"",
                        "solution": "What is Hungary"
                    }
                ]
            },
            {
                "category": "ABBREVIATIONS",
                "clues": [
                    {
                        "value": 100,
                        "clue": "Abbreviated \"mlle.\", it's the French equivalent of \"miss\"",
                        "solution": "What is mademoiselle"
                    },
                    {
                        "value": 200,
                        "clue": "On an application form, DOB is an abbreviation for this",
                        "solution": "What is date of birth"
                    },
                    {
                        "value": 300,
                        "clue": "DM is an abbreviation for this German unit of currency",
                        "solution": "What is Deutsche Mark"
                    },
                    {
                        "value": 400,
                        "clue": "Meaning \"conversely\", V.V. is an abbreviation for this Latin phrase",
                        "solution": "What is vice versa"
                    },
                    {
                        "value": 500,
                        "clue": "In optics & photography, FL stands for this",
                        "solution": "What is focal length"
                    }
                ]
            }
        ],
        "double": [
            {
                "category": "WORLD CITIES",
                "clues": [
                    {
                        "value": 200,
                        "clue": "The lighthouse on Pharos in the harbor of this Egyptian city was 1 of the 7 Wonders of the Ancient World",
                        "solution": "What is Alexandria"
                    },
                    {
                        "value": 400,
                        "clue": "This European capital has a Tycho Brahe Planetarium on Gammel Kongevej Street",
                        "solution": "What is Copenhagen"
                    },
                    {
                        "value": 600,
                        "clue": "This Canadian city's metro was the first subway in the Western Hemisphere to use rubber tires",
                        "solution": "What is Montreal"
                    },
                    {
                        "value": 800,
                        "clue": "From 1920 to 1939, this Lithuanian capital was the capital of the Polish province of Wilno",
                        "solution": "What is Vilnius"
                    },
                    {
                        "value": 1000,
                        "clue": "Pakistan's largest city, it was the country's capital from 1947 to 1959",
                        "solution": "What is Karachi"
                    }
                ]
            },
            {
                "category": "ARTISTS",
                "clues": [
                    {
                        "value": 200,
                        "clue": "Thomas Hart Benton was once a cartoonist for the Joplin American in this, his home state",
                        "solution": "What is Missouri"
                    },
                    {
                        "value": 400,
                        "clue": "Of Miro, Marisol or Morisot, the one who isn't female",
                        "solution": "What is (Joan) Miró"
                    },
                    {
                        "value": 600,
                        "clue": "Jose Orozco, a colleague of Diego Rivera, was one of this country's greatest muralists",
                        "solution": "What is Mexico"
                    },
                    {
                        "value": 800,
                        "clue": "Goya's wall paintings decorate the Church of San Antonio de la Florida in this capital city",
                        "solution": "What is Madrid"
                    },
                    {
                        "value": 1000,
                        "clue": "The modern artist who was born Milton Rauschenberg changed his first name to this",
                        "solution": "What is Robert"
                    }
                ]
            },
            {
                "category": "LANGUAGES",
                "clues": [
                    {
                        "value": 200,
                        "clue": "Petronius & Cicero were known to write in the Vulgar form of this language",
                        "solution": "What is Latin"
                    },
                    {
                        "value": 400,
                        "clue": "Khalkha, spoken around Ulan Bator, is the official dialect of this country",
                        "solution": "What is Mongolia"
                    },
                    {
                        "value": 600,
                        "clue": "Street signs in Brussels are printed in French & this language",
                        "solution": "What is Flemish"
                    },
                    {
                        "value": 800,
                        "clue": "In addition to English, most people of this self-governing U.S. island also speak Chamorro",
                        "solution": "What is Guam"
                    },
                    {
                        "value": 1000,
                        "clue": "It's the only Slavic language that is an official language of the United Nations",
                        "solution": "What is Russian"
                    }
                ]
            },
            {
                "category": "PLAYS & PLAYWRIGHTS",
                "clues": [
                    {
                        "value": 200,
                        "clue": "John Galsworthy refused this honor in 1918, so we don't have to call him Sir John",
                        "solution": "What is the knighthood"
                    },
                    {
                        "value": 400,
                        "clue": "John Fletcher wrote \"The Wild Goose Chase\" & this Norwegian wrote \"The Wild Duck\"",
                        "solution": "What is Ibsen"
                    },
                    {
                        "value": 600,
                        "clue": "George Bernard Shaw's play \"The Devil's Disciple\" takes place in America during this 18th century war",
                        "solution": "What is the American Revolution"
                    },
                    {
                        "value": 800,
                        "clue": "Turgenev wrote a play called \"A Month in\" this place — how bucolic",
                        "solution": "What is the Country"
                    },
                    {
                        "value": 1000,
                        "clue": "The N.Y. Drama Critics Circle gave its 1991 Best Play prize to John Guare's play \"Six Degrees of\" this",
                        "solution": "What is Separation"
                    }
                ]
            },
            {
                "category": "COLORFUL WORDS & PHRASES",
                "clues": [
                    {
                        "value": 200,
                        "clue": "Something of insignificant value is said not to be worth this color cent",
                        "solution": "What is red"
                    },
                    {
                        "value": 400,
                        "clue": "It's the money paid by golfers to play on a course",
                        "solution": "What is greens fees"
                    },
                    {
                        "value": 600,
                        "clue": "Grandfather Mountain in North Carolina is one of the highest peaks in this Appalachian range",
                        "solution": "What is the Blue Ridge"
                    },
                    {
                        "value": 800,
                        "clue": "Type of reporting Hearst & Pulitzer used to fan the fires of war between Spain & the U.S.",
                        "solution": "What is yellow journalism"
                    },
                    {
                        "value": 1000,
                        "clue": "This city in Southern Texas lies on the Rio Grande across from Matamoros, Mexico",
                        "solution": "What is Brownsville"
                    }
                ]
            },
            {
                "category": "THE BILL OF RIGHTS",
                "clues": [
                    {
                        "value": 200,
                        "clue": "This amendment guarantees that a person cannot be forced to testify against himself",
                        "solution": "What is the Fifth Amendment"
                    },
                    {
                        "value": 400,
                        "clue": "\"In all criminal prosecutions, the accused shall enjoy the right to a speedy & public\" one of these",
                        "solution": "What is a trial"
                    },
                    {
                        "value": 600,
                        "clue": "The Bill of Rights guarantees that private property shall not be taken for public use without this",
                        "solution": "What is just compensation"
                    },
                    {
                        "value": 800,
                        "clue": "This state's Declaration of Rights was the model for our first 10 amendments",
                        "solution": "What is Virginia"
                    },
                    {
                        "value": 1000,
                        "clue": "This future president served on the House committee which prepared the Bill of Rights",
                        "solution": "What is (James) Madison"
                    }
                ]
            }
        ],
        "final": {
            "category": "AMERICAN STORIES",
            "clue": "Story that begins, \"Whoever has made a voyage up the Hudson must remember the Kaatskill Mountains\"",
            "solution": "What is \"Rip Van Winkle\""
        }
    }
}