{
    "game": {
        "single": [
            {
                "category": "IN THE D.C. AREA",
                "clues": [
                    {
                        "value": 200,
                        "clue": "More than 400,000 armed service members & their dependents are buried there",
                        "solution": "What is Arlington National Cemetery"
                    },
                    {
                        "value": 400,
                        "clue": "Like his palatial home, this president's memorial was based in part on the Roman Pantheon",
                        "solution": "What is Jefferson"
                    },
                    {
                        "value": 600,
                        "clue": "The Bill of Rights & the Constitution are on display there",
                        "solution": "What is the National Archives"
                    },
                    {
                        "value": 1000,
                        "clue": "82-acre President's Park is home each December to this tall attraction",
                        "solution": "What is the National Christmas Tree"
                    }
                ]
            },
            {
                "category": "TOYS",
                "clues": [
                    {
                        "value": 200,
                        "clue": "In 2002 she was inducted into the Toy Hall of Fame; brother Andy joined her in 2007",
                        "solution": "What is Raggedy Ann"
                    },
                    {
                        "value": 400,
                        "clue": "This line of toy cars named for a small container started in 1953 with a roller, a dump truck & a cement mixer",
                        "solution": "What is Matchbox"
                    },
                    {
                        "value": 600,
                        "clue": "Kid chefs in 1963 had their choice of turquoise or pale yellow for this toy that made use of a light bulb",
                        "solution": "What is an Easy-Bake Oven"
                    },
                    {
                        "value": 800,
                        "clue": "A spring that \"walked\" instead of falling when knocked over inspired this marvelous toy",
                        "solution": "What is a Slinky"
                    },
                    {
                        "value": 1000,
                        "clue": "It gets its lift in flight from the airfoil at its outer edge that's known as the Morrison slope",
                        "solution": "What is a Frisbee"
                    }
                ]
            },
            {
                "category": "SCRAMBLED EGG-LAYERS",
                "clues": [
                    {
                        "value": 200,
                        "clue": "Lawn favorite: GOLF MAIN",
                        "solution": "What is flamingo"
                    },
                    {
                        "value": 400,
                        "clue": "Also a musical TV family: GARTER DIP",
                        "solution": "What is partridge"
                    },
                    {
                        "value": 600,
                        "clue": "Soaring high: SOLAR TABS",
                        "solution": "What is albatross"
                    },
                    {
                        "value": 800,
                        "clue": "Busy little breed: HIM GRIN DUMB",
                        "solution": "What is hummingbird"
                    },
                    {
                        "value": 1000,
                        "clue": "Surf's up for this one: SPREAD PIN",
                        "solution": "What is sandpiper"
                    }
                ]
            },
            {
                "category": "BESTSELLERS",
                "clues": [
                    {
                        "value": 200,
                        "clue": "In 2015 he had a No. 1 bestseller with his latest legal thriller \"Rogue Lawyer\"",
                        "solution": "What is (John) Grisham"
                    },
                    {
                        "value": 400,
                        "clue": "When it was finally published in the U.S. in 1959, this D.H. Lawrence novel promptly became a bestseller",
                        "solution": "What is Lady Chatterley's Lover"
                    },
                    {
                        "value": 600,
                        "clue": "In 1967 Ira Levin delivered this novel about a satanic birth",
                        "solution": "What is Rosemary's Baby"
                    },
                    {
                        "value": 800,
                        "clue": "Azar Nafisi's bestselling memoir of life & literature in revolutionary Iran is called \"Reading\" this \"in Tehran\"",
                        "solution": "What is Lolita"
                    },
                    {
                        "value": 1000,
                        "clue": "In this Paulo Coelho novel, Santiago is told, \"To realize one's personal legend is a person's only real obligation\"",
                        "solution": "What is The Alchemist"
                    }
                ]
            },
            {
                "category": "LET'S TALK ABOUT \"X\"",
                "clues": [
                    {
                        "value": 200,
                        "clue": "It's a noble gas, man",
                        "solution": "What is xenon"
                    },
                    {
                        "value": 400,
                        "clue": "It's the fear of strangers—look out! They're everywhere!",
                        "solution": "What is xenophobia"
                    },
                    {
                        "value": 600,
                        "clue": "In math the abscissa is the coordinate of a point along this",
                        "solution": "What is the x-axis"
                    },
                    {
                        "value": 800,
                        "clue": "It's prominently featured in Pierre Boulez' 1955 composition \"The Hammer Without A Master\"",
                        "solution": "What is a xylophone"
                    },
                    {
                        "value": 1000,
                        "clue": "This Jesuit & future saint left Rome for Asia in 1540",
                        "solution": "What is (Francis) Xavier"
                    }
                ]
            },
            {
                "category": "WE LOVE YOU, MOM!",
                "clues": [
                    {
                        "value": 200,
                        "clue": "His tattoos include a sparrow over the name Jack & his mom Betty Sue's name inside a heart",
                        "solution": "What is Johnny Depp"
                    },
                    {
                        "value": 400,
                        "clue": "Her song \"The Best Day\" is a love letter to her mom Andrea, who presented her with the ACM Milestone Award in 2015",
                        "solution": "What is Taylor Swift"
                    },
                    {
                        "value": 600,
                        "clue": "This star of \"American Beauty\" took his mom as his Oscar date",
                        "solution": "What is Kevin Spacey"
                    },
                    {
                        "value": 800,
                        "clue": "This Iron Man of the Yankees lived at home speaking German with mom until age 30",
                        "solution": "What is Lou Gehrig"
                    },
                    {
                        "value": 1000,
                        "clue": "This late, great glam rocker only appeared on Bing Crosby's 1977 TV Christmas special because his mum loved Bing",
                        "solution": "What is David Bowie"
                    }
                ]
            }
        ],
        "double": [
            {
                "category": "GRAVE MATTERS",
                "clues": [
                    {
                        "value": 400,
                        "clue": "This astronomer had been in an unmarked grave in Frombork, Poland; he was reinterred in a religious ceremony in 2010",
                        "solution": "What is Copernicus"
                    },
                    {
                        "value": 800,
                        "clue": "A Fort Sumner, New Mexico marker lists pals Tom O'Folliard, Charlie Bowdre & William H. Bonney, alias him",
                        "solution": "What is Billy the Kid"
                    },
                    {
                        "value": 1200,
                        "clue": "Gone too soon, these \"Unforgettable\" singers, father & daughter, are both resting at Forest Lawn in California",
                        "solution": "What is the Coles (Nat King and his daughter, Natalie)"
                    },
                    {
                        "value": 1600,
                        "clue": "Edgar Allan Poe's original burial site has a marker that bears this 4-word quote from one of his poems",
                        "solution": "What is \"Quoth the raven, 'Nevermore'\""
                    },
                    {
                        "value": 2000,
                        "clue": "An Oakland, California Hillside holds the graves of more than 400 victims of a 1978 tragedy at this Guyana site",
                        "solution": "What is Jonestown"
                    }
                ]
            },
            {
                "category": "MUSICAL THEATER",
                "clues": [
                    {
                        "value": 400,
                        "clue": "In 2014 Emma Stone made her Broadway debut playing the lead in this musical set in 1930s Berlin",
                        "solution": "What is Cabaret"
                    },
                    {
                        "value": 800,
                        "clue": "Note the thigh-highs in this 2013 Tony winner for Best Musical",
                        "solution": "What is Kinky Boots"
                    },
                    {
                        "value": 1200,
                        "clue": "As this musical opens, Emile de Becque, a French planter, is entertaining Nellie Forbush at his island home",
                        "solution": "What is South Pacific"
                    },
                    {
                        "value": 1600,
                        "clue": "Miss Honey sings \"This Little Girl\" in this musical based on a Roald Dahl story",
                        "solution": "What is Matilda"
                    },
                    {
                        "value": 2000,
                        "clue": "Dionne Warwick had 2 hits from this musical—\"I'll Never Fall In Love Again\" & the double-talk title tune",
                        "solution": "What is Promises, Promises"
                    }
                ]
            },
            {
                "category": "U.S. GEOGRAPHY",
                "clues": [
                    {
                        "value": 400,
                        "clue": "Kelleys Island, Ohio's largest island, lies within this Great Lake",
                        "solution": "What is Erie"
                    },
                    {
                        "value": 800,
                        "clue": "The Badwater Ultramarathon runs from the lowest point in North America to the lofty summit of this nearby peak",
                        "solution": "What is Mount Whitney"
                    },
                    {
                        "value": 1200,
                        "clue": "Once called Derryfield, this largest New Hampshire city was renamed in 1810 for a British city",
                        "solution": "What is Manchester"
                    },
                    {
                        "value": 1600,
                        "clue": "The Colorado & Yuma Deserts are subdivisions of this Mojave neighbor known as the \"home of the saguaro cactus\"",
                        "solution": "What is the Sonora"
                    },
                    {
                        "value": 2000,
                        "clue": "Lake Texoma on the border of Texas & Oklahoma was created by the building of the Denison Dam on this river",
                        "solution": "What is the Red River"
                    }
                ]
            },
            {
                "category": "ROMAN AROUND",
                "clues": [
                    {
                        "value": 400,
                        "clue": "In a certain play, this man has a request: \"Friends, Romans, countrymen, lend me your ears\"",
                        "solution": "What is Mark Antony"
                    },
                    {
                        "value": 800,
                        "clue": "I, this man who made Britain a province during my reign as emperor, which ended in 54 A.D.",
                        "solution": "What is Claudius"
                    },
                    {
                        "value": 1200,
                        "clue": "Transalpine Gaul was \"Gaul across the Alps\"; this Gaul was \"Gaul on the near side of the Alps\"",
                        "solution": "What is Cisalpine Gaul"
                    },
                    {
                        "value": 1600,
                        "clue": "On Dec. 7, 43 B.C. this orator lost the power of speech... permanently",
                        "solution": "What is Cicero"
                    },
                    {
                        "value": 2000,
                        "clue": "Caligula said, \"Oderint dum metuant\", meaning \"let them hate\" so long as this also occurs",
                        "solution": "What is \"as long as they fear me\""
                    }
                ]
            },
            {
                "category": "\"O\" 2\"B\"",
                "clues": [
                    {
                        "value": 400,
                        "clue": "Helpful Londoner in the middle",
                        "solution": "What is a bobby"
                    },
                    {
                        "value": 800,
                        "clue": "Weebles do it",
                        "solution": "What is wobble"
                    },
                    {
                        "value": 1200,
                        "clue": "He'll mend your Manolos",
                        "solution": "What is a cobbler"
                    },
                    {
                        "value": 1600,
                        "clue": "\"Broncho Billy\" Anderson starred in the 1903 classic \"The Great Train\" this",
                        "solution": "What is robbery"
                    },
                    {
                        "value": 2000,
                        "clue": "When the Fantastic Four's Ben Grimm gets mad, it's this \"time\"",
                        "solution": "What is clobberin' time"
                    }
                ]
            },
            {
                "category": "JUNG",
                "clues": [
                    {
                        "value": 400,
                        "clue": "Carl Jung said that when he first met this man, \"we talked for 13 hours without interruption\"",
                        "solution": "What is (Sigmund) Freud"
                    },
                    {
                        "value": 800,
                        "clue": "As commandant of a World War I internment camp in this country, Jung took prisoners but not sides",
                        "solution": "What is Switzerland"
                    },
                    {
                        "value": 1200,
                        "clue": "It's the opposite of simple: Jung first used this word for a cluster of emotionally charged thoughts in 1907",
                        "solution": "What is complex"
                    },
                    {
                        "value": 1600,
                        "clue": "In 1916 Jung distinguished between these 2 personality types, one reserved & one outgoing",
                        "solution": "What is introverts & extroverts"
                    },
                    {
                        "value": 2000,
                        "clue": "If you passed your \"A.P.\" classes, you know that Jung founded this school of study of the human mind",
                        "solution": "What is analytical psychology"
                    }
                ]
            }
        ],
        "final": {
            "category": "THE SOLAR SYSTEM",
            "clue": "Its surface features include ones named for Margaret Mead, Josephine Baker & Cleopatra",
            "solution": "What is Venus"
        }
    }
}