{
    "game": {
        "single": [
            {
                "category": "20th CENTURY",
                "clues": [
                    {
                        "value": 100,
                        "clue": "Escaped from a N.M. POW camp, a soldier from this country surrendered in 1985, 40 years later",
                        "solution": "What is Germany"
                    },
                    {
                        "value": 200,
                        "clue": "In 1945, manufacturer Milton Reynolds developed 1st practical model of this writing implement",
                        "solution": "What is a ballpoint pen"
                    },
                    {
                        "value": 300,
                        "clue": "Of 2, 5, & 7, number of states to join the U.S. since 1900",
                        "solution": "What is 5"
                    },
                    {
                        "value": 400,
                        "clue": "In 1950s, she worked in a plastics factory; in 1959 she was elected to House of Commons",
                        "solution": "What is Margaret Thatcher"
                    },
                    {
                        "value": 500,
                        "clue": "This recently deceased Soviet leader was born a peasant, orphaned young & had no formal education",
                        "solution": "What is (Konstantin) Chernenko"
                    }
                ]
            },
            {
                "category": "FOOD",
                "clues": [
                    {
                        "value": 100,
                        "clue": "\"Citrullus vulgaris\", it's the source of seeds for seed spitting contests",
                        "solution": "What is a watermelon"
                    },
                    {
                        "value": 200,
                        "clue": "In 1976, a pound of potato chips cost 200 times more than a pound of this related item",
                        "solution": "What is potatoes"
                    },
                    {
                        "value": 300,
                        "clue": "According to Miss Manners, this food should be served head left, tail right",
                        "solution": "What is fish"
                    },
                    {
                        "value": 400,
                        "clue": "At one time, to stretch sugar, grocers on both sides of the Atlantic added these gritty granules",
                        "solution": "What is sand"
                    },
                    {
                        "value": 500,
                        "clue": "H. Fletcher, who chewed his way to health, rhymed, \"nature will castigate those who don't\" do this",
                        "solution": "What is masticate"
                    }
                ]
            },
            {
                "category": "HOLLYWOOD",
                "clues": [
                    {
                        "value": 100,
                        "clue": "She was the 2nd lowest paid star in \"The Wizard of Oz\"",
                        "solution": "What is Judy Garland"
                    },
                    {
                        "value": 200,
                        "clue": "One attraction of Hollywood for early filmmakers was nearness of this border in case of trouble",
                        "solution": "What is Mexico"
                    },
                    {
                        "value": 300,
                        "clue": "Room of the house in which W.C. Fields kept his library",
                        "solution": "What is the bathroom"
                    },
                    {
                        "value": 400,
                        "clue": "About Hollywood, Oscar Levant said, \"Strip off the phony tinsel & you'll find\" this \"underneath\"",
                        "solution": "What is real tinsel"
                    }
                ]
            },
            {
                "category": "BASEBALL",
                "clues": [
                    {
                        "value": 100,
                        "clue": "It's been said that \"to know the heart & mind of\" this place one \"had better learn baseball\"",
                        "solution": "What is America"
                    },
                    {
                        "value": 200,
                        "clue": "Most recent manager to be fired by George Steinbrenner & replaced by Billy Martin",
                        "solution": "What is Yogi Berra"
                    },
                    {
                        "value": 300,
                        "clue": "Biggest crowd to attend baseball game was in 1936 in this country, during the Olympics",
                        "solution": "What is Germany"
                    },
                    {
                        "value": 400,
                        "clue": "1st numerals to identify baseball players by number were found on this team's pinstripes in 1929",
                        "solution": "What is New York Yankees"
                    },
                    {
                        "value": 500,
                        "clue": "In 1972, Bernice Gera was 1st woman to do this at a professional baseball game",
                        "solution": "What is umpire"
                    }
                ]
            },
            {
                "category": "EASY SCIENCE",
                "clues": [
                    {
                        "value": 100,
                        "clue": "Named for Dr. Daniel Salmon, these bacteria can be found in dairy, poultry, & meat products",
                        "solution": "What is salmonella"
                    },
                    {
                        "value": 200,
                        "clue": "It's the Northern Hemisphere's equivalent of the aurora australis",
                        "solution": "What is northern lights (or aurora borealis)"
                    },
                    {
                        "value": 300,
                        "clue": "Of a meteoroid, a meteor, & a meteorite, the one that's on fire",
                        "solution": "What is a meteor"
                    },
                    {
                        "value": 400,
                        "clue": "An M.D. who specializes in the eye",
                        "solution": "What is an ophthalmologist"
                    },
                    {
                        "value": 500,
                        "clue": "The current condition of the atmosphere in terms of heat, pressure, wind, & moisture",
                        "solution": "What is the weather"
                    }
                ]
            },
            {
                "category": "POTPOURRI",
                "clues": [
                    {
                        "value": 100,
                        "clue": "Wanting to contribute to WWII effort, this queen-to-be undertook training in heavy mechanics",
                        "solution": "What is Princess Elizabeth"
                    },
                    {
                        "value": 200,
                        "clue": "This company brags that its best-selling Bible is 40% shorter than the original",
                        "solution": "What is Reader's Digest"
                    },
                    {
                        "value": 400,
                        "clue": "Since his mother invented Liquid Paper, this singer collects royalty on every bottle sold \"Her name was Joanne / And she lived in a meadow by a pond\"",
                        "solution": "What is Mike Nesmith"
                    },
                    {
                        "value": 500,
                        "clue": "First color mentioned in \"America The Beautiful\"",
                        "solution": "What is amber"
                    }
                ]
            }
        ],
        "double": [
            {
                "category": "ENGLISH LITERATURE",
                "clues": [
                    {
                        "value": 200,
                        "clue": "R. L. Stevenson character(s) based on Deacon W. Brodie, paragon of virtue by day, thief by night",
                        "solution": "What is Dr. Jekyll & Mr. Hyde"
                    },
                    {
                        "value": 400,
                        "clue": "Term for cutting offensive passages, from Dr. Bowdler, who cut chunks from Shakespeare's works",
                        "solution": "What is bowdlerizing"
                    },
                    {
                        "value": 600,
                        "clue": "Daughter of early feminist Mary Wollstonecraft Godwin wrote this famous horror novel",
                        "solution": "What is Frankenstein"
                    },
                    {
                        "value": 800,
                        "clue": "Evelyn Waugh drew material from this book, started when he was almost 8 & kept up for 53 years",
                        "solution": "What is his diary"
                    },
                    {
                        "value": 1000,
                        "clue": "\"Wimsey\" had nothing to do with her degree in medieval lit. & her translation of \"The Divine Comedy\"",
                        "solution": "What is Dorothy L. Sayers"
                    }
                ]
            },
            {
                "category": "NEW YORK CITY",
                "clues": [
                    {
                        "value": 200,
                        "clue": "Most massive single issue of a newspaper was a 15-section, 1572-page Sunday edition of this",
                        "solution": "What is New York Times"
                    },
                    {
                        "value": 400,
                        "clue": "Its name is probably from Dutch \"Konijn Eilandt\" or rabbit island",
                        "solution": "What is Coney Island"
                    },
                    {
                        "value": 600,
                        "clue": "Founded in 1754, this is New York City's oldest university",
                        "solution": "What is Columbia"
                    },
                    {
                        "value": 800,
                        "clue": "NYC has almost 7 million more people than this next largest city in N.Y. state",
                        "solution": "What is Buffalo"
                    },
                    {
                        "value": 1000,
                        "clue": "The 1st \"Off-Broadway\" theater was established by Eugene O'Neill in this section of Lower Manhattan",
                        "solution": "What is Greenwich Village"
                    }
                ]
            },
            {
                "category": "CAMPFIRE SONGS",
                "clues": [
                    {
                        "value": 200,
                        "clue": "\"You got to jump down, turn around,\" & pick this amount \"o'cotton\" a day",
                        "solution": "What is a bale"
                    },
                    {
                        "value": 400,
                        "clue": "Meister Jakob in German, Frere Jacques in French, & this in English",
                        "solution": "What is Brother John"
                    }
                ]
            },
            {
                "category": "SOCIAL STUDIES",
                "clues": [
                    {
                        "value": 200,
                        "clue": "The opposite of inflation, signifying falling as opposed to rising prices",
                        "solution": "What is deflation"
                    },
                    {
                        "value": 400,
                        "clue": "What a sole seller of a given commodity has, as with parker bros. & this game",
                        "solution": "What is a monopoly"
                    },
                    {
                        "value": 600,
                        "clue": "In Soviet edition of Oxford Dictionary socialism is \"economic system which is replacing\" this",
                        "solution": "What is capitalism"
                    },
                    {
                        "value": 800,
                        "clue": "\"Radical chic\", coined by this Am. journalist, refers to intellectuals affecting left-wing views",
                        "solution": "What is Thomas Wolfe"
                    },
                    {
                        "value": 1000,
                        "clue": "Philosopher whose \"Social Contract\" begins \"Man is born free, yet everywhere he is in chains\"",
                        "solution": "What is (Jean-Jacques) Rousseau"
                    }
                ]
            },
            {
                "category": "RAW MATERIALS",
                "clues": [
                    {
                        "value": 200,
                        "clue": "Take a liking to, or the fibers in a fluffy white mass around seeds of certain plants",
                        "solution": "What is cotton"
                    },
                    {
                        "value": 400,
                        "clue": "In Ancient Egypt, people slept on pillows made of this & were out like a light as soon as their head hit it",
                        "solution": "What is stone"
                    },
                    {
                        "value": 800,
                        "clue": "To make this leather, hold flesh side of tanned animal hide against buffing wheel to raise nap",
                        "solution": "What is suede"
                    },
                    {
                        "value": 1000,
                        "clue": "According to U.S. Bureau of Mines, in 1984, this, not aluminum, was the most recycled metal",
                        "solution": "What is iron (or steel)"
                    }
                ]
            },
            {
                "category": "\"RH\" FACTOR",
                "clues": [
                    {
                        "value": 200,
                        "clue": "A question to which no answer is expected",
                        "solution": "What is a rhetorical question"
                    },
                    {
                        "value": 400,
                        "clue": "Born out of diamond miner's desire to make U.S. a Brit. colony, this is awarded annually for study at Oxford",
                        "solution": "What is Rhodes scholarship"
                    },
                    {
                        "value": 600,
                        "clue": "\"I think that I shall never see a poem as lovely as a tree\"",
                        "solution": "What is a rhyme"
                    },
                    {
                        "value": 800,
                        "clue": "The equilateral parallelogram that fits this category",
                        "solution": "What is rhombus"
                    },
                    {
                        "value": 1000,
                        "clue": "Not a flood on an important German river, it's an inflammation of mucous membranes that line nose",
                        "solution": "What is rhinitis"
                    }
                ]
            }
        ],
        "final": {
            "category": "FAMOUS AMERICANS",
            "clue": "10 years before publishing book subtitled \"Life in the Woods\", he caused a 300-acre forest fire",
            "solution": "What is Henry David Thoreau"
        }
    }
}