{
    "game": {
        "single": [
            {
                "category": "ANIMALS",
                "clues": [
                    {
                        "value": 100,
                        "clue": "This household pest doesn't eat your sweaters, its larvae do",
                        "solution": "What is a moth"
                    },
                    {
                        "value": 200,
                        "clue": "Unlike its turtle relatives, this animal always stays on land",
                        "solution": "What is a tortoise"
                    },
                    {
                        "value": 300,
                        "clue": "Its family unit includes a boomer, a flyer & joeys",
                        "solution": "What is kangaroos"
                    },
                    {
                        "value": 400,
                        "clue": "Stinging insect that's a tarantula's worst enemy",
                        "solution": "What is a wasp"
                    },
                    {
                        "value": 500,
                        "clue": "\"Bovine\" is to cattle as \"ovine\" is to these",
                        "solution": "What is sheep"
                    }
                ]
            },
            {
                "category": "POTENT POTABLES",
                "clues": [
                    {
                        "value": 100,
                        "clue": "Pirates' favorite as a yo-ho-ho & a bottle of it",
                        "solution": "What is rum"
                    }
                ]
            },
            {
                "category": "SPORTS",
                "clues": [
                    {
                        "value": 100,
                        "clue": "Baseball team named for how its Brooklyn fans evaded trolley cars",
                        "solution": "What is the Dodgers"
                    },
                    {
                        "value": 200,
                        "clue": "With his return as player/coach, the Reds are really in the pink",
                        "solution": "What is Pete Rose"
                    },
                    {
                        "value": 300,
                        "clue": "First U.S. gold medalist in women's all-around gymnastics",
                        "solution": "What is Mary Lou Retton"
                    },
                    {
                        "value": 400,
                        "clue": "After a year in Southern California, this military feud is returning to Philadelphia",
                        "solution": "What is the Army-Navy game"
                    },
                    {
                        "value": 500,
                        "clue": "The Dallas Cowboys' first coach",
                        "solution": "What is Tom Landry"
                    }
                ]
            },
            {
                "category": "MUSIC",
                "clues": [
                    {
                        "value": 100,
                        "clue": "Half of a half note",
                        "solution": "What is a quarter note"
                    },
                    {
                        "value": 200,
                        "clue": "It sounds different from a harpsichord because its strings are hit, not plucked",
                        "solution": "What is a piano"
                    },
                    {
                        "value": 300,
                        "clue": "Rams 10, 49ers 7, or printed music a conductor uses",
                        "solution": "What is a score"
                    },
                    {
                        "value": 400,
                        "clue": "Strummed instrument that sounds like it wouldn't tell the truth",
                        "solution": "What is a lyre"
                    },
                    {
                        "value": 500,
                        "clue": "The speed of a composition",
                        "solution": "What is the tempo"
                    }
                ]
            },
            {
                "category": "NUMBERS",
                "clues": [
                    {
                        "value": 100,
                        "clue": "The highest number of TV's VHF dial",
                        "solution": "What is 13"
                    },
                    {
                        "value": 200,
                        "clue": "Police questioning, or a very severe burn",
                        "solution": "What is the third degree"
                    },
                    {
                        "value": 300,
                        "clue": "An excellent grade, a Barbara Feldon role or a Toto tune",
                        "solution": "What is 99"
                    },
                    {
                        "value": 400,
                        "clue": "The most common sizes of these cards are 3x5, 4x6 & 5x8",
                        "solution": "What is index cards"
                    },
                    {
                        "value": 500,
                        "clue": "Total number of gifts given on the 5th day of Christmas: \"On the fifth day of Christmas, my true love gave to me / Five golden rings / Four calling birds / Three French hens / Two turtledoves / And a partridge in a pear tree...\"",
                        "solution": "What is 15"
                    }
                ]
            },
            {
                "category": "TV TRIVIA",
                "clues": [
                    {
                        "value": 100,
                        "clue": "TV's first Felix Unger",
                        "solution": "What is Tony Randall"
                    },
                    {
                        "value": 200,
                        "clue": "Louis Nye greeted him with \"Hi-ho, Steverino!\"",
                        "solution": "What is Steve Allen"
                    },
                    {
                        "value": 300,
                        "clue": "In the '70s, Barbara Carrera played this singing fruit spokeswoman in commercials",
                        "solution": "What is Chiquita Banana"
                    },
                    {
                        "value": 400,
                        "clue": "She played Sam on \"Richard Diamond, Private Eye\" & was shown only from the waist down",
                        "solution": "What is Mary Tyler Moore"
                    },
                    {
                        "value": 500,
                        "clue": "Anchored the \"Camel News Caravan\" until Huntley & Brinkley replaced him",
                        "solution": "What is John Cameron Swayze"
                    }
                ]
            }
        ],
        "double": [
            {
                "category": "WORLD LEADERS",
                "clues": [
                    {
                        "value": 200,
                        "clue": "Israeli who shared '78 Nobel Peace Prize with Sadat",
                        "solution": "What is Menachem Begin"
                    },
                    {
                        "value": 400,
                        "clue": "She's head of state of Australia, New Zealand & Canada, too",
                        "solution": "What is Queen Elizabeth"
                    },
                    {
                        "value": 600,
                        "clue": "Deputy foreign minister under Stalin; still Russia's foreign minister today",
                        "solution": "What is Andrei Gromyko"
                    },
                    {
                        "value": 800,
                        "clue": "Not president, premiere or party chief, he is still China's top leader",
                        "solution": "What is Deng Xiaoping"
                    },
                    {
                        "value": 1000,
                        "clue": "Though not a physician like his father Papa Doc, this Haitian leader is known as \"Baby Doc\"",
                        "solution": "What is (Jean-Claude) Duvalier"
                    }
                ]
            },
            {
                "category": "LITERATURE",
                "clues": [
                    {
                        "value": 200,
                        "clue": "Nationality of children in \"Lord of the Flies\"",
                        "solution": "What is British"
                    },
                    {
                        "value": 400,
                        "clue": "Country in which Hemingway's \"The Sun Also Rises\" & \"For Whom the Bell Tolls\" is set",
                        "solution": "What is Spain"
                    },
                    {
                        "value": 600,
                        "clue": "In this novel, Starbuck is the first mate & Stubb the second",
                        "solution": "What is Moby-Dick"
                    },
                    {
                        "value": 800,
                        "clue": "Married name of Tolstoy heroine Anna Oblonsky",
                        "solution": "What is Anna Karenina"
                    },
                    {
                        "value": 1000,
                        "clue": "Nationality of Christopher Mahon, \"Playboy of the Western World\"",
                        "solution": "What is Irish"
                    }
                ]
            },
            {
                "category": "MEDICINE",
                "clues": [
                    {
                        "value": 200,
                        "clue": "Deposits & withdrawals from this bank consist of white & red cells",
                        "solution": "What is a blood bank"
                    },
                    {
                        "value": 400,
                        "clue": "Word for widespread outbreak of a disease",
                        "solution": "What is an epidemic"
                    },
                    {
                        "value": 600,
                        "clue": "A minor inflammation, also a word for \"impetuous\"",
                        "solution": "What is rash"
                    },
                    {
                        "value": 800,
                        "clue": "Finger which should not be used in taking someone's pulse",
                        "solution": "What is thumb"
                    },
                    {
                        "value": 1000,
                        "clue": "Term for broken bone which breaks the skin",
                        "solution": "What is a compound fracture"
                    }
                ]
            },
            {
                "category": "\"V\" CITIES",
                "clues": [
                    {
                        "value": 200,
                        "clue": "Italian city built on over 120 islands",
                        "solution": "What is Venice"
                    },
                    {
                        "value": 400,
                        "clue": "Spanish city that lent its name to a variety of oranges",
                        "solution": "What is Valencia"
                    },
                    {
                        "value": 600,
                        "clue": "Beethoven, Brahms, but not Bach, made music here",
                        "solution": "What is Vienna"
                    },
                    {
                        "value": 800,
                        "clue": "Nevada's lively ghost town near the mythical Ponderosa",
                        "solution": "What is Virginia City"
                    },
                    {
                        "value": 1000,
                        "clue": "North America's 2nd-largest Chinatown is in this Canadian city",
                        "solution": "What is Vancouver"
                    }
                ]
            },
            {
                "category": "NOTORIOUS",
                "clues": [
                    {
                        "value": 200,
                        "clue": "He was such a sadist, they coined the word for him",
                        "solution": "What is the Marquis de Sade"
                    },
                    {
                        "value": 400,
                        "clue": "In '27, this gangster set all-time record for highest gross income in a year, some $105 million",
                        "solution": "What is Al Capone"
                    },
                    {
                        "value": 600,
                        "clue": "His fellow prisoners at Alcatraz altered his nickname to \"Pop Gun\"",
                        "solution": "What is \"Machine Gun\" Kelly"
                    },
                    {
                        "value": 800,
                        "clue": "Torquemada, who headed the Inquisition, was also confessor to this Spanish queen",
                        "solution": "What is Isabella"
                    },
                    {
                        "value": 1000,
                        "clue": "'63 Christine Keeler affair with this war minister rocked the government of Great Britain",
                        "solution": "What is John Profumo"
                    }
                ]
            },
            {
                "category": "\"TIN\" TYPES",
                "clues": [
                    {
                        "value": 200,
                        "clue": "He wanted a heart",
                        "solution": "What is the Tin Woodsman"
                    },
                    {
                        "value": 400,
                        "clue": "Silent film, radio & TV dog star",
                        "solution": "What is Rin Tin Tin"
                    },
                    {
                        "value": 600,
                        "clue": "Oscar-winning foreign film about a boy who refuses to grow",
                        "solution": "What is The Tin Drum"
                    },
                    {
                        "value": 800,
                        "clue": "The sound of Poe's bells",
                        "solution": "What is tintinnabulation"
                    }
                ]
            }
        ],
        "final": {
            "category": "AMERICAN GOVERNMENT",
            "clue": "Along with president, these 2 must sign a bill for it to become law",
            "solution": "What is the speaker of the House & the vice president"
        }
    }
}