{
    "game": {
        "single": [
            {
                "category": "LITERARY LINES",
                "clues": [
                    {
                        "value": 200,
                        "clue": "The last chapter of this Charlotte Bronte novel begins, \"Reader, I married him\"",
                        "solution": "What is Jane Eyre"
                    },
                    {
                        "value": 400,
                        "clue": "This novel says, \"the books went up in sparkling whirls and blew away on a wind turned dark with burning\"",
                        "solution": "What is Fahrenheit 451"
                    },
                    {
                        "value": 600,
                        "clue": "The first line of this novel says, \"It was Wang Lung's marriage day\"",
                        "solution": "What is The Good Earth"
                    },
                    {
                        "value": 800,
                        "clue": "This 1852 book says, \"I would rather not sell him ...I'm a humane man, and I hate to take the boy from his mother\"",
                        "solution": "What is Uncle Tom's Cabin"
                    },
                    {
                        "value": 1000,
                        "clue": "He wrote, \"All happy families are like one another; each unhappy family is unhappy in its own way\"",
                        "solution": "What is Tolstoy"
                    }
                ]
            },
            {
                "category": "SCARY STARTS",
                "clues": [
                    {
                        "value": 200,
                        "clue": "In 1980, with \"Halloween\" in the bag, she starred in \"The Fog\", \"Prom Night\" & \"Terror Train\"",
                        "solution": "What is Jamie Lee Curtis"
                    },
                    {
                        "value": 400,
                        "clue": "1975 was a big year for him—he appeared in \"The Devil's Rain\" & got the role of TV Sweathog Vinnie Barbarino",
                        "solution": "What is (John) Travolta"
                    },
                    {
                        "value": 600,
                        "clue": "His first film role was in 1981's \"The Burning\"; the role of George Costanza would come a decade later",
                        "solution": "What is Jason Alexander"
                    },
                    {
                        "value": 800,
                        "clue": "Long before she got \"Knocked Up\", she appeared in \"Bride of Chucky\"",
                        "solution": "What is Katherine Heigl"
                    },
                    {
                        "value": 1000,
                        "clue": "After appearing in \"Return to Horror High\" & \"Return of the Killer Tomatoes!\", he luckily got a trip to the \"ER\"",
                        "solution": "What is George Clooney"
                    }
                ]
            },
            {
                "category": "A FREEZER FULL OF FOOD",
                "clues": [
                    {
                        "value": 200,
                        "clue": "\"What would you do for\" one of this brand's NASCAR bars with caramel ice cream, a chocolate wafer & peanuts?",
                        "solution": "What is a Klondike Bar"
                    },
                    {
                        "value": 400,
                        "clue": "Celeste & Tombstone make tasty these",
                        "solution": "What is frozen pizzas"
                    },
                    {
                        "value": 600,
                        "clue": "With varieties like Blueberry & Nutri-Grain Cinnamon, these waffles from Kellogg's have you going in circles",
                        "solution": "What is Eggo (Eggos accepted)"
                    },
                    {
                        "value": 800,
                        "clue": "I can't decide between a Swanson pot pie & one of this \"famished\" brand's \"it's good to be full\" meals",
                        "solution": "What is Hungry-Man"
                    },
                    {
                        "value": 1000,
                        "clue": "This company's Any'tizers include buffalo style hot wings & mini chicken bites",
                        "solution": "What is Tyson"
                    }
                ]
            },
            {
                "category": "TRAVEL & TOURISM",
                "clues": [
                    {
                        "value": 200,
                        "clue": "The Murder & Mystery Tour in this Scottish capital begins at the Witchery restaurant at 352 Castlehill",
                        "solution": "What is Edinburgh"
                    },
                    {
                        "value": 400,
                        "clue": "In 2010 this worldwide network of vacation resorts founded by Gerard Blitz celebrated its 60ih anniversary",
                        "solution": "What is Club Med"
                    },
                    {
                        "value": 600,
                        "clue": "Key West, Florida has a Lighthouse & Keeper's Museum & a museum devoted to this novelist",
                        "solution": "What is Hemingway"
                    },
                    {
                        "value": 800,
                        "clue": "From the Arabic for \"journey\", this type of journey might take you to Botswana's Moremi Game Reserve",
                        "solution": "What is a safari"
                    },
                    {
                        "value": 1000,
                        "clue": "The beach scene at Repulse Bay is one of the attractions in this south coast \"Gateway to China\"",
                        "solution": "What is Hong Kong"
                    }
                ]
            },
            {
                "category": "COLORFUL CREATURES",
                "clues": [
                    {
                        "value": 200,
                        "clue": "During the 20th century, this largest animal on earth was nearly hunted to extinction",
                        "solution": "What is the blue whale"
                    },
                    {
                        "value": 400,
                        "clue": "From its distinctive marking, this poisonous spider is also called a fiddleback (not an hourglass back)",
                        "solution": "What is the brown recluse"
                    },
                    {
                        "value": 600,
                        "clue": "It's the only ursine species still found in California",
                        "solution": "What is a black bear"
                    },
                    {
                        "value": 800,
                        "clue": "It's easy to see how this animal got its name",
                        "solution": "What is the white-tailed deer"
                    },
                    {
                        "value": 1000,
                        "clue": "Though it may look more blue, this is the name of the largest North American swallow.",
                        "solution": "What is the purple martin"
                    }
                ]
            },
            {
                "category": "ALLITERATION ALL AROUND",
                "clues": [
                    {
                        "value": 200,
                        "clue": "This 2-word term refers to someone whose tedious job requires a lot of writing & record-keeping",
                        "solution": "What is a pencil pusher"
                    },
                    {
                        "value": 400,
                        "clue": "John Roebling designed this NYC landmark, but working on it cost him his life",
                        "solution": "What is the Brooklyn Bridge"
                    },
                    {
                        "value": 600,
                        "clue": "Physicist George Smoot won a Nobel Prize for his work supporting this theory of the evolution of the universe",
                        "solution": "What is the Big Bang"
                    },
                    {
                        "value": 800,
                        "clue": "This alliterative exclamation of surprise dates back way before \"Great Balls Of Fire\": it goes back to the 1700s",
                        "solution": "What is goodness gracious"
                    },
                    {
                        "value": 1000,
                        "clue": "(Kelly of the Clue Crew presents the clue.) To stem bleeding, use this alliterative spot where an artery lies over a bone, like in the upper arm & the top of the thigh where it meets the abdomen",
                        "solution": "What is a pressure point"
                    }
                ]
            }
        ],
        "double": [
            {
                "category": "20th CENTURY HISTORY",
                "clues": [
                    {
                        "value": 2000,
                        "clue": "He witnessed the ends of the Earth while accompanying seven expeditions to the Arctic",
                        "solution": "What is Matthew Henson"
                    }
                ]
            },
            {
                "category": "MUSIC OF THE NIGHT",
                "clues": [
                    {
                        "value": 400,
                        "clue": "In 1978 The Bee Gees had a case of this, a No. 1 hit that says, \"Here I am, prayin' for this moment to last\"",
                        "solution": "What is \"Night Fever\""
                    },
                    {
                        "value": 800,
                        "clue": "In 1982 this soft pop duo from Australia found that \"Even the nights are better\"",
                        "solution": "What is Air Supply"
                    },
                    {
                        "value": 1200,
                        "clue": "1993's \"Tuesday Night Music Club\" was her debut album",
                        "solution": "What is Sheryl Crow"
                    },
                    {
                        "value": 1600,
                        "clue": "The 4 Seasons reminisced about this title month & year in the song subtitled \"Oh What a Night\"",
                        "solution": "What is Late December back in '63"
                    },
                    {
                        "value": 2000,
                        "clue": "This Sam Cooke song talks about \"a place, somewhere up a New York way, where the people are so gay\"",
                        "solution": "What is \"Twistin' The Night Away\""
                    }
                ]
            },
            {
                "category": "INDIANA JONESING",
                "clues": [
                    {
                        "value": 400,
                        "clue": "Take the last train to this Indiana city founded in 1783 & named for a Revolutionary War general",
                        "solution": "What is Clarksville"
                    },
                    {
                        "value": 800,
                        "clue": "This oil products company now has the naming rights to the Colts' home stadium",
                        "solution": "What is Lucas Oil"
                    },
                    {
                        "value": 2000,
                        "clue": "Born in Elwood in 1892, this folksy Republican presidential candidate lost to FDR in 1940",
                        "solution": "What is Wendell Willkie"
                    }
                ]
            },
            {
                "category": "THE DOCTOR IS IN",
                "clues": [
                    {
                        "value": 400,
                        "clue": "This soft drink has been around since 1885—that makes it 125",
                        "solution": "What is Dr Pepper"
                    },
                    {
                        "value": 800,
                        "clue": "As a child, he dreamed of being a pro athlete or a heart surgeon; lucky for us, he chose the latter",
                        "solution": "What is Dr. Oz"
                    },
                    {
                        "value": 1200,
                        "clue": "Take heart: the first children's book that he wrote was rejected by 27 publishers",
                        "solution": "What is Dr. Seuss"
                    },
                    {
                        "value": 2000,
                        "clue": "This compadre of Wyatt Earp graduated from the Pennsylvania College of Dental Surgery in 1872",
                        "solution": "What is Doc Holliday"
                    }
                ]
            },
            {
                "category": "SACRED TO THIS RELIGION",
                "clues": [
                    {
                        "value": 400,
                        "clue": "The Holy Sepulchre",
                        "solution": "What is Christianity"
                    },
                    {
                        "value": 800,
                        "clue": "The Western Wall",
                        "solution": "What is Judaism"
                    },
                    {
                        "value": 1200,
                        "clue": "The Kaaba",
                        "solution": "What is Islam"
                    },
                    {
                        "value": 2000,
                        "clue": "The Potala Palace",
                        "solution": "What is Buddhism"
                    }
                ]
            },
            {
                "category": "IT'S ABOUT TIME",
                "clues": [
                    {
                        "value": 400,
                        "clue": "Official written records of proceedings at a meeting",
                        "solution": "What is the minutes"
                    },
                    {
                        "value": 800,
                        "clue": "It's what you call an attendant or representative of a duelist",
                        "solution": "What is a second"
                    },
                    {
                        "value": 1200,
                        "clue": "A unit of measure of longitude equal to 15 degrees or 1/24 of a great circle",
                        "solution": "What is an hour"
                    },
                    {
                        "value": 1600,
                        "clue": "Marjorie Kinnan Rawlings title fawn",
                        "solution": "What is The Yearling"
                    },
                    {
                        "value": 2000,
                        "clue": "From the Latin for \"motion\" comes this word for an indefinite but short period of time",
                        "solution": "What is a moment"
                    }
                ]
            }
        ],
        "final": {
            "category": "GEOGRAPHIC TERMS",
            "clue": "As their bordering countries are all this adjective, Liechtenstein & Uzbekistan are considered \"double\" this",
            "solution": "What is landlocked"
        }
    }
}