{
    "game": {
        "single": [
            {
                "category": "INDEPENDENCE!",
                "clues": [
                    {
                        "value": 100,
                        "clue": "With a treaty signed September 3, 1783, Great Britain recognized this country's independence",
                        "solution": "What is USA"
                    },
                    {
                        "value": 200,
                        "clue": "May 14, 1948 is considered this country's day of independence",
                        "solution": "What is Israel"
                    },
                    {
                        "value": 300,
                        "clue": "India got its independence August 15, 1947, the day after this neighbor got its own",
                        "solution": "What is Pakistan"
                    },
                    {
                        "value": 400,
                        "clue": "In 1896, after losing a war Italy was forced to recognize the independence of this African country",
                        "solution": "What is Ethiopia"
                    },
                    {
                        "value": 500,
                        "clue": "In 1965 it slung itself out of the federation of Malaysia",
                        "solution": "What is Singapore"
                    }
                ]
            },
            {
                "category": "LET'S HAVE A BALL",
                "clues": [
                    {
                        "value": 100,
                        "clue": "Sink it & you've scratched",
                        "solution": "What is the cue ball"
                    },
                    {
                        "value": 200,
                        "clue": "This demolition tool swings from a cable attached to a crane",
                        "solution": "What is a wrecking ball"
                    },
                    {
                        "value": 300,
                        "clue": "Its manufacturer says it was designed for use in congested areas",
                        "solution": "What is the wiffle ball"
                    },
                    {
                        "value": 400,
                        "clue": "It's a naphthalene sphere to repel a lepidopteran",
                        "solution": "What is a moth ball"
                    },
                    {
                        "value": 500,
                        "clue": "In 1999 Boy George was injured when one of these plunged from the ceiling during sound check",
                        "solution": "What is a mirrored ball (or disco ball)"
                    }
                ]
            },
            {
                "category": "MUSIC OF THE '90s",
                "clues": [
                    {
                        "value": 100,
                        "clue": "In 1998 this actor-rapper had his first No. 1 pop hit with \"Gettin' Jiggy Wit It\"",
                        "solution": "What is Will Smith"
                    },
                    {
                        "value": 200,
                        "clue": "Her video for \"Constant Craving\" was named MTV's Best Female Video of the Year in 1993",
                        "solution": "What is k.d. lang"
                    },
                    {
                        "value": 300,
                        "clue": "The first No. 1 hit of the '90s, \"Another Day In Paradise\" by this singer was originally titled \"Homeless\"",
                        "solution": "What is Phil Collins"
                    },
                    {
                        "value": 400,
                        "clue": "This old Elvis tune resurrected by UB40 in 1993 begins, \"Wise men say, only fools rush in\"",
                        "solution": "What is \"Can't Help Falling In Love\""
                    },
                    {
                        "value": 500,
                        "clue": "In 1993 he sang, \"I'd do anything for love, but I won't do that\"",
                        "solution": "What is Meat Loaf"
                    }
                ]
            },
            {
                "category": "HISTORICAL NOVELS",
                "clues": [
                    {
                        "value": 100,
                        "clue": "Fans of chariot races may know that Lew Wallace wrote this novel way back in 1880",
                        "solution": "What is Ben-Hur"
                    },
                    {
                        "value": 200,
                        "clue": "\"My Theodosia\" is the story of this man's daughter, Theodosia Burr Alston, believed to be lost at sea in 1813",
                        "solution": "What is Aaron Burr"
                    },
                    {
                        "value": 300,
                        "clue": "This 1978 James Michener novel details the history of Maryland's eastern shore",
                        "solution": "What is Chesapeake"
                    },
                    {
                        "value": 400,
                        "clue": "Chief Conanchet is a major character in \"The Wept of Wish-Ton-Wish\", an 1829 novel by this American author",
                        "solution": "What is James Fenimore Cooper"
                    },
                    {
                        "value": 500,
                        "clue": "Highland raiders known as the Children of the Mist wreak havoc in \"The Legend of Montrose\" by this 19th c. author",
                        "solution": "What is Sir Walter Scott"
                    }
                ]
            },
            {
                "category": "FOOD",
                "clues": [
                    {
                        "value": 100,
                        "clue": "In 1966 Fritos introduced these chips, cut in a triangular shape",
                        "solution": "What is Doritos"
                    },
                    {
                        "value": 200,
                        "clue": "Campbell's picked these, the school colors of Cornell University, for its label",
                        "solution": "What is red & white"
                    },
                    {
                        "value": 300,
                        "clue": "Banquet introduced its first frozen food product in 1953, this type of pie",
                        "solution": "What is chicken pot pie"
                    },
                    {
                        "value": 400,
                        "clue": "The last name of a former General Mills director was immortalized in this cake mix line",
                        "solution": "What is Betty Crocker"
                    },
                    {
                        "value": 500,
                        "clue": "Oh baby, in 1953 Ore-Ida invented this hash brown product",
                        "solution": "What is tater tots"
                    }
                ]
            },
            {
                "category": "\"FIRE\"WORKS",
                "clues": [
                    {
                        "value": 100,
                        "clue": "The \"Red Imported\" species of this insect can build a dirt mound 2 feet high",
                        "solution": "What is the fire ant"
                    },
                    {
                        "value": 200,
                        "clue": "Aries, Leo & Sagittarius, taken collectively",
                        "solution": "What is fire signs"
                    },
                    {
                        "value": 300,
                        "clue": "This loud noise happens when your jalopy ignites unburned exhaust fumes",
                        "solution": "What is backfire"
                    },
                    {
                        "value": 400,
                        "clue": "Adjective for a plan that is guaranteed to succeed",
                        "solution": "What is surefire"
                    },
                    {
                        "value": 500,
                        "clue": "This British fighter plane had its heyday during World War II",
                        "solution": "What is Spitfire"
                    }
                ]
            }
        ],
        "double": [
            {
                "category": "CELEBRATING THE IV",
                "clues": [
                    {
                        "value": 200,
                        "clue": "The last IV to serve as this was Pius IV in 1565",
                        "solution": "What is Pope"
                    },
                    {
                        "value": 400,
                        "clue": "Regent for his predecessor from 1811 to 1820, he was king of England on his own from 1820 to 1830",
                        "solution": "What is George IV"
                    },
                    {
                        "value": 600,
                        "clue": "In 1547 he decreed, \"Call me czar!\"",
                        "solution": "What is Ivan IV (a.k.a. \"The Terrible\")"
                    },
                    {
                        "value": 800,
                        "clue": "Henry IV was the first king of France in this family's dynasty",
                        "solution": "What is Bourbon"
                    },
                    {
                        "value": 1000,
                        "clue": "With 60 years, Christian IV holds the record as the man who reigned the longest over this country",
                        "solution": "What is Denmark"
                    }
                ]
            },
            {
                "category": "HORSE SENSE",
                "clues": [
                    {
                        "value": 200,
                        "clue": "This alliterative plaything is a horse's head on a stick",
                        "solution": "What is Hobby horse"
                    },
                    {
                        "value": 400,
                        "clue": "The horse is the state animal of this state, home to Schering-Plough & Bayonne",
                        "solution": "What is New Jersey"
                    },
                    {
                        "value": 600,
                        "clue": "A horse born December 31, 1998 became a yearling on this date",
                        "solution": "What is January 1, 1999"
                    },
                    {
                        "value": 800,
                        "clue": "It was the 1975 Tony Award winner for best play",
                        "solution": "What is Equus"
                    },
                    {
                        "value": 1000,
                        "clue": "In 1948 the public was let in to see the horses painted in the walls of this French cave",
                        "solution": "What is Lascaux"
                    }
                ]
            },
            {
                "category": "AROUND ASIA",
                "clues": [
                    {
                        "value": 200,
                        "clue": "In area, it's the largest country that's entirely in Asia",
                        "solution": "What is China"
                    },
                    {
                        "value": 400,
                        "clue": "Many medieval structures remain in Esfahan, which became capital of this country in 1598 under Shah Abbas",
                        "solution": "What is Iran"
                    },
                    {
                        "value": 600,
                        "clue": "In South Korea, Pagoda & Seoul Grand are these, also the name of over 3 million people",
                        "solution": "What is Parks"
                    },
                    {
                        "value": 800,
                        "clue": "Eel is a culinary specialty of this third-largest Japanese city, site of the 1970 World's Fair",
                        "solution": "What is Osaka"
                    },
                    {
                        "value": 1000,
                        "clue": "The winding course of Turkey's Buyuk Menderes River gives us this English word",
                        "solution": "What is Meander"
                    }
                ]
            },
            {
                "category": "NAME THE TV SHOW",
                "clues": [
                    {
                        "value": 200,
                        "clue": "(ticking stopwatch)",
                        "solution": "What is 60 Minutes"
                    },
                    {
                        "value": 400,
                        "clue": "\"Na Nu, Na Nu\"",
                        "solution": "What is Mork And Mindy"
                    },
                    {
                        "value": 600,
                        "clue": "\"Ugly Naked Guy's laying kitchen tile, eww!\"",
                        "solution": "What is Friends"
                    },
                    {
                        "value": 800,
                        "clue": "\"No soup for you!\"",
                        "solution": "What is Seinfeld"
                    },
                    {
                        "value": 1000,
                        "clue": "\"I'm coming, Elizabeth, I'm coming!\"",
                        "solution": "What is Sanford And Son"
                    }
                ]
            },
            {
                "category": "ARCHAEOLOGY",
                "clues": [
                    {
                        "value": 200,
                        "clue": "Surfacing in 1999, the \"Angel Scroll\" is either a hoax or part of these Jewish writings discovered in 1947",
                        "solution": "What is Dead Sea Scrolls"
                    },
                    {
                        "value": 400,
                        "clue": "What might be the earliest example of a phonetic alphabet was found in this African country in December 1999",
                        "solution": "What is Egypt"
                    },
                    {
                        "value": 600,
                        "clue": "Some yarn found on Baffin Island suggests these people visited there in the 13th century",
                        "solution": "What is Vikings (Norse)"
                    },
                    {
                        "value": 800,
                        "clue": "Anthropologists now argue over the gender of this famous Australopithecene once accepted as female",
                        "solution": "What is Lucy"
                    },
                    {
                        "value": 1000,
                        "clue": "In 1996 New Mexico wildfires damaged ruins of this tribe the Navajo called \"The Ancient Ones\"",
                        "solution": "What is Anasazi"
                    }
                ]
            },
            {
                "category": "\"RED\", \"WHITE\" & \"BLUE\"",
                "clues": [
                    {
                        "value": 200,
                        "clue": "Clara Barton is \"The Mother Of\" this organization",
                        "solution": "What is Red Cross"
                    },
                    {
                        "value": 400,
                        "clue": "It describes a crime such as embezzlement committed by a person in business or government",
                        "solution": "What is White collar"
                    },
                    {
                        "value": 600,
                        "clue": "Sean Penn & Nick Nolte were among the soldiers at Guadalcanal in this 1998 war film",
                        "solution": "What is The Thin Red Line"
                    },
                    {
                        "value": 800,
                        "clue": "This lefty & former Oakland A ended his pitching career in 1986 with a 209-161 record & a 3.27 ERA",
                        "solution": "What is Vida Blue"
                    },
                    {
                        "value": 1000,
                        "clue": "\"Holy\" district in London's east end that's infamous as the scene of Jack the Ripper's murders",
                        "solution": "What is Whitechapel"
                    }
                ]
            }
        ],
        "final": {
            "category": "U.S. HISTORY",
            "clue": "In 1965 President Johnson flew to this state to sign the Medicare bill with a former president as witness",
            "solution": "What is Missouri"
        }
    }
}