{
    "game": {
        "single": [
            {
                "category": "THE NIGHT BEFORE CHRISTMAS",
                "clues": [
                    {
                        "value": 100,
                        "clue": "\"The children were nestled all snug in their beds, while visions of\" these \"danced in their heads\"",
                        "solution": "What is Sugarplums"
                    },
                    {
                        "value": 200,
                        "clue": "\"Mamma in\" this \"and I in my cap, had just settled our brains for a long winter's nap\"",
                        "solution": "What is Her kerchief"
                    },
                    {
                        "value": 300,
                        "clue": "St. Nick's reindeer were \"more rapid\" than these large birds",
                        "solution": "What is Eagles"
                    },
                    {
                        "value": 400,
                        "clue": "\"He was dressed all in fur, from his head to his foot, and his clothes were all tarnished with\" these 2 items",
                        "solution": "What is Ashes & soot"
                    },
                    {
                        "value": 500,
                        "clue": "St. Nick exclaimed, \"'ere he drove out of sight, 'Happy Christmas to all'\" & this",
                        "solution": "What is \"and to all a good night\""
                    }
                ]
            },
            {
                "category": "ORGANIZATIONS",
                "clues": [
                    {
                        "value": 100,
                        "clue": "Jean Nidetch founded this organization in 1963 after she lost 72 pounds",
                        "solution": "What is Weight Watchers"
                    },
                    {
                        "value": 200,
                        "clue": "Alexander Graham Bell's son-in-law, Gilbert Grosvenor was president of this scientific society from 1920 to 1954",
                        "solution": "What is National Geographic Society"
                    },
                    {
                        "value": 300,
                        "clue": "It was formed in 1960 by Iran, Iraq, Kuwait, Saudi Arabia & Venezuela",
                        "solution": "What is OPEC (Organization of Petroleum Exporting Countries)"
                    },
                    {
                        "value": 400,
                        "clue": "In 1996 Adam Werbach, at 23, became the youngest pres. of this S.F.-based conservation group",
                        "solution": "What is Sierra Club"
                    },
                    {
                        "value": 500,
                        "clue": "Founded by William Booth, this charitable Christian group operates in nearly 100 countries",
                        "solution": "What is The Salvation Army"
                    }
                ]
            },
            {
                "category": "TELEVISION",
                "clues": [
                    {
                        "value": 100,
                        "clue": "In October 1996 Superman got married in his own comic book & on this TV show",
                        "solution": "What is Lois & Clark: The New Adventures of Superman"
                    },
                    {
                        "value": 200,
                        "clue": "This former White House correspondent co-anchors \"Primetime Live\" with Diane Sawyer",
                        "solution": "What is Sam Donaldson"
                    },
                    {
                        "value": 300,
                        "clue": "MTV's 1997 spin-off \"Daria\" features a character from this moronic animated series",
                        "solution": "What is Beavis and Butt-Head"
                    },
                    {
                        "value": 400,
                        "clue": "NBC refused to let this CBS talk show host use its clips on his 1997 prime-time special",
                        "solution": "What is David Letterman"
                    },
                    {
                        "value": 500,
                        "clue": "Peter Boyle & Doris Roberts play the parents & neighbors of Ray Romano on this CBS sitcom",
                        "solution": "What is Everybody Loves Raymond"
                    }
                ]
            },
            {
                "category": "TOYMAKERS",
                "clues": [
                    {
                        "value": 100,
                        "clue": "In 1997 Mattel sued Miller'$, a magazine devoted to this fashion doll, for copyright infringement",
                        "solution": "What is Barbie"
                    },
                    {
                        "value": 200,
                        "clue": "This building-block maker plans to open a theme park in Carlsbad, California in 1999",
                        "solution": "What is Lego"
                    },
                    {
                        "value": 300,
                        "clue": "Ty's red heart logo on your \"Bones the Dog\" proves it's a genuine example of these stuffed animals",
                        "solution": "What is Beanie Babies"
                    },
                    {
                        "value": 400,
                        "clue": "Playmobil toys were introduced by this country's Geobra Brandstatter in 1974",
                        "solution": "What is (West) Germany"
                    }
                ]
            },
            {
                "category": "GODS & GODDESSES",
                "clues": [
                    {
                        "value": 100,
                        "clue": "Jove, by jove, is another name for this Roman god",
                        "solution": "What is Jupiter"
                    },
                    {
                        "value": 200,
                        "clue": "This 2-faced god presided over doors & beginnings, such as the beginning of the year",
                        "solution": "What is Janus"
                    },
                    {
                        "value": 300,
                        "clue": "This messenger of the gods also conducted the souls of the dead to Hades",
                        "solution": "What is Mercury/Hermes"
                    },
                    {
                        "value": 400,
                        "clue": "This Greek goddess of the hunt was also a goddess of virginity & oddly, childbirth",
                        "solution": "What is Artemis"
                    },
                    {
                        "value": 500,
                        "clue": "The laurel tree into which Daphne was transformed was sacred to this god who loved her",
                        "solution": "What is Apollo"
                    }
                ]
            },
            {
                "category": "NONSENSE WORDS",
                "clues": [
                    {
                        "value": 100,
                        "clue": "When Scrooge's nephew says, \"A Merry Christmas, Uncle! God save you!\", Scrooge replies, \"Bah!\" this",
                        "solution": "What is Humbug"
                    },
                    {
                        "value": 200,
                        "clue": "This synonym for silliness might form a trio with Dickfoolery & Harryfoolery",
                        "solution": "What is Tomfoolery"
                    },
                    {
                        "value": 300,
                        "clue": "It's the kind of bed you might find in a cabin, or Henry Ford's definition of history",
                        "solution": "What is Bunk"
                    },
                    {
                        "value": 400,
                        "clue": "The type of nonsense you'd expect to find aboard the Chinese boat of the same name",
                        "solution": "What is Junk"
                    },
                    {
                        "value": 500,
                        "clue": "It means swill or worthless stuff, though it sounds like something you'd bathe pigs in",
                        "solution": "What is Hogwash"
                    }
                ]
            }
        ],
        "double": [
            {
                "category": "STARS ON THE MAP",
                "clues": [
                    {
                        "value": 200,
                        "clue": "This capital lies on the southern part of the Kanto plain, one of the largest areas of flat land in Japan",
                        "solution": "What is Tokyo"
                    },
                    {
                        "value": 400,
                        "clue": "This Libyan capital shares its name with a Lebanese city & both were founded by the Phoenicians",
                        "solution": "What is Tripoli"
                    },
                    {
                        "value": 600,
                        "clue": "This city \"sprouted\" from Gallic-Roman settlements in the Senne valley prior to the 7th century A.D.",
                        "solution": "What is Brussels"
                    },
                    {
                        "value": 800,
                        "clue": "This South American capital was named for the feast day of the Assumption of the Virgin",
                        "solution": "What is Asuncion, Paraguay"
                    },
                    {
                        "value": 1000,
                        "clue": "Once called Niislel Khureheh, meaning \"capital of Mongolia\", it was given its present name in 1924",
                        "solution": "What is Ulan Bator"
                    }
                ]
            },
            {
                "category": "LITERARY AWARDS",
                "clues": [
                    {
                        "value": 200,
                        "clue": "He won the Booker Prize for \"Midnight's Children\"; his \"Satanic Verses\" was nominated but didn't win",
                        "solution": "What is Salman Rushdie"
                    },
                    {
                        "value": 400,
                        "clue": "Paul Mellon named the Bollingen Prize for a town where this Swiss psychoanalyst lived",
                        "solution": "What is Carl Jung"
                    },
                    {
                        "value": 600,
                        "clue": "He \"jockeyed\" to win the 1996 Edgar Allan Poe Award for best mystery with \"Come to Grief\"",
                        "solution": "What is Dick Francis"
                    },
                    {
                        "value": 800,
                        "clue": "Following this Russian's name on the Nobel Prize for Literature list is \"declined the prize\" & \"1958\"",
                        "solution": "What is Boris Pasternak (Doctor Zhivago)"
                    },
                    {
                        "value": 1000,
                        "clue": "This Russian literary prize was established in 1881 & named for the author of \"Eugene Onegin\"",
                        "solution": "What is Aleksandr Pushkin"
                    }
                ]
            },
            {
                "category": "HISPANIC AMERICAN HISTORY",
                "clues": [
                    {
                        "value": 200,
                        "clue": "Polk offered Spain $100 million for this island 90 miles from Florida; Pierce offered $120 million",
                        "solution": "What is Cuba"
                    },
                    {
                        "value": 400,
                        "clue": "After this bandit's attack on Columbus, N.M., General Pershing was sent in pursuit",
                        "solution": "What is Pancho Villa"
                    },
                    {
                        "value": 600,
                        "clue": "In 1997 this former housing secretary was hired as president of the Univision TV network",
                        "solution": "What is Henry Cisneros"
                    },
                    {
                        "value": 800,
                        "clue": "The Reagan administration backed the Contras' attempt to oust this country's Sandinista govt.",
                        "solution": "What is Nicaragua"
                    },
                    {
                        "value": 1000,
                        "clue": "The U.S. recognized this country in 1903, 3 days after it declared its independence from Colombia",
                        "solution": "What is Panama"
                    }
                ]
            },
            {
                "category": "WOMEN WHO ROCK",
                "clues": [
                    {
                        "value": 200,
                        "clue": "Like Belinda Carlisle, Jane Wiedlin of this band went on to a solo career",
                        "solution": "What is Go-Go's"
                    },
                    {
                        "value": 400,
                        "clue": "Like Aretha Franklin, these sisters, Ruth, Jane & Anita, are the daughters of a minister",
                        "solution": "What is The Pointer Sisters"
                    },
                    {
                        "value": 800,
                        "clue": "Bette Midler's film \"The Rose\" was based on this legendary vocalist who died in 1970",
                        "solution": "What is Janis Joplin"
                    },
                    {
                        "value": 1000,
                        "clue": "Kathleen Hanna of Bikini Kill is a leader in this movement of angry \"Grrrls\"",
                        "solution": "What is Riot Girls"
                    }
                ]
            },
            {
                "category": "VISION",
                "clues": [
                    {
                        "value": 200,
                        "clue": "A common one is \"water\" in the road, caused by light passing through air at varying temperatures",
                        "solution": "What is Mirage"
                    },
                    {
                        "value": 400,
                        "clue": "Type of \"vision\" defined as perceived outside the central area of the retina",
                        "solution": "What is Peripheral"
                    },
                    {
                        "value": 600,
                        "clue": "This part of the eye controlled by the iris is equivalent to the aperture of a camera",
                        "solution": "What is Pupil"
                    },
                    {
                        "value": 800,
                        "clue": "3-word term for the optical phenomenon that makes motion pictures work",
                        "solution": "What is persistence of vision"
                    }
                ]
            },
            {
                "category": "RAISE YOUR GLASSES",
                "clues": [
                    {
                        "value": 200,
                        "clue": "A Jewish toast to life, or to the health of author Potok",
                        "solution": "What is L'chaim"
                    },
                    {
                        "value": 400,
                        "clue": "Bogart makes this toast to Bergman in Paris before making it again, in \"Casablanca\"",
                        "solution": "What is \"Here's looking at you, kid\""
                    },
                    {
                        "value": 600,
                        "clue": "A popular toast with bubbly is \"Champagne to our real friends and real\" this \"to our sham friends\"",
                        "solution": "What is Pain"
                    },
                    {
                        "value": 800,
                        "clue": "Following \"Our Country\", it completes a jingoistic 1816 toast by Stephen Decatur",
                        "solution": "What is Right or wrong"
                    },
                    {
                        "value": 1000,
                        "clue": "The book \"Toasts\" advises that this 2-word one is inappropriate at a boat race",
                        "solution": "What is \"Bottoms up!\""
                    }
                ]
            }
        ],
        "final": {
            "category": "IN THE NEWS 1882",
            "clue": "Queen Victoria was not amused when this animal ridden by kids at the London Zoo was sold to a U.S. showman",
            "solution": "What is Jumbo the elephant"
        }
    }
}