{
    "game": {
        "single": [
            {
                "category": "WORD PUZZLES",
                "clues": [
                    {
                        "value": 200,
                        "clue": "In recent years, their popularity has dimmed",
                        "solution": "What is neon lights"
                    },
                    {
                        "value": 400,
                        "clue": "Why you were almost late today",
                        "solution": "What is I overslept"
                    },
                    {
                        "value": 600,
                        "clue": "Showing little enthusiasm",
                        "solution": "What is half-hearted"
                    },
                    {
                        "value": 800,
                        "clue": "An Emmy winner for casting and makeup",
                        "solution": "What is Six Feet Under"
                    },
                    {
                        "value": 1000,
                        "clue": "A song opening, it all has to do with gravity",
                        "solution": "What is \"What goes up, must come down\""
                    }
                ]
            },
            {
                "category": "MAYORS",
                "clues": [
                    {
                        "value": 200,
                        "clue": "Before becoming New York City mayor in 2002, he founded a financial news & information service",
                        "solution": "What is (Michael) Bloomberg"
                    },
                    {
                        "value": 400,
                        "clue": "Its mayors have included Josiah Quincy, arranger of a certain market",
                        "solution": "What is Boston"
                    },
                    {
                        "value": 600,
                        "clue": "He opposed speculation, gentrification & loud college parties as mayor of Burlington, Vermont from 1981 to 1989",
                        "solution": "What is Bernie Sanders"
                    },
                    {
                        "value": 800,
                        "clue": "London Breed is this California city's first African-American woman mayor",
                        "solution": "What is San Francisco"
                    },
                    {
                        "value": 1000,
                        "clue": "Elected in Chicago in 2019, this alliterative mayor made news when she had different views from the teachers' union in 2021",
                        "solution": "What is Lori Lightfoot"
                    }
                ]
            },
            {
                "category": "BOOK OF THE YEAR",
                "clues": [
                    {
                        "value": 200,
                        "clue": "\"Shakespeare in 1606\" is the subtitle of James Shapiro's book rhymingly titled \"The Year of\" this great tragic play",
                        "solution": "What is King Lear"
                    },
                    {
                        "value": 400,
                        "clue": "A risque work \"written\" by one of this queen's ladies in waiting, \"1601\" was first published anonymously by Mark Twain in 1880",
                        "solution": "What is Elizabeth I"
                    },
                    {
                        "value": 600,
                        "clue": "A classic by a fellow Englishman inspired Anthony Burgess to write a book in response whose title is this, one year later",
                        "solution": "What is 1985"
                    },
                    {
                        "value": 800,
                        "clue": "Herman Raucher based his coming-of-age novel about the summer of this year on his own experiences on Nantucket island",
                        "solution": "What is '42"
                    },
                    {
                        "value": 1000,
                        "clue": "\"Daybreak-2250 A.D.\" is by prolific author Alice Mary Norton, better known to sci-fi fans by this first name",
                        "solution": "What is Andre"
                    }
                ]
            },
            {
                "category": "WOOD",
                "clues": [
                    {
                        "value": 200,
                        "clue": "Thomas Chippendale preferred this dark reddish-brown wood from the West Indies; the British had dropped duties on it in 1733",
                        "solution": "What is mahogany"
                    },
                    {
                        "value": 400,
                        "clue": "The shagbark species of this tree can produce seeds until it's 300 years old—\"old\" this indeed",
                        "solution": "What is old hickory"
                    },
                    {
                        "value": 600,
                        "clue": "This rhyming plane that flew in 1947 was made of a plywood composite called duramold, lighter & stronger than aluminum",
                        "solution": "What is the Spruce Goose"
                    },
                    {
                        "value": 800,
                        "clue": "Often made from a 12-foot piece of oak, the wagon part extending to the left connects to a horse & has this anatomical name",
                        "solution": "What is the wagon tongue"
                    },
                    {
                        "value": 1000,
                        "clue": "To the sadness of guitar players, this \"flowery\" wood prized for fretboards comes from an endangered tree",
                        "solution": "What is rosewood"
                    }
                ]
            },
            {
                "category": "SEND A LETTER",
                "clues": [
                    {
                        "value": 200,
                        "clue": "The apostolic letters or books of the New Testament",
                        "solution": "What is epistles"
                    },
                    {
                        "value": 400,
                        "clue": "From the Latin for \"ask\", it's a letter to a publisher to see if they might be interested in a work you're submitting",
                        "solution": "What is a query letter"
                    },
                    {
                        "value": 600,
                        "clue": "At the Stanford academic advising website, advice to students on getting these letters: take intro seminars to cozy up to a prof",
                        "solution": "What is (letters of) recommendations"
                    },
                    {
                        "value": 800,
                        "clue": "Big in the 1930s, the \"Good Luck of Flanders\" one of these mentioned bad luck too, if you didn't pass it on",
                        "solution": "What is a chain letter"
                    },
                    {
                        "value": 1000,
                        "clue": "A letter of marque was a government grant to a private individual to engage in naval operations otherwise considered this",
                        "solution": "What is piracy"
                    }
                ]
            },
            {
                "category": "MUSICIANS SELLING MUSIC",
                "clues": [
                    {
                        "value": 200,
                        "clue": "Sony Music made a boss move in 2021, paying more than half a billion for the recordings & music publishing of this Jersey guy",
                        "solution": "What is Bruce Springsteen"
                    },
                    {
                        "value": 400,
                        "clue": "Deserving the Fleetwood max, this frontwoman sold a majority—but not all!—of her publishing for $100 million",
                        "solution": "What is Stevie Nicks"
                    },
                    {
                        "value": 600,
                        "clue": "Music rights for America (the band) went for $40 million in 2022 in part for having \"been through the desert on\" this title transport",
                        "solution": "What is \"A Horse With No Name\""
                    },
                    {
                        "value": 800,
                        "clue": "More like \"tangled up in green\"! Around 600 songs, selling for $300 million; that's 1/2 million a tune for this singer-songwriter",
                        "solution": "What is Bob Dylan"
                    },
                    {
                        "value": 1000,
                        "clue": "In 2021 the estate of this \"Dance With My Father\" R&B singer who left us far too soon at 54 made a $40 mil. deal with Primary Wave",
                        "solution": "What is Luther Vandross"
                    }
                ]
            }
        ],
        "double": [
            {
                "category": "MEDIEVAL TIMES",
                "clues": [
                    {
                        "value": 400,
                        "clue": "\"Shooting at the butts\" (man-made mounds of earth) was a popular way to practice this discipline",
                        "solution": "What is archery"
                    },
                    {
                        "value": 800,
                        "clue": "Amiens Cathedral is one of the glories of this medieval architectural style",
                        "solution": "What is Gothic"
                    },
                    {
                        "value": 1200,
                        "clue": "A serf who could hide out in a town for this long, \"un an et un jour\" in French, became a free citizen",
                        "solution": "What is a year and a day"
                    },
                    {
                        "value": 1600,
                        "clue": "In 1279 these invaders ended China's Song Dynasty",
                        "solution": "What is the Mongols"
                    },
                    {
                        "value": 2000,
                        "clue": "A sharp medieval thinker's name is attached to this rule of logic that says simple solutions are better than complex ones",
                        "solution": "What is Occam's razor"
                    }
                ]
            },
            {
                "category": "IT ONLY BORDERS ONE COUNTRY",
                "clues": [
                    {
                        "value": 400,
                        "clue": "If it wasn't for its access to this ocean, the Gambia would be completely surrounded by Senegal",
                        "solution": "What is the Atlantic"
                    },
                    {
                        "value": 800,
                        "clue": "This European nation has been nicknamed \"The Land of the 3 F's: Fado, Fatima & Futebol\"",
                        "solution": "What is Portugal"
                    },
                    {
                        "value": 1200,
                        "clue": "Technically an ecclesiastical state, it's found west of the Tiber",
                        "solution": "What is Vatican City"
                    },
                    {
                        "value": 1600,
                        "clue": "The Islamic Sultanate of Brunei is in 2 parts, each of which borders only this nation, on the island of Borneo",
                        "solution": "What is Malaysia"
                    },
                    {
                        "value": 2000,
                        "clue": "One of the world's newest countries, its \"West\"ern counterpart is administered by Indonesia",
                        "solution": "What is East Timor"
                    }
                ]
            },
            {
                "category": "SCIENCE",
                "clues": [
                    {
                        "value": 400,
                        "clue": "Though it doesn't have airplanes, Saturn has this band of 200-mph winds moving around its North Pole in a hexagonal pattern",
                        "solution": "What is jet stream"
                    },
                    {
                        "value": 800,
                        "clue": "The largest known of these compounds, titin has over 34,000 amino acids; its full chemical name has more than 34,000 characters",
                        "solution": "What is a protein"
                    },
                    {
                        "value": 1200,
                        "clue": "A study of these notorious bacteria, genus Escherichia, showed they swarm to fight antibiotics & even dead ones participate",
                        "solution": "What is E. coli"
                    },
                    {
                        "value": 1600,
                        "clue": "Around 1911 Arthur Holmes postulated Earth's age could be estimated by measuring the decay of this radioactive element into lead",
                        "solution": "What is uranium"
                    },
                    {
                        "value": 2000,
                        "clue": "The \"Woodstock of Physics\" was a 1987 conference on this phenomenon where electricity zips through certain very cold materials",
                        "solution": "What is superconductivity"
                    }
                ]
            },
            {
                "category": "IT'S A FLAT-OUT FACT",
                "clues": [
                    {
                        "value": 400,
                        "clue": "All babies have flat feet, but if you develop the condition later in life, it's called fallen these",
                        "solution": "What is arches"
                    },
                    {
                        "value": 800,
                        "clue": "Please pass over this bread in unleavened form or now that I think of it, as a ball in some delicious soup",
                        "solution": "What is matzah"
                    },
                    {
                        "value": 1200,
                        "clue": "\"Tortilla Flat\", a 1935 novel set in Monterey, established him as a successful author",
                        "solution": "What is Steinbeck"
                    },
                    {
                        "value": 1600,
                        "clue": "In 2021 a vehicle aptly named Speed Demon hit 466 mph at these salt flats in Utah",
                        "solution": "What is Bonneville"
                    },
                    {
                        "value": 2000,
                        "clue": "Some Native Americans practiced skull binding for a rounded look; Lewis & Clark called the Salish this because they didn't",
                        "solution": "What is the Flathead"
                    }
                ]
            },
            {
                "category": "SNL CAST MEMBERS ON FILM",
                "clues": [
                    {
                        "value": 400,
                        "clue": "As \"The Nutty Professor\"",
                        "solution": "What is Eddie Murphy"
                    },
                    {
                        "value": 800,
                        "clue": "As \"The Wedding Singer\"",
                        "solution": "What is Adam Sandler"
                    },
                    {
                        "value": 1200,
                        "clue": "In \"Meatballs\"",
                        "solution": "What is Bill Murray"
                    },
                    {
                        "value": 1600,
                        "clue": "As \"Joe Dirt\"",
                        "solution": "What is David Spade"
                    },
                    {
                        "value": 2000,
                        "clue": "As Mila Kunis' best friend in \"The Spy Who Dumped Me\"",
                        "solution": "What is Kate McKinnon"
                    }
                ]
            },
            {
                "category": "GOING \"PRO\"",
                "clues": [
                    {
                        "value": 400,
                        "clue": "If they gain the readers' sympathy, even a villain can be this main character of a story",
                        "solution": "What is a protagonist"
                    },
                    {
                        "value": 800,
                        "clue": "Instead of being passive about the situation, let's be this & take initiative in advance",
                        "solution": "What is proactive"
                    },
                    {
                        "value": 1200,
                        "clue": "It's the chief dignitary at some cathedrals, or a chief academic officer at a university",
                        "solution": "What is provost"
                    },
                    {
                        "value": 1600,
                        "clue": "Based on how they move, these single-celled organisms can be divided into 4 major groups, including ciliates & flagellates",
                        "solution": "What is protozoa"
                    },
                    {
                        "value": 2000,
                        "clue": "In the \"Communist Manifesto\", it's said that the fall of the bourgeoisie & the victory of this worker class is inevitable",
                        "solution": "What is the proletariat"
                    }
                ]
            }
        ],
        "final": {
            "category": "NOVEL QUOTES",
            "clue": "Referring to the book's title, this character says, \"I know it's a poem by Robert Burns\"",
            "solution": "What is Holden Caulfield"
        }
    }
}