{
    "game": {
        "single": [
            {
                "category": "SPORTS",
                "clues": [
                    {
                        "value": 100,
                        "clue": "Detroit baseball Bengals",
                        "solution": "What is the Tigers"
                    },
                    {
                        "value": 200,
                        "clue": "1982's \"sweet\" welterweight champ",
                        "solution": "What is Sugar Ray Leonard"
                    },
                    {
                        "value": 300,
                        "clue": "The 7-10 is one in bowling",
                        "solution": "What is a split"
                    },
                    {
                        "value": 400,
                        "clue": "Most prestigious award in yachting named for boat which first won it in 1851",
                        "solution": "What is the America's Cup"
                    },
                    {
                        "value": 500,
                        "clue": "Name of this 2-day track event is Greek for \"10 contests\"",
                        "solution": "What is decathlon"
                    }
                ]
            },
            {
                "category": "THE '60s",
                "clues": [
                    {
                        "value": 100,
                        "clue": "Where Armstrong left the footprint of his one small step",
                        "solution": "What is the moon"
                    },
                    {
                        "value": 200,
                        "clue": "In 1964 we got the 1st report from the surgeon general linking illness & these",
                        "solution": "What is cigarettes"
                    },
                    {
                        "value": 300,
                        "clue": "Even with Communist denouncement this dance was popular behind the Iron Curtain in '63",
                        "solution": "What is the Twist"
                    },
                    {
                        "value": 400,
                        "clue": "In December '64 the New York International Airport changed its name to this",
                        "solution": "What is John F. Kennedy Airport"
                    },
                    {
                        "value": 500,
                        "clue": "Independent southern presidential candidate who considered Colonel Sanders as a running mate",
                        "solution": "What is George Wallace"
                    }
                ]
            },
            {
                "category": "4-LETTER WORDS",
                "clues": [
                    {
                        "value": 100,
                        "clue": "Pronounced one way it's a fish, the other a deep male voice",
                        "solution": "What is bass"
                    },
                    {
                        "value": 200,
                        "clue": "It makes a football sail, or a student not fail",
                        "solution": "What is pass"
                    },
                    {
                        "value": 300,
                        "clue": "Hamlet's thing to catch the conscience of the king",
                        "solution": "What is a play"
                    },
                    {
                        "value": 400,
                        "clue": "A little off the top & sides or tinsel on a tree",
                        "solution": "What is trim"
                    },
                    {
                        "value": 500,
                        "clue": "Miss Ohio's reads \"Miss Ohio\"; Miss Idaho's reads \"Miss Idaho\"",
                        "solution": "What is a sash"
                    }
                ]
            },
            {
                "category": "GEMS",
                "clues": [
                    {
                        "value": 100,
                        "clue": "Because she had one embedded in her gold tooth Western madame Lil won this nickname",
                        "solution": "What is Diamond Lil"
                    },
                    {
                        "value": 200,
                        "clue": "Buck, Bailey, & what you shouldn't cast before swine",
                        "solution": "What is Pearl"
                    },
                    {
                        "value": 300,
                        "clue": "Fine-grained quartz used to make an aggie marble",
                        "solution": "What is agate"
                    }
                ]
            },
            {
                "category": "FIRST NAME BASIS",
                "clues": [
                    {
                        "value": 100,
                        "clue": "Sabrina, Jill & Kelly were his angels",
                        "solution": "What is Charlie"
                    },
                    {
                        "value": 200,
                        "clue": "Shakespeare's \"West Side Story\"",
                        "solution": "What is Romeo and Juliet"
                    },
                    {
                        "value": 300,
                        "clue": "She dropped the LaPiere & he the Bono",
                        "solution": "What is Sonny and Cher"
                    },
                    {
                        "value": 400,
                        "clue": "Their 3rd partner was in turn: Shemp, Curly, Shemp, Joe & finally Curly Joe",
                        "solution": "What is Moe & Larry"
                    },
                    {
                        "value": 500,
                        "clue": "Robert & Natalie & Elliott & Dyan",
                        "solution": "What is Bob & Carol & Ted & Alice"
                    }
                ]
            }
        ],
        "double": [
            {
                "category": "THE AMERICAN REVOLUTION",
                "clues": [
                    {
                        "value": 200,
                        "clue": "Wanting the job of commander he came to Continental Congress in full dress uniform",
                        "solution": "What is Washington"
                    },
                    {
                        "value": 400,
                        "clue": "Disgruntled officer urged by Washington not to quit, later turned traitor",
                        "solution": "What is (Benedict) Arnold"
                    }
                ]
            },
            {
                "category": "LAW",
                "clues": [
                    {
                        "value": 200,
                        "clue": "An attorney named Schuster probably inspired this nickname for a dishonest lawyer",
                        "solution": "What is a shyster"
                    },
                    {
                        "value": 400,
                        "clue": "\"Justice is incidental to law and order\", said this former FBI chief",
                        "solution": "What is J. Edgar Hoover"
                    },
                    {
                        "value": 600,
                        "clue": "Civil law in France & Louisiana is based on his code",
                        "solution": "What is Napoleon"
                    },
                    {
                        "value": 800,
                        "clue": "What habeas corpus protects you against",
                        "solution": "What is illegal arrest"
                    },
                    {
                        "value": 1000,
                        "clue": "Learned judge who sat on the federal bench longer than any other",
                        "solution": "What is Learned Hand"
                    }
                ]
            },
            {
                "category": "MARK TWAIN",
                "clues": [
                    {
                        "value": 200,
                        "clue": "His celebrated jumper from Calaveras County",
                        "solution": "What is a frog"
                    },
                    {
                        "value": 400,
                        "clue": "The name Twain's mother gave him",
                        "solution": "What is Samuel (Langhorne) Clemens"
                    },
                    {
                        "value": 600,
                        "clue": "Huck Finn said he go to hell before he'd betray this runaway slave",
                        "solution": "What is Jim"
                    },
                    {
                        "value": 800,
                        "clue": "It appeared in the sky the year he was born & the year he died",
                        "solution": "What is Halley's Comet"
                    }
                ]
            },
            {
                "category": "ISLANDS",
                "clues": [
                    {
                        "value": 200,
                        "clue": "South Sea island synonymous with atomic-sized blasts & atom-sized swimsuits",
                        "solution": "What is Bikini"
                    },
                    {
                        "value": 400,
                        "clue": "The green hell to which Dreyfus & Papillon were sentenced",
                        "solution": "What is Devil's Island"
                    },
                    {
                        "value": 600,
                        "clue": "Only New York City borough not on an island",
                        "solution": "What is the Bronx"
                    },
                    {
                        "value": 800,
                        "clue": "Campobello Island, FDR's summer home, is in this country",
                        "solution": "What is Canada"
                    }
                ]
            },
            {
                "category": "BOTANY",
                "clues": [
                    {
                        "value": 200,
                        "clue": "By counting them you can discover a tree's age",
                        "solution": "What is rings"
                    },
                    {
                        "value": 400,
                        "clue": "Slave turned botanist who created 300 new products from peanuts",
                        "solution": "What is George Washington Carver"
                    },
                    {
                        "value": 600,
                        "clue": "\"Sound of Music\" song asking this white Alpine flower to \"bless my homeland forever\"",
                        "solution": "What is \"Edelweiss\""
                    },
                    {
                        "value": 800,
                        "clue": "Japanese dwarf tree whose name sounds like a WWII battle cry",
                        "solution": "What is bonsai"
                    }
                ]
            },
            {
                "category": "LAST NAME BASIS",
                "clues": [
                    {
                        "value": 200,
                        "clue": "While this family advertises Pepsi, religion stops Michael from drinking it",
                        "solution": "What is the Jacksons"
                    },
                    {
                        "value": 400,
                        "clue": "His law states that if anything can go wrong it will",
                        "solution": "What is Murphy"
                    },
                    {
                        "value": 600,
                        "clue": "The show's writers never gave this Peter Falk character a 1st name",
                        "solution": "What is Columbo"
                    },
                    {
                        "value": 800,
                        "clue": "The \"G\" in MGM",
                        "solution": "What is Goldwyn"
                    },
                    {
                        "value": 1000,
                        "clue": "Mac & Dick's name bought lock, stock & burger by Ray Kroc",
                        "solution": "What is McDonald"
                    }
                ]
            }
        ],
        "final": {
            "category": "U.S. STATES",
            "clue": "Only state bordering on 4 of the 5 Great Lakes",
            "solution": "What is Michigan"
        }
    }
}