{
    "game": {
        "single": [
            {
                "category": "THE EXECUTOR BRANCH",
                "clues": [
                    {
                        "value": 200,
                        "clue": "Thomas Jefferson's veep, he killed a famous man in a famous duel",
                        "solution": "What is Aaron Burr"
                    },
                    {
                        "value": 400,
                        "clue": "He shot & killed Charles Dickinson in an 1806 duel",
                        "solution": "What is Andrew Jackson"
                    },
                    {
                        "value": 600,
                        "clue": "He personally killed a Spaniard at the Battle of San Juan Hill",
                        "solution": "What is Teddy Roosevelt"
                    },
                    {
                        "value": 800,
                        "clue": "In 1754 he ordered his Virginia militiamen to fire on a group of unsuspecting Frenchmen, killing 10",
                        "solution": "What is George Washington"
                    },
                    {
                        "value": 1000,
                        "clue": "As sheriff of Erie County, N.Y., Grover Cleveland personally hanged 2 criminals, earning him the nickname \"Hangman of\" here",
                        "solution": "What is Buffalo"
                    }
                ]
            },
            {
                "category": "BEST SPOKEN WORD GRAMMY",
                "clues": [
                    {
                        "value": 200,
                        "clue": "\"It Takes A Village\" (1996)",
                        "solution": "What is Hillary Rodham Clinton"
                    },
                    {
                        "value": 400,
                        "clue": "\"Gracie: A Love Story\" (1990)",
                        "solution": "What is George Burns"
                    },
                    {
                        "value": 600,
                        "clue": "\"It's Always Something\" (1989)",
                        "solution": "What is Gilda Radner"
                    },
                    {
                        "value": 800,
                        "clue": "\"The Civil War\" (1991)",
                        "solution": "What is Ken Burns"
                    },
                    {
                        "value": 1000,
                        "clue": "\"The Words of Gandhi\" (1984)",
                        "solution": "What is Ben Kingsley"
                    }
                ]
            },
            {
                "category": "ODD PLACE NAMES",
                "clues": [
                    {
                        "value": 200,
                        "clue": "Donna Summer could be the \"queen of\" this Illinois farming community with a musical name",
                        "solution": "What is Disco"
                    },
                    {
                        "value": 400,
                        "clue": "Meaning 2-shelled, the name of this New Jersey town goes back to its oyster industry days",
                        "solution": "What is Bivalve"
                    },
                    {
                        "value": 600,
                        "clue": "The ghost town of Adaven is in this state; holding \"Adaven\" up to a mirror might help",
                        "solution": "What is Nevada"
                    },
                    {
                        "value": 800,
                        "clue": "You can cash in if you know there's a town in Texas with this name, the Spanish word for money",
                        "solution": "What is Dinero"
                    },
                    {
                        "value": 1000,
                        "clue": "Drop the \"Old\" from Zachary Taylor's nickname & you'll have the name of this town in Northern California",
                        "solution": "What is Rough & Ready"
                    }
                ]
            },
            {
                "category": "NONPOTENT POTABLES",
                "clues": [
                    {
                        "value": 200,
                        "clue": "Gee, I could have had a Runner's Mark: Tabasco, Worcestershire, lemon & 4 ounces of this alphanumeric juice",
                        "solution": "What is V-8"
                    },
                    {
                        "value": 400,
                        "clue": "Without this traditional liquor, a Bloody Mary becomes a Virgin Mary",
                        "solution": "What is vodka"
                    },
                    {
                        "value": 600,
                        "clue": "An unfuzzy navel combines lemon juice, orange juice & this flavor fruit nectar",
                        "solution": "What is peach"
                    },
                    {
                        "value": 800,
                        "clue": "For some real zing, try Zingerade, which combines lemonade with the Red Zinger type of this",
                        "solution": "What is tea"
                    },
                    {
                        "value": 1000,
                        "clue": "The fresh fruit mocktail called a Flossy Aussie contains both kumquats & this fruit",
                        "solution": "What is kiwi"
                    }
                ]
            },
            {
                "category": "CHOOSE YOUR WEAPON",
                "clues": [
                    {
                        "value": 200,
                        "clue": "Bowie",
                        "solution": "What is a knife"
                    },
                    {
                        "value": 400,
                        "clue": "Thompson",
                        "solution": "What is a machine gun"
                    },
                    {
                        "value": 600,
                        "clue": "Sidewinder (not the snake)",
                        "solution": "What is missile"
                    },
                    {
                        "value": 800,
                        "clue": "Walther PPK",
                        "solution": "What is pistol"
                    },
                    {
                        "value": 1000,
                        "clue": "The USS Harry S. Truman",
                        "solution": "What is an aircraft carrier"
                    }
                ]
            },
            {
                "category": "A FEW\"GUE\"",
                "clues": [
                    {
                        "value": 200,
                        "clue": "Adjective meaning lacking clarity or distinctness",
                        "solution": "What is vague"
                    },
                    {
                        "value": 400,
                        "clue": "A destructive elephant away from its normal range, or Sarah Palin in the title of her 2009 memoir",
                        "solution": "What is rogue"
                    },
                    {
                        "value": 600,
                        "clue": "A congressman refers to another, even if he thinks he's useless, as \"my distinguished\" this",
                        "solution": "What is colleague"
                    },
                    {
                        "value": 800,
                        "clue": "The opposite of a preface",
                        "solution": "What is an epilogue"
                    },
                    {
                        "value": 1000,
                        "clue": "One foot is dragged on every step in this Caribbean dance favorite",
                        "solution": "What is merengue"
                    }
                ]
            }
        ],
        "double": [
            {
                "category": "MUMMIES OF THE WORLD",
                "clues": [
                    {
                        "value": 400,
                        "clue": "One of the world's oldest mummies, the Detmold Child was mummified in this high S. Amer. country 3,000 years before Tut",
                        "solution": "What is Peru"
                    },
                    {
                        "value": 800,
                        "clue": "Veronica Orlovits is part of a group of mummies found in a forgotten church crypt in Pest county in this country",
                        "solution": "What is Hungary"
                    },
                    {
                        "value": 1200,
                        "clue": "Royal mummies like Nespaqashuti were placed inside these stone items, whose name is from the Greek for flesh-eating",
                        "solution": "What is sarcophagi"
                    },
                    {
                        "value": 1600,
                        "clue": "Found in the family vault still wearing his boots, mummified German Baron von Holz died during this early 17th c. war",
                        "solution": "What is the Thirty Years' War"
                    },
                    {
                        "value": 2000,
                        "clue": "Preserved to accompany humans into the afterlife, cat mummies were popular in this Egyptian period named for a Greek",
                        "solution": "What is the Ptolemaic Period"
                    }
                ]
            },
            {
                "category": "PRO ATHLETES BY NUMBER WORN",
                "clues": [
                    {
                        "value": 400,
                        "clue": "Magic Johnson, Jim Brown",
                        "solution": "What is thirty-two"
                    },
                    {
                        "value": 800,
                        "clue": "Moses Malone, Derek Jeter",
                        "solution": "What is two"
                    },
                    {
                        "value": 1200,
                        "clue": "Jackie Robinson, Ronnie Lott",
                        "solution": "What is forty-two"
                    },
                    {
                        "value": 1600,
                        "clue": "Bobby Orr, Lou Gehrig",
                        "solution": "What is four"
                    },
                    {
                        "value": 2000,
                        "clue": "Willie Mays, Jeff Gordon",
                        "solution": "What is twenty-four"
                    }
                ]
            },
            {
                "category": "LAWYERS",
                "clues": [
                    {
                        "value": 400,
                        "clue": "Divorce lawyer Marvin Mitchelson coined this term for financial support after an unmarried couple splits up",
                        "solution": "What is palimony"
                    },
                    {
                        "value": 800,
                        "clue": "Flamboyant lawyer Melvin Belli was nicknamed \"the king of\" these civil wrongs",
                        "solution": "What is torts"
                    },
                    {
                        "value": 1200,
                        "clue": "John Adams was a defense attorney for patriots like John Hancock, & for British troops accused in this 1770 skirmish",
                        "solution": "What is the Boston Massacre"
                    },
                    {
                        "value": 1600,
                        "clue": "This prosecutor in the Scopes Monkey Trial fell ill & died shortly after that trial ended",
                        "solution": "What is William Jennings Bryan"
                    },
                    {
                        "value": 2000,
                        "clue": "This orator who argued McCulloch v. Maryland in the Supreme Court was one of the USA's most highly paid lawyers",
                        "solution": "What is Daniel Webster"
                    }
                ]
            },
            {
                "category": "LITERARY OBITUARY",
                "clues": [
                    {
                        "value": 400,
                        "clue": "A popular London scientist & medical man, by suicide (though police found another man's body in his place)",
                        "solution": "What is Dr. Jekyll"
                    },
                    {
                        "value": 800,
                        "clue": "Shakespearean royal, very briefly survived by her husband & son, by poisoning, in Denmark",
                        "solution": "What is Queen Gertrude"
                    },
                    {
                        "value": 1200,
                        "clue": "19th c. pickpocket gang leader, described as \"a receiver of stolen goods\", by execution",
                        "solution": "What is Fagin"
                    },
                    {
                        "value": 1600,
                        "clue": "Long Island society mourns his loss. Murdered, in West Egg, by George Wilson",
                        "solution": "What is The Great Gatsby"
                    },
                    {
                        "value": 2000,
                        "clue": "This Louisiana governor & \"boss\" rose to ruthless demagogue, assassinated, by Adam Stanton",
                        "solution": "What is Willie Stark"
                    }
                ]
            },
            {
                "category": "SYNONYMS",
                "clues": [
                    {
                        "value": 400,
                        "clue": "In film titles this synonym for fear is found before \"of the Tongs\", \"of Tiny Town\" & \"on a Train\"",
                        "solution": "What is terror"
                    },
                    {
                        "value": 800,
                        "clue": "This synonym for \"tumbled\" is also a Shakespearean adjective meaning \"cruel\", as in a type of \"swoop\"",
                        "solution": "What is fell"
                    },
                    {
                        "value": 1200,
                        "clue": "This word whose 2 syllables rhyme is a synonym for \"to ambush\"",
                        "solution": "What is waylay"
                    },
                    {
                        "value": 1600,
                        "clue": "This synonym for \"rich\" consists of an adverb, a preposition & a verb",
                        "solution": "What is well-to-do"
                    },
                    {
                        "value": 2000,
                        "clue": "A man's first name, or a word meaning \"abrupt\"",
                        "solution": "What is Curt"
                    }
                ]
            },
            {
                "category": "THINGS ARE SLOW",
                "clues": [
                    {
                        "value": 400,
                        "clue": "If your computer is slow, try scanning this & then defragmenting it",
                        "solution": "What is your hard drive"
                    },
                    {
                        "value": 800,
                        "clue": "Now that Pluto has been reclassified, this planet has the longest orbit around the sun",
                        "solution": "What is Neptune"
                    },
                    {
                        "value": 1200,
                        "clue": "Slowpoke Rodriguez, \"the slowest mouse in all Mexico\", was his cousin",
                        "solution": "What is Speedy Gonzales"
                    },
                    {
                        "value": 1600,
                        "clue": "If you bet that the slowest fishes of all are these of genus Hippocampus—go to the winner's circle",
                        "solution": "What is seahorses"
                    },
                    {
                        "value": 2000,
                        "clue": "Even a fountain pen was too much technology for this historian who took 20 years to write \"The Civil War\"",
                        "solution": "What is Shelby Foote"
                    }
                ]
            }
        ],
        "final": {
            "category": "FAMOUS AMERICANS",
            "clue": "In 1886 he published his first book, \"The Trumpet and Drum\", an instructional handbook with 8 compositions",
            "solution": "What is (John Philip) Sousa"
        }
    }
}