{
    "game": {
        "single": [
            {
                "category": "MEDICATIONS",
                "clues": [
                    {
                        "value": 200,
                        "clue": "Levothyroxine, sold under brand names like Unithroid & Synthroid, treats this gland when it's underactive",
                        "solution": "What is the thyroid"
                    },
                    {
                        "value": 400,
                        "clue": "The name of this opiate used as a pain reliever comes from the name of the Greek god of dreams",
                        "solution": "What is morphine"
                    },
                    {
                        "value": 600,
                        "clue": "L-DOPA treats the tremors, spasms & poor muscle control associated with this neurological disease",
                        "solution": "What is Parkinson's Disease"
                    },
                    {
                        "value": 800,
                        "clue": "Amoxicillin is used to treat infections caued by these",
                        "solution": "What is bacteria"
                    },
                    {
                        "value": 1000,
                        "clue": "Prozac is an SSRI; the second \"S\" stands for this chemical thought to be effective in treating depression",
                        "solution": "What is serotonin"
                    }
                ]
            },
            {
                "category": "MUSICAL SYNOPSES",
                "clues": [
                    {
                        "value": 200,
                        "clue": "Title character cleans orphanage, escapes, meets a dog & a rich buy but no parents, Miss Hannigan goes to jail",
                        "solution": "What is Annie"
                    },
                    {
                        "value": 400,
                        "clue": "Singer Conrad, about to be inducted, will kiss a girl on \"The Ed Sullivan Show\" before he goes",
                        "solution": "What is Bye Bye Birdie"
                    },
                    {
                        "value": 600,
                        "clue": "Spunky gal dreams of riches while stuck in Missouri, marries prospector, loses prospector, gets on Titanic",
                        "solution": "What is The Unsinkable Molly Brown"
                    },
                    {
                        "value": 800,
                        "clue": "Penniless English soprano in Paris turns to cross dressing, sorta, meets American gangster, confusion reigns",
                        "solution": "What is Victor/Victoria"
                    },
                    {
                        "value": 1000,
                        "clue": "2 Americans are in a misty Scottish glen when they encounter a village that comes alive one day every century",
                        "solution": "What is Brigadoon"
                    }
                ]
            },
            {
                "category": "NUDIST, BUDDHIST, OR CUBIST",
                "clues": [
                    {
                        "value": 200,
                        "clue": "Phil Jackson",
                        "solution": "What is Buddhist"
                    },
                    {
                        "value": 400,
                        "clue": "Benjamin Franklin",
                        "solution": "What is a nudist"
                    },
                    {
                        "value": 600,
                        "clue": "Georges Braque",
                        "solution": "What is a Cubist"
                    },
                    {
                        "value": 800,
                        "clue": "Jack Kerouac",
                        "solution": "What is a Buddhist"
                    },
                    {
                        "value": 1000,
                        "clue": "Fernand Leger",
                        "solution": "What is a Cubist"
                    }
                ]
            },
            {
                "category": "CHARLES GOT CHARGED",
                "clues": [
                    {
                        "value": 200,
                        "clue": "In 1974 Charles Colson was indicted on conspiracy charges in connection with this scandal",
                        "solution": "What is the Watergate Scandal"
                    },
                    {
                        "value": 400,
                        "clue": "Onetime L.A. D.A. Bugliosi said this man has \"received more mail than any other inmate in the history of the...system\"",
                        "solution": "What is Charles Manson"
                    },
                    {
                        "value": 600,
                        "clue": "After his Lincoln Savings & Loan failed, costing taxpayers $2.6 billion, this man was convicted in 1992",
                        "solution": "What is Charles Keating"
                    },
                    {
                        "value": 800,
                        "clue": "After the Long Parliament was purged in 1648, the Rump Parliament brought charges against this king",
                        "solution": "What is Charles I"
                    },
                    {
                        "value": 1000,
                        "clue": "Throughout his trial, this man insisted that President Garfield had died from mistreatment by his doctors",
                        "solution": "What is (Charles) Guiteau"
                    }
                ]
            },
            {
                "category": "AMUSEMENTS",
                "clues": [
                    {
                        "value": 200,
                        "clue": "In this card game, your deadwood can total up to 10 to knock legally",
                        "solution": "What is gin"
                    },
                    {
                        "value": 400,
                        "clue": "Nathan's Famous began as a nickel hot dog stand in 1916 in this Brooklyn amusement park",
                        "solution": "What is Coney Island"
                    },
                    {
                        "value": 600,
                        "clue": "This word, before \"Plaisance\" in the name of the 1893 Chicago Expo site, came to refer to any carnival area",
                        "solution": "What is midway"
                    },
                    {
                        "value": 800,
                        "clue": "(Jimmy of the Clue Crew reports from the Circus Center in San Francisco, California) The first great wire walker was the Frenchman Blondin, who rose to great fame by walking over this landmark, once carrying a man on his back",
                        "solution": "What is Niagara Falls"
                    },
                    {
                        "value": 1000,
                        "clue": "This word for one who takes up an activity for amusement in a superficial way is from the Latin for \"to delight\"",
                        "solution": "What is a dilettante"
                    }
                ]
            },
            {
                "category": "A LOVER OF LATIN",
                "clues": [
                    {
                        "value": 200,
                        "clue": "It's from the Latin for \"crossbred animal\" but a prius is a modern form of it, too",
                        "solution": "What is a hybrid"
                    },
                    {
                        "value": 400,
                        "clue": "It's the ablative form of locus, \"place\", as when it precedes \"parentis\"",
                        "solution": "What is loco"
                    },
                    {
                        "value": 600,
                        "clue": "Used in statistics, this word is from the Latin adverbial phrase for \"by the hundred\"",
                        "solution": "What is percent"
                    },
                    {
                        "value": 800,
                        "clue": "Meaning \"in or at another place\", you better have a good one for the night of the 16th, ya mug",
                        "solution": "What is an alibi"
                    },
                    {
                        "value": 1000,
                        "clue": "This two-word phrase, Latin for \"good faith\", means \"authentic\" in English",
                        "solution": "What is bona fide"
                    }
                ]
            }
        ],
        "double": [
            {
                "category": "PRESIDENTIAL HUMOR",
                "clues": [
                    {
                        "value": 400,
                        "clue": "When asked how he became a war hero, this president said, \"It was involuntary. They sank my boat\"",
                        "solution": "What is John F. Kennedy"
                    },
                    {
                        "value": 800,
                        "clue": "This president criticized Ed Asner for opposing U.S. foreign policy by asking, \"What does an actor know about politics?\"",
                        "solution": "What is Ronald Reagan"
                    },
                    {
                        "value": 1200,
                        "clue": "He said, \"I didn't fire\" MacArthur because he was dumb, \"although he was, but that's not against the law for generals\"",
                        "solution": "What is Harry Truman"
                    },
                    {
                        "value": 1600,
                        "clue": "Accused of being two-faced in a debate, this pres. said, \"If I had another face, do you think I would wear this one?\"",
                        "solution": "What is Abraham Lincoln"
                    },
                    {
                        "value": 2000,
                        "clue": "This \"hope\"ful president said the job is like running a cemetery: a \"lot of people under you, but nobody's listening\"",
                        "solution": "What is Bill Clinton"
                    }
                ]
            },
            {
                "category": "JACK NICHOLSON",
                "clues": [
                    {
                        "value": 400,
                        "clue": "The numerical title of this 1970 Jack Nicholson film refers to musical compositions, not toast",
                        "solution": "What is Five Easy Pieces"
                    },
                    {
                        "value": 800,
                        "clue": "In 1974 this man directed Jack in \"Chinatown\" & played the gangster who slit Jack's nostril",
                        "solution": "What is Roman Polanski"
                    },
                    {
                        "value": 1200,
                        "clue": "About this \"Shining\" director, Jack said, \"Just because you're a perfectionist doesn't mean you're perfect\"",
                        "solution": "What is Stanley Kubrick"
                    },
                    {
                        "value": 1600,
                        "clue": "Appropriately, Jack played 'your average horny little devil\" in this bewitching 1987 film",
                        "solution": "What is The Witches Of Eastwick"
                    },
                    {
                        "value": 2000,
                        "clue": "Singing \"Always Look On The Bright Side Of Life\" to a dog helped Jack win an Oscar for this 1997 film",
                        "solution": "What is As Good As It Gets"
                    }
                ]
            },
            {
                "category": "TRAVEL EUROPE",
                "clues": [
                    {
                        "value": 400,
                        "clue": "Built for the 1958 World's Fair, the Atomium in this Belgian city is a model of a molecule enlarged 165 billion times",
                        "solution": "What is Brussels"
                    },
                    {
                        "value": 800,
                        "clue": "Frederiksborg Castle, famed for its gardens, has been called the Versailles of this Scandinavian country",
                        "solution": "What is Denmark"
                    },
                    {
                        "value": 1200,
                        "clue": "When in this Scottish city, visit the Willow Tea Rooms designed by hometown hero Charles Rennie Mackintosh",
                        "solution": "What is Glasgow"
                    },
                    {
                        "value": 1600,
                        "clue": "April 25 is the feast day of this Patron Saint of Venice, & Venetians celebrate it with a gondola race",
                        "solution": "What is St. Mark"
                    },
                    {
                        "value": 2000,
                        "clue": "Fans of \"The Sound of Music\" visit this city to see such sites as Mirabell Gardens, where \"Do-Re-Mi\" was filmed",
                        "solution": "What is Salzburg (Austria)"
                    }
                ]
            },
            {
                "category": "\"H\"E MAN",
                "clues": [
                    {
                        "value": 400,
                        "clue": "\"All Along The Watchtower\" was this guitar virtuoso's only Billboard Top 40 hit",
                        "solution": "What is Jimi Hendrix"
                    },
                    {
                        "value": 800,
                        "clue": "This wall builder became the Ward of Trajan & followed him as Roman Emperor",
                        "solution": "What is Hadrian"
                    },
                    {
                        "value": 1200,
                        "clue": "This current U.S. Senator comes from Cumming, Iowa, population 150",
                        "solution": "What is Tom Harkin"
                    },
                    {
                        "value": 1600,
                        "clue": "This author of 1935's \"Mulatto\" was referred to as \"the Poet Laureate of Harlem\"",
                        "solution": "What is Langston Hughes"
                    },
                    {
                        "value": 2000,
                        "clue": "His 1944 novel \"A Bell for Adano\" is set in Allied-occupied Sicily",
                        "solution": "What is John Hersey"
                    }
                ]
            },
            {
                "category": "PULITZER PRIZE PLAYS",
                "clues": [
                    {
                        "value": 400,
                        "clue": "This play that won the 1956 prize is set in the upper part of a building in Amsterdam",
                        "solution": "What is The Diary Of Anne Frank"
                    },
                    {
                        "value": 800,
                        "clue": "\"We never had a losing season, boys; there's not many that can say that\", says the coach in this Jason Miller play",
                        "solution": "What is That Championship Season"
                    },
                    {
                        "value": 1200,
                        "clue": "In 2000 Donald Margulies won for serving us this meal \"with friends\"",
                        "solution": "What is dinner"
                    },
                    {
                        "value": 1600,
                        "clue": "This partner of Lynn Fontanne got to star in \"Idiot's Delight\" after suggesting the idea for it to Robert Sherwood",
                        "solution": "What is Alfred Lunt"
                    },
                    {
                        "value": 2000,
                        "clue": "(Here's a friend of our show—Edward Albee.) In this play that won me my third Pulitzer Prize, all 3 of the title females are based on my adoptive mother",
                        "solution": "What is Three Tall Women"
                    }
                ]
            },
            {
                "category": "THEY DIFFER BY ONE LETTER",
                "clues": [
                    {
                        "value": 400,
                        "clue": "A fiery fedora",
                        "solution": "What is a hot hat"
                    },
                    {
                        "value": 800,
                        "clue": "A lumpy bunk",
                        "solution": "What is a bad bed"
                    },
                    {
                        "value": 1200,
                        "clue": "A mallard's playing card set",
                        "solution": "What is a duck deck"
                    },
                    {
                        "value": 1600,
                        "clue": "A big spotted cat's ballet suit",
                        "solution": "What is a leopard leotard"
                    },
                    {
                        "value": 2000,
                        "clue": "Military conflict over a bee product",
                        "solution": "What is a wax war"
                    }
                ]
            }
        ],
        "final": {
            "category": "FOOD & DRINK HISTORY",
            "clue": "The world's first pure food & beverage law, one pertaining to beer, was proclaimed by the Duke of this region in 1516",
            "solution": "What is Bavaria"
        }
    }
}