{
    "game": {
        "single": [
            {
                "category": "AMONG THE 10 LARGEST ISLANDS",
                "clues": [
                    {
                        "value": 200,
                        "clue": "Geographically, this largest island is actually part of North America",
                        "solution": "What is Greenland"
                    },
                    {
                        "value": 400,
                        "clue": "In the 1720s Daniel Defoe published a 3-volume \"Tour\" of this home island",
                        "solution": "What is Great Britain"
                    },
                    {
                        "value": 600,
                        "clue": "The cities of Padang & Bukittinggi are found on this Indonesian island",
                        "solution": "What is Sumatra"
                    },
                    {
                        "value": 800,
                        "clue": "It's home to about 80% of Japan's people",
                        "solution": "What is Honshu"
                    },
                    {
                        "value": 1000,
                        "clue": "Part of Canada, this fifth-largest island is mostly inhabited by Inuit",
                        "solution": "What is Baffin"
                    }
                ]
            },
            {
                "category": "SHAKESPEAREAN JEOPARDY!",
                "clues": [
                    {
                        "value": 200,
                        "clue": "\"Now is the Jeopardy! of our discontent\"",
                        "solution": "What is winter"
                    },
                    {
                        "value": 400,
                        "clue": "\"Something is rotten in the state of Jeopardy!\"",
                        "solution": "What is Denmark"
                    },
                    {
                        "value": 600,
                        "clue": "\"The quality of Jeopardy! is not strain'd\"",
                        "solution": "What is mercy"
                    },
                    {
                        "value": 800,
                        "clue": "\"It is the green-eyed Jeopardy! which doth mock the meat it feeds on\"",
                        "solution": "What is monster"
                    },
                    {
                        "value": 1000,
                        "clue": "\"It is the east & Jeopardy! is the sun\"",
                        "solution": "What is Juliet"
                    }
                ]
            },
            {
                "category": "TELL ME SOMETHING I DON'T KNOW",
                "clues": [
                    {
                        "value": 200,
                        "clue": "Ethiopia's multi-colored flag is traditionally associated with the post-flood rainbow described in this Bible book",
                        "solution": "What is Genesis"
                    },
                    {
                        "value": 400,
                        "clue": "The first kitten born via this method was named C.C. by Texas A&M researchers; some say it's for \"copy cat\"",
                        "solution": "What is cloning"
                    },
                    {
                        "value": 800,
                        "clue": "This planet that orbits the Sun at a mean distance of 1.5 astronomical units has a day about 40 minutes longer than ours",
                        "solution": "What is Mars"
                    },
                    {
                        "value": 1000,
                        "clue": "This 11th president was Latin salutatorian in his university class of 1818",
                        "solution": "What is Polk"
                    }
                ]
            },
            {
                "category": "WEIGHTS & MEASURES",
                "clues": [
                    {
                        "value": 200,
                        "clue": "On many French highways, the speed limit is 130 of these per hour, 110 if it's raining",
                        "solution": "What is kilometers"
                    },
                    {
                        "value": 400,
                        "clue": "In computerese, a nybble is defined as a half of one of these",
                        "solution": "What is a byte"
                    },
                    {
                        "value": 600,
                        "clue": "Australians sometimes refer to a measure of water volume as a sydharb, the amount of water in this",
                        "solution": "What is Sydney Harbour"
                    },
                    {
                        "value": 800,
                        "clue": "In 1960 a Gillette defined the power of one of these beams by how many razor blades it could burn through",
                        "solution": "What is a laser"
                    },
                    {
                        "value": 1000,
                        "clue": "In Ancient Egypt this unit was divided into 7 palms or 28 fingers",
                        "solution": "What is a cubit"
                    }
                ]
            },
            {
                "category": "HEY, \"MAC\"",
                "clues": [
                    {
                        "value": 200,
                        "clue": "A type of pasta, it can also mean a fop or dandy",
                        "solution": "What is macaroni"
                    },
                    {
                        "value": 400,
                        "clue": "This coarse lace work is made by weaving & knotting cords into a pattern",
                        "solution": "What is macrame"
                    },
                    {
                        "value": 600,
                        "clue": "Right now, head west on Constitution Ave. & soon you'll be on its shore",
                        "solution": "What is the Potomac River"
                    },
                    {
                        "value": 800,
                        "clue": "As of 2010 U.S. airlines can't keep you sitting here for more than 3 hours",
                        "solution": "What is the tarmac"
                    },
                    {
                        "value": 1000,
                        "clue": "This group of shrubs often has red fruit & includes smooth & poison varieties",
                        "solution": "What is sumac"
                    }
                ]
            },
            {
                "category": "COLORFUL OSCAR WINNING-FILMS",
                "clues": [
                    {
                        "value": 200,
                        "clue": "In 2011 Natalie Portman danced off with Best Actress for her role in this movie",
                        "solution": "What is Black Swan"
                    },
                    {
                        "value": 400,
                        "clue": "Shirley Temple presented Walt Disney with a special 8-piece Academy Award honoring this 1937 release",
                        "solution": "What is Snow White and the Seven Dwarfs"
                    },
                    {
                        "value": 600,
                        "clue": "I'm just Wilde about Harry Stradling, who won a cinematography Oscar for this novel adaptation",
                        "solution": "What is The Picture of Dorian Gray"
                    },
                    {
                        "value": 800,
                        "clue": "Jessica Lange soared as Carly Marshall & landed a Best Actress Oscar for her role in this 1994 film",
                        "solution": "What is Blue Sky"
                    },
                    {
                        "value": 1000,
                        "clue": "\"How Green Was My Valley\" brought this man one of his 4 Best Director Oscars",
                        "solution": "What is John Ford"
                    }
                ]
            }
        ],
        "double": [
            {
                "category": "AN ENVIRONMENTAL CATEGORY",
                "clues": [
                    {
                        "value": 400,
                        "clue": "The Fish & Wildlife Service uses this adjective for species likely to become endangered if something isn't done",
                        "solution": "What is threatened"
                    },
                    {
                        "value": 800,
                        "clue": "The phenomenon of acid rain is largely caused by emissions of this industrial pollutant, SO2",
                        "solution": "What is sulfur dioxide"
                    },
                    {
                        "value": 1200,
                        "clue": "An important feature of tundra, it's a layer of constantly frozen soil underground",
                        "solution": "What is permafrost"
                    },
                    {
                        "value": 1600,
                        "clue": "Add a letter to \"recycling\" & you get this practice of shopping with an awareness of waste reduction",
                        "solution": "What is precycling"
                    },
                    {
                        "value": 2000,
                        "clue": "An organism's role in its ecological community is known as this, from the Latin for \"nest\"",
                        "solution": "What is niche"
                    }
                ]
            },
            {
                "category": "10-LETTER WORDS",
                "clues": [
                    {
                        "value": 400,
                        "clue": "From the Greek for \"devil\", it adequately describes my plans for world domination",
                        "solution": "What is diabolical"
                    },
                    {
                        "value": 800,
                        "clue": "Thousands each year undertake this type of sacred expedition to Lourdes",
                        "solution": "What is a pilgrimage"
                    },
                    {
                        "value": 1200,
                        "clue": "This synonym for \"everywhere\" has 10 letters, 3 of them \"U\"",
                        "solution": "What is ubiquitous"
                    },
                    {
                        "value": 1600,
                        "clue": "Smuggled or bootlegged goods",
                        "solution": "What is contraband"
                    },
                    {
                        "value": 2000,
                        "clue": "From the Latin for \"head\", it means \"to surrender\"",
                        "solution": "What is capitulate"
                    }
                ]
            },
            {
                "category": "NONFICTION",
                "clues": [
                    {
                        "value": 400,
                        "clue": "\"Troublemaker\" by Leah Remini is subtitled \"Surviving Hollywood and\" this religious movement",
                        "solution": "What is Scientology"
                    },
                    {
                        "value": 800,
                        "clue": "\"Trapped Under the Sea\" investigates a disaster that struck during a cleanup of the harbor of this city known as \"The Hub\"",
                        "solution": "What is Boston"
                    },
                    {
                        "value": 1200,
                        "clue": "This book by Rachel Carson was first published in 1962 as 3 serialized articles in the New Yorker",
                        "solution": "What is Silent Spring"
                    },
                    {
                        "value": 1600,
                        "clue": "E.B. White called it William Strunk's \"parvum opus\" (little work)",
                        "solution": "What is The Elements of Style"
                    },
                    {
                        "value": 2000,
                        "clue": "He challenged Booker T. Washington's leadership in his 1903 collection of essays \"The Souls of Black Folk\"",
                        "solution": "What is W.E.B. Du Bois"
                    }
                ]
            },
            {
                "category": "BEEN HER",
                "clues": [
                    {
                        "value": 400,
                        "clue": "Cherilyn Sarkisian",
                        "solution": "What is Cher"
                    },
                    {
                        "value": 800,
                        "clue": "Norma Jeane Mortenson",
                        "solution": "What is Marilyn Monroe"
                    },
                    {
                        "value": 1200,
                        "clue": "Robyn Fenty",
                        "solution": "What is Rihanna"
                    },
                    {
                        "value": 1600,
                        "clue": "Greta Gustafsson",
                        "solution": "What is Greta Garbo"
                    },
                    {
                        "value": 2000,
                        "clue": "Dana Owens",
                        "solution": "What is Queen Latifah"
                    }
                ]
            },
            {
                "category": "HISTORIC HANDSHAKES",
                "clues": [
                    {
                        "value": 400,
                        "clue": "In 1934, Walter Chrysler & his VP celebrated the one millionth Plymouth to roll off the line in this city",
                        "solution": "What is Detroit"
                    },
                    {
                        "value": 800,
                        "clue": "In 2012, the Queen shook hands with Northern Ireland's Deputy First Minister Martin McGuinness, formerly a commander in this",
                        "solution": "What is the IRA"
                    },
                    {
                        "value": 1200,
                        "clue": "The 2015 shake by Xi Jinping & Ma Ying-jeou marked the first top-level contact between these two countries in 66 years",
                        "solution": "What is China & Taiwan"
                    },
                    {
                        "value": 2000,
                        "clue": "The infamous shake between Hitler & this one-time French hero symbolized the Vichy regime's collaboration with the Nazis",
                        "solution": "What is Pétain"
                    }
                ]
            },
            {
                "category": "PUT IT THERE!",
                "clues": [
                    {
                        "value": 400,
                        "clue": "Alaway, from Bausch & Lomb, is for this body part",
                        "solution": "What is the eye"
                    },
                    {
                        "value": 800,
                        "clue": "At the car wash, drive onto the conveyor belt & put the car in this gear",
                        "solution": "What is neutral"
                    },
                    {
                        "value": 1200,
                        "clue": "Expecting a crash? Put your money in this, a term for gold or silver by quantity in bars or ingots",
                        "solution": "What is bullion"
                    },
                    {
                        "value": 1600,
                        "clue": "If the reactor is getting too hot, put these \"rods\" into the core to absorb neutrons & shut it down",
                        "solution": "What is control rods"
                    },
                    {
                        "value": 2000,
                        "clue": "This book of the Bible says, \"Put not your trust in princes\", but in the Lord",
                        "solution": "What is Psalms"
                    }
                ]
            }
        ],
        "final": {
            "category": "AFRICAN GEOGRAPHY",
            "clue": "After the secession of South Sudan from Sudan in 2011, this became the largest country in Africa by area",
            "solution": "What is Algeria"
        }
    }
}