{
    "game": {
        "single": [
            {
                "category": "INSECTS",
                "clues": [
                    {
                        "value": 200,
                        "clue": "When placed on its back, the click family of this insect jumps into the air to right itself, making a click sound",
                        "solution": "What is a beetle"
                    },
                    {
                        "value": 400,
                        "clue": "A familiar sight on summer evenings east of the Rockies is the Photinus pyralis, a species of this",
                        "solution": "What is a firefly"
                    },
                    {
                        "value": 600,
                        "clue": "Some species of thrips are the only known animals that can reproduce by both bearing live young & doing this",
                        "solution": "What is laying eggs"
                    },
                    {
                        "value": 800,
                        "clue": "Just like chickens, insects have this 4-letter pouch where food is stored & partially digested",
                        "solution": "What is a crop"
                    },
                    {
                        "value": 1000,
                        "clue": "A long-horned grasshopper gets this name from the love call produced by rubbing its two front wings together",
                        "solution": "What is the katydid"
                    }
                ]
            },
            {
                "category": "I'VE ZINE THE MOVIE",
                "clues": [
                    {
                        "value": 200,
                        "clue": "Sydney Schanberg's magazine article \"The Death & Life of Dith Pran\" lived on to become this film",
                        "solution": "What is The Killing Fields"
                    },
                    {
                        "value": 400,
                        "clue": "The Life article that became this film described the bisexual bank robber as having the \"good looks of an Al Pacino\"",
                        "solution": "What is Dog Day Afternoon"
                    },
                    {
                        "value": 600,
                        "clue": "Annie Proulx said she was driving while she wrote most of the article that became this Wyoming-set film",
                        "solution": "What is Brokeback Mountain"
                    },
                    {
                        "value": 800,
                        "clue": "This Cameron Crowe film was a fictionalized account of his adventures writing for Rolling Stone",
                        "solution": "What is Almost Famous"
                    },
                    {
                        "value": 1000,
                        "clue": "A GQ article became this film where Piper Perabo learned that beautiful women plus booze equals money",
                        "solution": "What is Coyote Ugly"
                    }
                ]
            },
            {
                "category": "TREE POTPOURRI",
                "clues": [
                    {
                        "value": 200,
                        "clue": "Dendrochronologists study the climate of the past mainly by examining these in trees",
                        "solution": "What is trunk rings"
                    },
                    {
                        "value": 400,
                        "clue": "This symbol of Maine stands tall & green on the state's flag",
                        "solution": "What is a pine tree"
                    },
                    {
                        "value": 600,
                        "clue": "Acer saccharum is the sugar type of this tree",
                        "solution": "What is the maple"
                    },
                    {
                        "value": 800,
                        "clue": "From his birthplace, Elvis may have known that Nyssa is the botanical name for this tree",
                        "solution": "What is the tupelo"
                    },
                    {
                        "value": 1000,
                        "clue": "This Aussie song mentions \"a jolly swagman\" \"under the shade of a coolibah tree\"",
                        "solution": "What is \"Waltzing Matilda\""
                    }
                ]
            },
            {
                "category": "MAKE $$$ IN YOUR SPARE TIME!",
                "clues": [
                    {
                        "value": 200,
                        "clue": "Get hit in a \"sensitive area\", preferably by a toddler; send the tape to this Tom Bergeron show to win $100,000",
                        "solution": "What is America's Funniest Home Videos"
                    },
                    {
                        "value": 400,
                        "clue": "Numismatics, man! In 2005 one of these dating from 1792 sold for $437,000—that's 43.7 million times its face value",
                        "solution": "What is a penny"
                    },
                    {
                        "value": 600,
                        "clue": "Think hard & pick up this honor, worth 114,935 kronor in 1923 & 10 million in 2005",
                        "solution": "What is the Nobel Prize"
                    },
                    {
                        "value": 800,
                        "clue": "Go halfsies in the lottery with Donna Goeppert, from Bethlehem in this state; in 2005 she won $1 million 2 different times",
                        "solution": "What is Pennsylvania"
                    },
                    {
                        "value": 1000,
                        "clue": "If you see \"Whitey\" Bulger, ex-accomplice of \"Rifleman\" Flemmi, call this federal agency for a $1 million reward",
                        "solution": "What is the FBI"
                    }
                ]
            },
            {
                "category": "LANDING ZONES OF NORMANDY",
                "clues": [
                    {
                        "value": 200,
                        "clue": "A branch of the Sioux Indian tribe",
                        "solution": "What is Omaha"
                    },
                    {
                        "value": 400,
                        "clue": "The Bear River runs through this state into a lake",
                        "solution": "What is Utah"
                    },
                    {
                        "value": 600,
                        "clue": "Bug, Glove or Coast",
                        "solution": "What is Gold"
                    },
                    {
                        "value": 800,
                        "clue": "Hellenically, Hera",
                        "solution": "What is Juno"
                    },
                    {
                        "value": 1000,
                        "clue": "This weapon is aflame in Genesis 3:24",
                        "solution": "What is Sword"
                    }
                ]
            },
            {
                "category": "EDIBLE HOMOPHONES",
                "clues": [
                    {
                        "value": 200,
                        "clue": "To leave one's home & roots is to \"pull up\" these",
                        "solution": "What is stakes (steaks)"
                    },
                    {
                        "value": 400,
                        "clue": "I must have offended people to get this kind of reception when I arrived at the cookoff",
                        "solution": "What is chilly (chili)"
                    },
                    {
                        "value": 600,
                        "clue": "Before the police could arrest him for his crimes with sheep, he \"took it on\" this",
                        "solution": "What is the lam (lamb)"
                    },
                    {
                        "value": 800,
                        "clue": "Produced by mating",
                        "solution": "What is bred (bread)"
                    },
                    {
                        "value": 1000,
                        "clue": "It's noted for its huge antlers",
                        "solution": "What is moose (mousse)"
                    }
                ]
            }
        ],
        "double": [
            {
                "category": "PHYSICS",
                "clues": [
                    {
                        "value": 400,
                        "clue": "All moving particles have waves associated with them, as light waves are with these particles of light",
                        "solution": "What is photons"
                    },
                    {
                        "value": 800,
                        "clue": "(Kelly of the Clue Crew indicates a series of sinusoids on the monitor.) When a wave is canceled out by an equal & opposite wave, the result is \"complete destructive\" this, like what messes up radio transmissions",
                        "solution": "What is interference"
                    },
                    {
                        "value": 1200,
                        "clue": "This color precedes \"body\" in the name of an object that absorbs all radiant energy falling on it",
                        "solution": "What is black"
                    },
                    {
                        "value": 1600,
                        "clue": "(Jon of the Clue Crew indicates a balance on a monitor.) With the torque pushing the bar clockwise equal to the torque pushing it counterclockwise, the bar is in the rotational type of this",
                        "solution": "What is equilibrium"
                    },
                    {
                        "value": 2000,
                        "clue": "A measure of energy that can't be converted into work, it's causing the universe to run down into bleak nothingness",
                        "solution": "What is entropy"
                    }
                ]
            },
            {
                "category": "THE GRAMMYS 2006",
                "clues": [
                    {
                        "value": 400,
                        "clue": "She deserves a little respect, picking up her 17th Grammy for her rendition of \"A House Is Not A Home\"",
                        "solution": "What is Aretha Franklin"
                    },
                    {
                        "value": 2000,
                        "clue": "With Nicole Kidman to cheer him on, he won for Male Country Vocal Performance, his first Grammy ever",
                        "solution": "What is Keith Urban"
                    }
                ]
            },
            {
                "category": "EXTREMELY BAD HISTORICAL POETRY",
                "clues": [
                    {
                        "value": 400,
                        "clue": "Da da da dada something something \"want mealier\" / This tiny president was \"The Sage of Montpelier\"",
                        "solution": "What is Madison"
                    },
                    {
                        "value": 800,
                        "clue": "Roses are red / Violets are blue / This \"House of Mirth\" author / Was born in 1862",
                        "solution": "What is Edith Wharton"
                    },
                    {
                        "value": 1200,
                        "clue": "In days of old, this knight was bold, in the 17th c. scene / On muddy ground, his cloak was found / Like his head in 1618",
                        "solution": "What is Sir Walter Raleigh"
                    },
                    {
                        "value": 1600,
                        "clue": "In 1492 / He sailed the ocean blue / He'd later lead the first fleet to reach India from Europe (Yep, that's bad poetry)",
                        "solution": "What is Vasco da Gama"
                    },
                    {
                        "value": 2000,
                        "clue": "Half brother of Sir Austen / Took appeasement to the hilt / He was the sittin' / PM of Britain / & no, his name was not Wilt",
                        "solution": "What is Neville Chamberlain"
                    }
                ]
            },
            {
                "category": "WORLD LEADERS",
                "clues": [
                    {
                        "value": 400,
                        "clue": "He transformed his country into the first Communist state in the Western Hemisphere",
                        "solution": "What is Fidel Castro"
                    },
                    {
                        "value": 800,
                        "clue": "In April 1969 he left the world stage & retired to his home at Colombey-les-Deux-Eglises",
                        "solution": "What is Charles de Gaulle"
                    },
                    {
                        "value": 1200,
                        "clue": "This Caribbean leader's famous nickname was appropriate—he graduated from medical school in 1934",
                        "solution": "What is \"Papa Doc\" (Duvalier)"
                    },
                    {
                        "value": 1600,
                        "clue": "This future king of Sweden received bricks, a trowel & a real yoke with 2 pails for his 5th birthday in 1951",
                        "solution": "What is King Carl Gustaf"
                    },
                    {
                        "value": 2000,
                        "clue": "(Linda Park of Star Trek fame reads the clue.) I was born in Korea in 1978, the year before this dictator (no relation) was removed from power",
                        "solution": "What is Park Chung Hee"
                    }
                ]
            },
            {
                "category": "THEY PICKED UP THE CHEKHOV",
                "clues": [
                    {
                        "value": 400,
                        "clue": "This playwright adapted several Chekhov stories for his play \"The Good Doctor\" (Hint: Marsha Mason was in it)",
                        "solution": "What is Neil Simon"
                    },
                    {
                        "value": 800,
                        "clue": "In 1997 Amy Irving, Lili Taylor & Jeanne Tripplehorn were a triple threat in this play",
                        "solution": "What is Three Sisters"
                    },
                    {
                        "value": 1200,
                        "clue": "In 1966 this ex-wife of Laurence Olivier appeared on Broadway for the last time, as John Gielgud's wife in \"Ivanov\"",
                        "solution": "What is Vivien Leigh"
                    },
                    {
                        "value": 1600,
                        "clue": "George C. Scott & Julie Christie shared the stage in this play in '73 with a very avuncular Nicol Williamson",
                        "solution": "What is Uncle Vanya"
                    },
                    {
                        "value": 2000,
                        "clue": "A 2006 staging of this Chekhov classic was fruitful for leading lady Annette Bening",
                        "solution": "What is The Cherry Orchard"
                    }
                ]
            },
            {
                "category": "OLD, ODD & OBSCURE WORDS",
                "clues": [
                    {
                        "value": 400,
                        "clue": "\"Skirl\" is the shrill sound made by this musical instrument of the Highlands",
                        "solution": "What is a bagpipe"
                    },
                    {
                        "value": 800,
                        "clue": "(Cheryl of the Clue Crew speaks from a library.) In \"Robinson Crusoe\" the name of this amphibian means \"a loop to hold a sword\"; today, it's the name of this type of fastener",
                        "solution": "What is a frog"
                    },
                    {
                        "value": 1200,
                        "clue": "An ichnite or ichnolite is a fossilized one of these, perhaps from a sasquatch?",
                        "solution": "What is a footprint"
                    },
                    {
                        "value": 1600,
                        "clue": "It's probably been a while since you've seen a typewriter; remember this 6-letter term for the roller?",
                        "solution": "What is a platen"
                    },
                    {
                        "value": 2000,
                        "clue": "An explanatory comment, or in old manuscripts, a chapter heading or initial letter written in red",
                        "solution": "What is a rubric"
                    }
                ]
            }
        ],
        "final": {
            "category": "AFRICAN CAPITALS",
            "clue": "To get the name of its country, add 2 letters to the end of this world capital city",
            "solution": "What is Tunis"
        }
    }
}