{
    "game": {
        "single": [
            {
                "category": "TODAY'S MUSIC",
                "clues": [
                    {
                        "value": 200,
                        "clue": "Recognize the voice of this country star?",
                        "solution": "What is (Blake) Shelton"
                    },
                    {
                        "value": 400,
                        "clue": "After announcing that the \"Dog Days Are Over\", this British band urged us to \"Shake It Out, Shake It Out\"",
                        "solution": "What is Florence and the Machine"
                    },
                    {
                        "value": 800,
                        "clue": "In 2007 her song \"No One\" hit No. 1 on Billboard's pop & R&B charts",
                        "solution": "What is Alicia Keys"
                    },
                    {
                        "value": 1000,
                        "clue": "With his 2014 album \"Paula\" & tracks like \"Get Her Back\", he hoped to get back estranged wife Paula Patton",
                        "solution": "What is Robin Thicke"
                    }
                ]
            },
            {
                "category": "WEBSITES FOR WOMEN",
                "clues": [
                    {
                        "value": 200,
                        "clue": "You can read about \"the state of RGIII\" on the website the this sport girl.com",
                        "solution": "What is football"
                    },
                    {
                        "value": 400,
                        "clue": "Providing resources for entrepreneurial gals is the job of ladieswho this (not \"lunch\") .com",
                        "solution": "What is launch"
                    },
                    {
                        "value": 600,
                        "clue": "A Gawker offshoot., this wicked commentary site shares its name with Ahab's wife",
                        "solution": "What is Jezebel(.com)"
                    },
                    {
                        "value": 800,
                        "clue": "Making good economic choices is at the heart of Ginger Dean's girlsjustwannahave these .com",
                        "solution": "What is funds"
                    },
                    {
                        "value": 1000,
                        "clue": "The site called xo this girl's name says it's an \"entirely devoted community of women (and some token males)\"",
                        "solution": "What is Jane"
                    }
                ]
            },
            {
                "category": "BOOKS & ARTHURS",
                "clues": [
                    {
                        "value": 200,
                        "clue": "A young minister, Arthur Dimmesdale fathers Hester Prynne's daughter Pearl in this novel",
                        "solution": "What is The Scarlet Letter"
                    },
                    {
                        "value": 400,
                        "clue": "Published in 1927, \"The Adventure of Shoscombe Old Place\" was the last of his Sherlock Holmes stories",
                        "solution": "What is (Sir Arthur Conan) Doyle"
                    },
                    {
                        "value": 600,
                        "clue": "In kids' books by Marc Brown, Arthur is one of these animals",
                        "solution": "What is aardvark"
                    },
                    {
                        "value": 800,
                        "clue": "Chapter 1 of this 1889 novel begins \"'Camelot—Camelot...I don't seem to remember hearing of it before.'\"",
                        "solution": "What is A Connecticut Yankee in King Arthur's Court"
                    },
                    {
                        "value": 1000,
                        "clue": "His 1973 \"Rendezvous with Rama\", about an encounter with an alien spaceship, won both nebula & Hugo awards",
                        "solution": "What is Arthur C. Clarke"
                    }
                ]
            },
            {
                "category": "HOMOPHONIC PAIRS",
                "clues": [
                    {
                        "value": 200,
                        "clue": "An underage gold digger",
                        "solution": "What is minor miner"
                    },
                    {
                        "value": 400,
                        "clue": "A Merlot complaint",
                        "solution": "What is wine whine"
                    },
                    {
                        "value": 600,
                        "clue": "An army or Marine Corps acting ensemble",
                        "solution": "What is troop troupe"
                    },
                    {
                        "value": 800,
                        "clue": "Remorse over a golden object",
                        "solution": "What is gilt guilt"
                    },
                    {
                        "value": 1000,
                        "clue": "A timely, up-to-date small dried fruit",
                        "solution": "What is current currant"
                    }
                ]
            },
            {
                "category": "COUNTRY BY STATE",
                "clues": [
                    {
                        "value": 200,
                        "clue": "Hessen",
                        "solution": "What is Germany"
                    },
                    {
                        "value": 400,
                        "clue": "Amazonas & Bolivar",
                        "solution": "What is Venezuela"
                    },
                    {
                        "value": 600,
                        "clue": "Hidalgo",
                        "solution": "What is Mexico"
                    },
                    {
                        "value": 800,
                        "clue": "Tyrol",
                        "solution": "What is Austria"
                    },
                    {
                        "value": 1000,
                        "clue": "Malacca",
                        "solution": "What is Malaysia"
                    }
                ]
            },
            {
                "category": "-GRAMS",
                "clues": [
                    {
                        "value": 200,
                        "clue": "J. Crew & Lands' End allow you to add this type of personalization to some items",
                        "solution": "What is monogram"
                    },
                    {
                        "value": 400,
                        "clue": "A witty expression; Oscar Wilde had a flair for them",
                        "solution": "What is epigram"
                    },
                    {
                        "value": 600,
                        "clue": "A 3D image made using a laser but not a lens",
                        "solution": "What is hologram"
                    },
                    {
                        "value": 800,
                        "clue": "The main cause of false-negative results with this type of imaging is breast tissue that is highly dense",
                        "solution": "What is mammogram"
                    },
                    {
                        "value": 1000,
                        "clue": "In 2013 this image-sharing app said its 90 million users were posting 40 million photos per day",
                        "solution": "What is Instagram"
                    }
                ]
            }
        ],
        "double": [
            {
                "category": "PAINT BY YEARS",
                "clues": [
                    {
                        "value": 400,
                        "clue": "1904: Picasso's \"Woman Ironing\" exemplifies this colorful \"period\" of his career",
                        "solution": "What is blue period"
                    },
                    {
                        "value": 800,
                        "clue": "1601: Caravaggio anticipates the Baroque era in \"the conversion of\" this man",
                        "solution": "What is Saul (or St. Paul)"
                    },
                    {
                        "value": 1200,
                        "clue": "1658: He plays with light in \"The Milkmaid\"",
                        "solution": "What is (Johannes) Vermeer"
                    },
                    {
                        "value": 1600,
                        "clue": "1577: Shortly after his arrival in Spain, this foreign-born man paints his \"Assumption of the Virgin\"",
                        "solution": "What is El Greco (Doménikos Theotokópoulos)"
                    },
                    {
                        "value": 2000,
                        "clue": "1771: Benjamin West shakes things up by depicting contemporary history in \"The Death of General\" him",
                        "solution": "What is Wolfe"
                    }
                ]
            },
            {
                "category": "SUBATOMIC",
                "clues": [
                    {
                        "value": 400,
                        "clue": "W particles transmit this force that, despite its name, is stronger than gravity",
                        "solution": "What is weak nuclear force"
                    },
                    {
                        "value": 800,
                        "clue": "(Jimmy of the Clue Crew shows an animation on the monitor.) Theoretical particles known as gluons—sort of the universe's original adhesive—bind quarks into these two types of subatomic particles",
                        "solution": "What is protons and neutrons"
                    },
                    {
                        "value": 1200,
                        "clue": "In a 1905 paper Einstein was the first to theorize about these, also called light quanta",
                        "solution": "What is photons"
                    },
                    {
                        "value": 1600,
                        "clue": "Named for a physicist, it's the \"god particle\" that endows subatomic particles with mass",
                        "solution": "What is Higgs boson"
                    },
                    {
                        "value": 2000,
                        "clue": "From the Greek for \"swift\", these theoretical particles are said to exist only at speeds faster than light",
                        "solution": "What is tachyons"
                    }
                ]
            },
            {
                "category": "YOU MUST BE CONFUSED",
                "clues": [
                    {
                        "value": 400,
                        "clue": "Sudoku-ed? Jigsaw-ed? Either way, catch 2 Zs in this word meaning confused",
                        "solution": "What is puzzled"
                    },
                    {
                        "value": 800,
                        "clue": "In a song title, it follows \"Bewitched, Bothered and...\"",
                        "solution": "What is Bewildered"
                    },
                    {
                        "value": 1200,
                        "clue": "\"Confuse\" is synonymous with this \"con-\" word, that also means to associate by mistake",
                        "solution": "What is conflate (or confound)"
                    },
                    {
                        "value": 1600,
                        "clue": "To jumble; when you achieve success despite a lack of skill, you do this \"through\"",
                        "solution": "What is muddle"
                    },
                    {
                        "value": 2000,
                        "clue": "This 10-letter word meaning confused is from the Latin for \"not more\"",
                        "solution": "What is nonplussed"
                    }
                ]
            },
            {
                "category": "1940s TELEVISION",
                "clues": [
                    {
                        "value": 400,
                        "clue": "On a Sept. 22, 1949 episode of this series, a character wonders, \"Who's the masked man?\"",
                        "solution": "What is The Lone Ranger"
                    },
                    {
                        "value": 800,
                        "clue": "In 1948 this freckle-faced, plaid-shirted puppet had \"plastic\" surgery to improve his looks",
                        "solution": "What is Howdy Doody"
                    },
                    {
                        "value": 1200,
                        "clue": "Boxing was big on the small screen, like on the \"Cavalcade of Sports\" Friday night fights from this NYC venue",
                        "solution": "What is Madison Square Garden"
                    },
                    {
                        "value": 1600,
                        "clue": "TV's first telethon was 1949's \"Damon Runyon Memorial Cancer Fund\" hosted by this man, \"Mr. Television\"",
                        "solution": "What is (Milton) Berle"
                    },
                    {
                        "value": 2000,
                        "clue": "On Aug. 10, 1948 he brought his radio hit \"Candid Microphone\" to television",
                        "solution": "What is (Allen) Funt"
                    }
                ]
            },
            {
                "category": "INITIALS TO ROMAN NUMERALS TO NUMBERS II",
                "clues": [
                    {
                        "value": 400,
                        "clue": "For the U.K.'s current prime minister",
                        "solution": "What is 600 (DC, David Cameron)"
                    },
                    {
                        "value": 800,
                        "clue": "For the \"Bowling for Columbine\" documentary filmmaker",
                        "solution": "What is 2,000 (MM, Michael Moore)"
                    },
                    {
                        "value": 1200,
                        "clue": "For the professional name of the supermodel married to David Bowie",
                        "solution": "What is 1 (I, Iman)"
                    },
                    {
                        "value": 1600,
                        "clue": "For the judge best known for the 1994 O.J. Simpson case",
                        "solution": "What is 51 (LI, Lance Ito)"
                    },
                    {
                        "value": 2000,
                        "clue": "For the American who in 1964 founded Muslim Mosque, Inc.",
                        "solution": "What is 1,010 (MX, Malcolm X)"
                    }
                ]
            },
            {
                "category": "THE RECKONING",
                "clues": [
                    {
                        "value": 400,
                        "clue": "In 1916 he made Russian bigwigs nervous, so they poisoned him. & shot him. twice. then drowned him",
                        "solution": "What is Rasputin"
                    },
                    {
                        "value": 800,
                        "clue": "This mobster developed Vegas gambling (yay!); skimmed funds in building the Flamingo (oops); killed in '47 (eesh)",
                        "solution": "What is Bugsy Siegel"
                    },
                    {
                        "value": 1200,
                        "clue": "In 1535 Henry VIII said, please sir, I want some of this man who refused to help annul my marriage—\"some\" being his head",
                        "solution": "What is Thomas More"
                    },
                    {
                        "value": 1600,
                        "clue": "The first words of an article called \"John Brown's Day of Reckoning\" are this place in the Blue Ridge Mountains",
                        "solution": "What is Harper's Ferry"
                    },
                    {
                        "value": 2000,
                        "clue": "This emperor got the boot at the 41 A.D. Palatine games; Cassius Chaerea killed him, but many wanted to",
                        "solution": "What is Caligula"
                    }
                ]
            }
        ],
        "final": {
            "category": "20th CENTURY PRESIDENTIAL ELECTIONS",
            "clue": "In this year, there were no pres's or VPs running, but 3 of the 4 men on the 2 major party ballots would become president",
            "solution": "What is 1920"
        }
    }
}