{
    "game": {
        "single": [
            {
                "category": "1974",
                "clues": [
                    {
                        "value": 100,
                        "clue": "On Sept. 8, 1974 he was pardoned for any crimes he may have committed while president",
                        "solution": "What is Richard Nixon"
                    },
                    {
                        "value": 200,
                        "clue": "He said of his 715th homer, hit April 8, \"All I could think about was that I wanted to touch all the bases\"",
                        "solution": "What is Hank Aaron"
                    },
                    {
                        "value": 300,
                        "clue": "Malcolm Bricklin began producing these in Canada but his company folded a year later",
                        "solution": "What is the Bricklin automobile"
                    },
                    {
                        "value": 400,
                        "clue": "In August a 40-year-old ban on private ownership of this in the U.S. was lifted",
                        "solution": "What is gold"
                    },
                    {
                        "value": 500,
                        "clue": "He told the UN General Assembly, \"I have come bearing an olive branch & a freedom fighter's gun\"",
                        "solution": "What is Yassar Arafat"
                    }
                ]
            },
            {
                "category": "POTTERY",
                "clues": [
                    {
                        "value": 100,
                        "clue": "These ovens used to fire pots operate at temperatures up to 2200°F.",
                        "solution": "What is a kiln"
                    },
                    {
                        "value": 200,
                        "clue": "To a potter, throw means to form, say, a vase on one of these",
                        "solution": "What is a wheel"
                    },
                    {
                        "value": 300,
                        "clue": "The word ceramics comes from \"keramos\", the Greek word for this substance",
                        "solution": "What is clay"
                    },
                    {
                        "value": 400,
                        "clue": "In 1710 the first European hard-paste porcelain factory was set up in this city near Dresden",
                        "solution": "What is Meissen"
                    },
                    {
                        "value": 500,
                        "clue": "The company he founded in Lambeth in 1815 was appointed a supplier to the British court in 1901",
                        "solution": "What is John Doulton"
                    }
                ]
            },
            {
                "category": "MIDDLE NAMES",
                "clues": [
                    {
                        "value": 100,
                        "clue": "At his royal wedding, his bride mixed up his 1st & middle names & called him \"Philip Charles Arthur George\"",
                        "solution": "What is Prince Charles"
                    },
                    {
                        "value": 200,
                        "clue": "Poet James Riley's middle name",
                        "solution": "What is Whitcomb"
                    },
                    {
                        "value": 300,
                        "clue": "The middle name of John North, who kept a famous circus going after his uncle died in 1936",
                        "solution": "What is Ringling"
                    },
                    {
                        "value": 400,
                        "clue": "Middle name of Franklin Adams, the witty columnist known as F.P.A.",
                        "solution": "What is Pierce"
                    },
                    {
                        "value": 500,
                        "clue": "H.L. Hunt's middle initial stood for this name which may remind you of a military Marquis",
                        "solution": "What is Lafayette"
                    }
                ]
            },
            {
                "category": "WORD ORIGINS",
                "clues": [
                    {
                        "value": 100,
                        "clue": "Mark Twain should have known the name of this fruit may be an alternation of \"hurtleberry\"",
                        "solution": "What is huckleberry"
                    },
                    {
                        "value": 200,
                        "clue": "The name of this \"tuxedoed\" bird may come from the Welsh for \"white head\"",
                        "solution": "What is a penguin"
                    },
                    {
                        "value": 300,
                        "clue": "Evangelical Protestant sect named for its founder, Menno Simons",
                        "solution": "What is the Mennonites"
                    },
                    {
                        "value": 400,
                        "clue": "Almond paste confection whose name comes from a Medieval Italian coin",
                        "solution": "What is marzipan"
                    },
                    {
                        "value": 500,
                        "clue": "Sorority is derived from the Latin \"soror\", which means this",
                        "solution": "What is sister"
                    }
                ]
            },
            {
                "category": "BROADWAY LYRICS",
                "clues": [
                    {
                        "value": 100,
                        "clue": "This \"stays mainly in the plain!\"",
                        "solution": "What is the rain in Spain"
                    },
                    {
                        "value": 200,
                        "clue": "\"Chicks and ducks and geese better scurry when I take you out in\" this",
                        "solution": "What is the surrey with the fringe on top"
                    },
                    {
                        "value": 300,
                        "clue": "This song from \"The Music Man\" says, \"There were bells on the hill, but I never heard them ringing\"",
                        "solution": "What is \"'Til There Was You\""
                    },
                    {
                        "value": 400,
                        "clue": "They say this lady will \"coax the blues right out of the horn\" & \"charm the husk right off of the corn\"",
                        "solution": "What is Mame"
                    },
                    {
                        "value": 500,
                        "clue": "It begins, \"Isn't it rich? Are we a pair? Me here at last on the ground, you in mid-air\"",
                        "solution": "What is \"Send In The Clowns\""
                    }
                ]
            },
            {
                "category": "GETTING MARRIED",
                "clues": [
                    {
                        "value": 100,
                        "clue": "The extended cathedral length of one of these is over 9 feet long & doesn't include a dining car",
                        "solution": "What is a train"
                    },
                    {
                        "value": 200,
                        "clue": "In a double ring ceremony, she gives the ring to the bride to place on the groom's finger",
                        "solution": "What is the maid of honor"
                    },
                    {
                        "value": 300,
                        "clue": "When writing, offer the bride \"best wishes\" & the groom this",
                        "solution": "What is congratulations"
                    },
                    {
                        "value": 400,
                        "clue": "Exactly 9 sips of this are the essence of a Shinto wedding ceremony in Japan",
                        "solution": "What is sake"
                    },
                    {
                        "value": 500,
                        "clue": "According to tradition, the man who catches the bride's garter gets to place it on this person's leg",
                        "solution": "What is the woman who catches the bouquet"
                    }
                ]
            }
        ],
        "double": [
            {
                "category": "MEDIEVAL TIMES",
                "clues": [
                    {
                        "value": 200,
                        "clue": "Frederick Barbarossa decided to crown his career by leading one of these & died en route",
                        "solution": "What is a crusade"
                    },
                    {
                        "value": 400,
                        "clue": "The Frankish kings divided their lands into these units, each headed by a count",
                        "solution": "What is counties"
                    },
                    {
                        "value": 600,
                        "clue": "9th century Viking invaders set up the Danelaw, an area in this country in which Danish law was supreme",
                        "solution": "What is England"
                    },
                    {
                        "value": 800,
                        "clue": "Al-Khwarizmi, a Muslim of Baghdad, named this branch of math that combined Greek & Indian ideas",
                        "solution": "What is algebra"
                    },
                    {
                        "value": 1000,
                        "clue": "As she produced no sons & fooled around, Louis VII dissolved the marriage; she then wed Henry of Anjou",
                        "solution": "What is Eleanor of Aquitaine"
                    }
                ]
            },
            {
                "category": "TECHNOLOGY",
                "clues": [
                    {
                        "value": 600,
                        "clue": "The fluid flywheel is a torque converting device in this part of a truck",
                        "solution": "What is transmission"
                    },
                    {
                        "value": 800,
                        "clue": "The collector on a solar furnace is a parabolic one of these",
                        "solution": "What is a reflector (or mirror)"
                    },
                    {
                        "value": 1000,
                        "clue": "In the 1850s he came up with the first cheap, large-scale way of making steel from pig iron",
                        "solution": "What is (Henry) Bessemer"
                    }
                ]
            },
            {
                "category": "WORLD TRAVEL",
                "clues": [
                    {
                        "value": 200,
                        "clue": "This 180-foot structure 175 miles NW of Rome is tilting an average of .047 inches each year",
                        "solution": "What is the Leaning Tower of Pisa"
                    },
                    {
                        "value": 400,
                        "clue": "The 200-year-old Brandenburg Gate colonnade has been called this city's arch of triumph",
                        "solution": "What is Berlin"
                    },
                    {
                        "value": 600,
                        "clue": "A monument was erected at the Lenin Shipyards in this Polish city honoring workers who died during a 1970 uprising",
                        "solution": "What is Gdansk"
                    },
                    {
                        "value": 800,
                        "clue": "The name of this Hawaiian palace means \"heavenly bird\"",
                        "solution": "What is Iolani Palace"
                    },
                    {
                        "value": 1000,
                        "clue": "This Chicago museum of natural history was an outgrowth of the 1893 Columbian Exposition",
                        "solution": "What is the Field Museum"
                    }
                ]
            },
            {
                "category": "SECRETARIES OF DEFENSE",
                "clues": [
                    {
                        "value": 200,
                        "clue": "Nicknamed \"Cap the Knife\", he was Reagan's first Secretary of Defense",
                        "solution": "What is Caspar Weinberger"
                    },
                    {
                        "value": 400,
                        "clue": "This current Sec'y & his wife wrote a book about 8 Speakers of the House & their impact on U.S. history",
                        "solution": "What is Cheney"
                    },
                    {
                        "value": 600,
                        "clue": "As Secretary of Defense, he made visits to South Vietnam in 1962, 1964 & 1966",
                        "solution": "What is McNamara"
                    },
                    {
                        "value": 800,
                        "clue": "This President's Secretaries of Defense were James Schlesinger followed by Donald Rumsfeld",
                        "solution": "What is Gerald Ford"
                    },
                    {
                        "value": 1000,
                        "clue": "This general was Secretary of State from 1947-49 & Secretary of Defense from 1950-51",
                        "solution": "What is (George C.) Marshall"
                    }
                ]
            },
            {
                "category": "HORSES",
                "clues": [
                    {
                        "value": 200,
                        "clue": "The name of this spotted horse comes from the Spanish word for \"painted\"",
                        "solution": "What is a pinto"
                    },
                    {
                        "value": 400,
                        "clue": "Some breeders use this term to describe any white horse, whether lacking pigment or not",
                        "solution": "What is an albino"
                    },
                    {
                        "value": 600,
                        "clue": "Based on the width of a man's palm, this unit is used to measure a horse's height",
                        "solution": "What is the hand"
                    },
                    {
                        "value": 1000,
                        "clue": "The smallest breed of horse, the Falabella, was developed by ranchers in this S. American country",
                        "solution": "What is Argentina"
                    }
                ]
            },
            {
                "category": "AUTHORS' DEDICATIONS",
                "clues": [
                    {
                        "value": 200,
                        "clue": "Joseph Wambaugh said that this book was \"for Dee and of course for all the centurions\"",
                        "solution": "What is The New Centurions"
                    },
                    {
                        "value": 400,
                        "clue": "His novel \"Burr\" is dedicated to his nephews Ivan, Hugh and Burr",
                        "solution": "What is Gore Vidal"
                    },
                    {
                        "value": 600,
                        "clue": "\"The Exorcist\" is dedicated to his brothers and sister \"and in loving memory of\" his parents",
                        "solution": "What is (William Peter) Blatty"
                    },
                    {
                        "value": 800,
                        "clue": "He dedicated \"The Betsy\" \"To my wife, Grace for whom the name - and the word - were created\"",
                        "solution": "What is Robbins"
                    },
                    {
                        "value": 1000,
                        "clue": "He dedicated \"Across the River and into the Trees\" \"To Mary with love\"",
                        "solution": "What is Hemingway"
                    }
                ]
            }
        ],
        "final": {
            "category": "ORGANIZATIONS",
            "clue": "The USA's oldest nationwide voluntary health agency, it was founded in 1904 to combat tuberculosis",
            "solution": "What is the American Lung Association"
        }
    }
}