{
    "game": {
        "single": [
            {
                "category": "EUROPE",
                "clues": [
                    {
                        "value": 100,
                        "clue": "This nation's official name is the Hellenic Republic",
                        "solution": "What is Greece"
                    },
                    {
                        "value": 200,
                        "clue": "Citizens of this small country aren't \"neutral\" about anyone littering there",
                        "solution": "What is Switzerland"
                    },
                    {
                        "value": 300,
                        "clue": "This country's city of Sheffield has been an iron & steel-making center since the 14th century",
                        "solution": "What is England"
                    },
                    {
                        "value": 400,
                        "clue": "This country that has many satellites built a monument to its 1st satellite",
                        "solution": "What is Russia"
                    },
                    {
                        "value": 500,
                        "clue": "Real Bohemians aren't artists but residents of this Eastern European nation",
                        "solution": "What is Czechoslovakia"
                    }
                ]
            },
            {
                "category": "GOLF",
                "clues": [
                    {
                        "value": 100,
                        "clue": "Organized in 1754, this country's St. Andrews Society set rules which are basis of modern golf",
                        "solution": "What is Scotland"
                    },
                    {
                        "value": 200,
                        "clue": "The \"yips\" is a term for extreme nervousness while doing this",
                        "solution": "What is putting"
                    },
                    {
                        "value": 300,
                        "clue": "Golf ball covers are usually made of this",
                        "solution": "What is a vulcanized rubber compound"
                    },
                    {
                        "value": 400,
                        "clue": "After winning 13 national championships in 7 years, this amateur golf great retired in 1930 at only 28",
                        "solution": "What is Bobby Jones"
                    },
                    {
                        "value": 500,
                        "clue": "In 1457, golf was banned in Scotland for keeping men from practicing this martial skill",
                        "solution": "What is archery"
                    }
                ]
            },
            {
                "category": "THE LAW",
                "clues": [
                    {
                        "value": 100,
                        "clue": "1 of the youngest of either sex was Susan Broyles of Colorado, only 23 when appointed",
                        "solution": "What is a judge"
                    },
                    {
                        "value": 200,
                        "clue": "Term for trial lawyers in English superior courts, derived from the bar at which they stand",
                        "solution": "What is barristers"
                    },
                    {
                        "value": 300,
                        "clue": "World's largest is Baker & McKenzie of Chicago with 600 lawyers in 29 countries",
                        "solution": "What is a lawyers firm (a law firm)"
                    },
                    {
                        "value": 400,
                        "clue": "\"Reclining\" term for a legal claim on property used as security for a debt",
                        "solution": "What is a lien"
                    },
                    {
                        "value": 500,
                        "clue": "Not necessarily short, it's a written argument or summary of a case",
                        "solution": "What is a brief"
                    }
                ]
            },
            {
                "category": "MEDICAL FOLKLORE",
                "clues": [
                    {
                        "value": 100,
                        "clue": "It's said you sleep best on this side of your body",
                        "solution": "What is the right side"
                    },
                    {
                        "value": 200,
                        "clue": "Some try to cure heartburn by sucking on this black mineral",
                        "solution": "What is coal"
                    },
                    {
                        "value": 300,
                        "clue": "The Sioux regard these Ursidae as the chief of the healing animals",
                        "solution": "What is bears"
                    },
                    {
                        "value": 400,
                        "clue": "To cure a look from this, an egg was rubbed all over the naked body",
                        "solution": "What is the evil eye"
                    },
                    {
                        "value": 500,
                        "clue": "Eating half a roasted mouse supposedly cures this, enuresis",
                        "solution": "What is bedwetting"
                    }
                ]
            },
            {
                "category": "NEWSPAPERS",
                "clues": [
                    {
                        "value": 100,
                        "clue": "Some cities' competing dailies print their papers on the same presses to reduce this",
                        "solution": "What is the cost of printing newspapers"
                    },
                    {
                        "value": 200,
                        "clue": "The world's 1st printed newspaper appeared in this Oriental country in the 8th century",
                        "solution": "What is China"
                    },
                    {
                        "value": 300,
                        "clue": "At least ⅓ of all newspapers are published on this continent",
                        "solution": "What is North America"
                    },
                    {
                        "value": 400,
                        "clue": "This paper's editor-in-chief, Otis Chandler, has an avid interest in surfing",
                        "solution": "What is the Los Angeles Times"
                    }
                ]
            },
            {
                "category": "FIRSTS",
                "clues": [
                    {
                        "value": 100,
                        "clue": "The Romans were the 1st to use this jewelry for wedding ceremonies",
                        "solution": "What is a wedding ring"
                    },
                    {
                        "value": 200,
                        "clue": "In 1912, over St. Louis, Capt. Albert Berry was 1st to use this successfully to get down from a plane",
                        "solution": "What is a parachute"
                    },
                    {
                        "value": 300,
                        "clue": "Opened to the public in 1863, the 1st one ran under London",
                        "solution": "What is a subway, the Underground"
                    },
                    {
                        "value": 400,
                        "clue": "1st U.S. stamps with these were issued in 1857, making them a lot easier to get apart",
                        "solution": "What is paper separations (perforations)"
                    },
                    {
                        "value": 500,
                        "clue": "Launched by the Ministerial Assoc. & YMCA of Spokane, this June holiday was 1st celebrated in 1910",
                        "solution": "What is Father's Day"
                    }
                ]
            }
        ],
        "double": [
            {
                "category": "1981",
                "clues": [
                    {
                        "value": 200,
                        "clue": "13-year-old Patrick Bossert had a best seller on the \"N.Y. Times\" list with a solution for this toy",
                        "solution": "What is Rubik's Cube"
                    },
                    {
                        "value": 400,
                        "clue": "Janet Cooke of \"The Washington Post\" had to give this back",
                        "solution": "What is a Pulitzer Prize"
                    },
                    {
                        "value": 600,
                        "clue": "On January 29, this lifelong Democrat was appointed by Republican admin. as U.N. ambassador",
                        "solution": "What is Jeane Kirkpatrick"
                    },
                    {
                        "value": 800,
                        "clue": "On Sept. 29, 1981, the U.S. Congress raised the Federal Debt Ceiling to this amount",
                        "solution": "What is one trillion dollars"
                    },
                    {
                        "value": 1000,
                        "clue": "With \"All-Savers\", introduced by banks in Oct., a single person's interest was tax exempt up to this amount",
                        "solution": "What is $1,000"
                    }
                ]
            },
            {
                "category": "NUTRITION",
                "clues": [
                    {
                        "value": 200,
                        "clue": "A study of Eskimos revealed only 5% of those eating a native diet had this common dental disease",
                        "solution": "What is cavities"
                    },
                    {
                        "value": 400,
                        "clue": "Bottles of this liquid exposed to several hrs. of sunlight lose up to 70% of riboflavin content",
                        "solution": "What is milk"
                    },
                    {
                        "value": 600,
                        "clue": "Of fats, proteins, & carbohydrates, the 1 that makes up the least % of U.S. caloric intake",
                        "solution": "What is proteins"
                    },
                    {
                        "value": 800,
                        "clue": "1 of 3 vitamins considered toxic if taken in excessive doses",
                        "solution": "What is vitamin A (vitamin D or niacin)"
                    },
                    {
                        "value": 1000,
                        "clue": "Tocopherols supply this vitamin",
                        "solution": "What is vitamin E"
                    }
                ]
            },
            {
                "category": "MUSIC ON THE MAP",
                "clues": [
                    {
                        "value": 200,
                        "clue": "According to Barry Manilow, the Copacabana was \"the hottest spot north of\" there",
                        "solution": "What is Havana"
                    },
                    {
                        "value": 400,
                        "clue": "\"I found my April dream\" in this country \"with you\"",
                        "solution": "What is Portugal"
                    },
                    {
                        "value": 600,
                        "clue": "\"The kids in\" this Pennsylvania town \"are sharp as a pistol when they do\" this \"Stomp\"",
                        "solution": "What is \"The Bristol Stomp\""
                    },
                    {
                        "value": 800,
                        "clue": "Married \"in a fever\", N. Sinatra & L. Hazlewood were ready to go there \"ever since the fire went out\"",
                        "solution": "What is Jackson"
                    },
                    {
                        "value": 1000,
                        "clue": "When \"Big Sam left Seattle in the year of '92\" he was headed there",
                        "solution": "What is \"North To Alaska\""
                    }
                ]
            },
            {
                "category": "U.S. GOVERNMENT",
                "clues": [
                    {
                        "value": 200,
                        "clue": "After president & vice-president, government officer next in line for presidency",
                        "solution": "What is the Speaker of the House"
                    },
                    {
                        "value": 400,
                        "clue": "According to the Constitution, in a criminal case, only this side may appeal a verdict",
                        "solution": "What is the defense"
                    },
                    {
                        "value": 600,
                        "clue": "This body alone can bring charges of impeachment on a federal level",
                        "solution": "What is the House of Representatives"
                    },
                    {
                        "value": 800,
                        "clue": "Cordell Hull served in this office nearly 12 years —longer than anyone else",
                        "solution": "What is Secretary of State"
                    }
                ]
            },
            {
                "category": "TECHNOLOGY",
                "clues": [
                    {
                        "value": 200,
                        "clue": "Sex of telephone operators in the 1st exchanges",
                        "solution": "What is male"
                    },
                    {
                        "value": 400,
                        "clue": "Of the 1940s, '50s, or '60s, decade in which jet passenger service was inaugurated",
                        "solution": "What is the 1950s"
                    },
                    {
                        "value": 600,
                        "clue": "U.S. models of these have included the 1904 Caloric, the 1912 Fwick, & the 1911 Irvington Izzer",
                        "solution": "What is cars"
                    },
                    {
                        "value": 800,
                        "clue": "Wheels with these allowed greater speed & maneuverability than solid wheels",
                        "solution": "What is spokes"
                    }
                ]
            },
            {
                "category": "\"LAST\"",
                "clues": [
                    {
                        "value": 200,
                        "clue": "According to playwright Sir John Vanbrugh, \"He laughs best who\" does this",
                        "solution": "What is \"laughs last\""
                    },
                    {
                        "value": 400,
                        "clue": "Of the 5 \"Leatherstocking Tales\" by James Fenimore Cooper, the 1 that fits this category",
                        "solution": "What is The Last of the Mohicans"
                    },
                    {
                        "value": 600,
                        "clue": "In 1972, Alan Arkin was lead in movie version of this Neil Simon comedy",
                        "solution": "What is The Last of the Red Hot Lovers"
                    },
                    {
                        "value": 800,
                        "clue": "From a \"last line of defense\", a final attempt, especially to avert disaster",
                        "solution": "What is a last-ditch"
                    },
                    {
                        "value": 1000,
                        "clue": "Unfortunately, this aptly titled 1975 song was 1st & only hit for Roger Whittaker: There's a ship lies rigged and ready in the harbor Tomorrow for old England she sails Far away from your land of endless sunshine",
                        "solution": "What is \"The Last Farewell\""
                    }
                ]
            }
        ],
        "final": {
            "category": "THE OSCARS",
            "clue": "In '48, she became the only performer in the sound era to win Best Actress without uttering a word in the film",
            "solution": "What is Jane Wyman"
        }
    }
}