{
    "game": {
        "single": [
            {
                "category": "NURSERY RHYMES",
                "clues": [
                    {
                        "value": 200,
                        "clue": "It's the nursery rhyme that says, \"the cow jumped over the Moon\"; in the military it precedes \"straight up the middle\"",
                        "solution": "What is \"Hey Diddle Diddle\""
                    },
                    {
                        "value": 400,
                        "clue": "Jack is urged to be nimble & quick, helping him do this",
                        "solution": "What is jump over the candlestick"
                    },
                    {
                        "value": 600,
                        "clue": "Little Jack Horner put his thumb in a Christmas pie & pulled out this fruit",
                        "solution": "What is plum"
                    },
                    {
                        "value": 800,
                        "clue": "Jack of Jack & Jill got his head patched with these 2 things",
                        "solution": "What is vinegar & brown paper"
                    },
                    {
                        "value": 1000,
                        "clue": "\"Wednesday's child is full of woe, Thursday's child has\" this",
                        "solution": "What is far to go"
                    }
                ]
            },
            {
                "category": "COLLEGE FOOTBALL COACHES",
                "clues": [
                    {
                        "value": 200,
                        "clue": "Knute Rockne lost just 12, but won one for the Gipper & 104 more at this schooi",
                        "solution": "What is Notre Dame"
                    },
                    {
                        "value": 400,
                        "clue": "This coach with a papal first name left Florida in 2010 & now coaches the Ohio State Buckeyes",
                        "solution": "What is Urban Meyer"
                    },
                    {
                        "value": 600,
                        "clue": "(Jimmy of the Clue Crew shows two football helmets on the monitor.) When Fritz Crisler redesigned the black helmets for this Big 10 team so the players could see each other better, the team nearly doubled its yardage from the previous season",
                        "solution": "What is the University of Michigan"
                    },
                    {
                        "value": 800,
                        "clue": "The eyes of this university are upon Mack Brown & have seen him win more than 150 games",
                        "solution": "What is Texas"
                    },
                    {
                        "value": 1000,
                        "clue": "Tom Osborne won 255 games at this univ. & 3 elections to Congress from the state (you win 255 games & you'll get elected, too)",
                        "solution": "What is (University of) Nebraska"
                    }
                ]
            },
            {
                "category": "UNITS OF MEASURE",
                "clues": [
                    {
                        "value": 200,
                        "clue": "Walking the streets in New York City, you'll cover about 20 of these to walk a mile north-south",
                        "solution": "What is blocks"
                    },
                    {
                        "value": 400,
                        "clue": "A hank of this knitting material is 840 yards for cotton, 560 yards for wool",
                        "solution": "What is yarn"
                    },
                    {
                        "value": 600,
                        "clue": "This informal unit often used to indicate a margin of victory is equal to roughly half the length of a horse's head",
                        "solution": "What is nose"
                    },
                    {
                        "value": 800,
                        "clue": "This unit of volume that equals 35.24 liters is often found before \"basket\"",
                        "solution": "What is bushel"
                    },
                    {
                        "value": 1000,
                        "clue": "Change 2 letters in \"radius\" to get this unit for measuring angles",
                        "solution": "What is radian"
                    }
                ]
            },
            {
                "category": "MORGAN TOWN",
                "clues": [
                    {
                        "value": 200,
                        "clue": "British army officer Frederick Edgeworth Morgan chose this invasion site for WWII's Operation Overlord",
                        "solution": "What is Normandy"
                    },
                    {
                        "value": 400,
                        "clue": "At age 28 in 1994, he was appointed editor-in-chief of News of the World",
                        "solution": "What is Piers Morgan"
                    },
                    {
                        "value": 600,
                        "clue": "Barbara Morgan became the first teacher in space 21 years after being the backup for this woman on the Challenger",
                        "solution": "What is (Christa) McAuliffe"
                    },
                    {
                        "value": 800,
                        "clue": "This Hartford-born man formed a syndicate that resupplied the U.S. government's gold reserves after the panic of 1893",
                        "solution": "What is J.P. Morgan"
                    },
                    {
                        "value": 1000,
                        "clue": "In 1674 King Charles II knighted this Welsh buccaneer",
                        "solution": "What is Sir Henry Morgan"
                    }
                ]
            },
            {
                "category": "FEUDS",
                "clues": [
                    {
                        "value": 200,
                        "clue": "These 2 families' feud went all the way to the Supreme Court case Plyant Mahon v. Abner Justice, jailer of Pike County, Ky.",
                        "solution": "What is the Hatfields & the McCoys"
                    },
                    {
                        "value": 400,
                        "clue": "These 2 families are sworn enemies in \"Romeo and Juliet\"",
                        "solution": "What is the Capulets & the Montagues"
                    },
                    {
                        "value": 600,
                        "clue": "After a bitter feud the Dassler Bros. formed rival sneaker companies; Rudolf founded Puma & Adolf, this one",
                        "solution": "What is Adidas"
                    },
                    {
                        "value": 800,
                        "clue": "RFK's investigation into labor racketeering led to a long-standing feud with this president of the Teamsters",
                        "solution": "What is Jimmy Hoffa"
                    },
                    {
                        "value": 1000,
                        "clue": "This Arizona town was home to many feuds, including the Clanton-Earp one, which came to a head on October 26, 1881",
                        "solution": "What is Tombstone"
                    }
                ]
            },
            {
                "category": "THE 1-SYLLABLE WORD",
                "clues": [
                    {
                        "value": 200,
                        "clue": "This excavation in the earth for pulling out ore isn't yours",
                        "solution": "What is mine"
                    },
                    {
                        "value": 400,
                        "clue": "Your pedal digits",
                        "solution": "What is toes"
                    },
                    {
                        "value": 600,
                        "clue": "A grape plant, or a 6-second video",
                        "solution": "What is vine"
                    },
                    {
                        "value": 800,
                        "clue": "Scottish term for a long, narrow indentation of the seacoast",
                        "solution": "What is firth"
                    },
                    {
                        "value": 1000,
                        "clue": "This is the ray or beam of sunlight that \"won't cop out when there's danger all about\"",
                        "solution": "What is shaft"
                    }
                ]
            }
        ],
        "double": [
            {
                "category": "SHAKESPEARE REWRITES THE BEATLES",
                "clues": [
                    {
                        "value": 400,
                        "clue": "\"The lady is enamored of thee, verily, verily, verily\"",
                        "solution": "What is \"She Loves You\""
                    },
                    {
                        "value": 800,
                        "clue": "\"Wilt thou still require me, wilt thou still provide sustenance unto me, roughly midway through my 7th decade?\"",
                        "solution": "What is \"When I'm Sixty-Four\""
                    },
                    {
                        "value": 1200,
                        "clue": "\"Aid me if thou canst, I feel sorrow... & my gratitude is large for thy presence here\"",
                        "solution": "What is \"Help!\""
                    },
                    {
                        "value": 1600,
                        "clue": "\"I believe I shall be melancholy, I believe it shall be anon... the woman who disturbeth my temper is leaving hence\"",
                        "solution": "What is \"Ticket To Ride\""
                    },
                    {
                        "value": 2000,
                        "clue": "\"Assemble forth, all ye jesters, speak thusly... Hark! Thou must conceal thy amorousness\"",
                        "solution": "What is \"You've Got To Hide Your Love Away\""
                    }
                ]
            },
            {
                "category": "GOOD OL' SOUTHERN COOKIN'",
                "clues": [
                    {
                        "value": 400,
                        "clue": "To make red-eye gravy, you'll need ham drippings & a strong cup of this, black",
                        "solution": "What is coffee"
                    },
                    {
                        "value": 800,
                        "clue": "The greens of this lawn weed can be sauteed with onions, garlic & chili peppers & served with Parmesan cheese",
                        "solution": "What is dandelions"
                    },
                    {
                        "value": 1200,
                        "clue": "\"Joy of Cooking\" says that chess pies, a Southern specialty, are essentially these nut pies without the nuts",
                        "solution": "What is pecan pies"
                    },
                    {
                        "value": 1600,
                        "clue": "A classic recipe for fried these unripened garden products is: slice, dip in cornmeal, fry in bacon grease",
                        "solution": "What is green tomatoes"
                    },
                    {
                        "value": 2000,
                        "clue": "One story says this squirrel stew was named for the Virginia county where it was first prepared for a political rally",
                        "solution": "What is Brunswick stew"
                    }
                ]
            },
            {
                "category": "MATHEMATICIANS",
                "clues": [
                    {
                        "value": 400,
                        "clue": "Londoner Michael B. Green is the current holder of the Lucasian chair of mathematics at this university",
                        "solution": "What is Cambridge"
                    },
                    {
                        "value": 800,
                        "clue": "This \"Father of Geometry\" founded the school of mathematics at the Museum, an institution in Alexandria",
                        "solution": "What is Euclid"
                    },
                    {
                        "value": 1200,
                        "clue": "In the 13th century this Italian famous for his number sequence introduced the decimal system into Europe",
                        "solution": "What is (Leonardo) Fibonacci"
                    },
                    {
                        "value": 1600,
                        "clue": "During the Cuban Missile Crisis, this British lord & mathematician urged Khrushchev & JFK to have a summit conference",
                        "solution": "What is Bertrand Russell"
                    },
                    {
                        "value": 2000,
                        "clue": "In the 11th century this Persian astronomer & poet wrote \"Treatise on Demonstration of Problems of Algebra\"",
                        "solution": "What is Omar Khayyám"
                    }
                ]
            },
            {
                "category": "EUROPEAN COUNTRIES",
                "clues": [
                    {
                        "value": 400,
                        "clue": "\"Erin go bragh\" means this country \"forever\"",
                        "solution": "What is Ireland"
                    },
                    {
                        "value": 800,
                        "clue": "About 5 million live in this country",
                        "solution": "What is Denmark"
                    },
                    {
                        "value": 1200,
                        "clue": "The Tagus River runs across the entire width of this country",
                        "solution": "What is Portugal"
                    },
                    {
                        "value": 1600,
                        "clue": "Established in 1929, one of the world's oldest airlines, Lot, is based in this country",
                        "solution": "What is Poland"
                    },
                    {
                        "value": 2000,
                        "clue": "While this Balkan country's national name means \"land of eagles\", the name we know it by is from the Latin for \"white\"",
                        "solution": "What is Albania"
                    }
                ]
            },
            {
                "category": "HAPPY",
                "clues": [
                    {
                        "value": 400,
                        "clue": "The women in this Amy Tan title group share dim sum, mah jong & immigrant angst",
                        "solution": "What is the Joy Luck Club"
                    },
                    {
                        "value": 800,
                        "clue": "Though married, Mistress Page & Mistress Ford are wooed by this character in \"The Merry Wives of Windsor \"",
                        "solution": "What is Falstaff"
                    },
                    {
                        "value": 1200,
                        "clue": "Kurt Vonnegut also wrote plays, like his 1970 offering \"Happy Birthday\" this person",
                        "solution": "What is Wanda June"
                    },
                    {
                        "value": 1600,
                        "clue": "The title of this Edith Wharton novel is taken from Ecclesiastes",
                        "solution": "What is The House of Mirth"
                    },
                    {
                        "value": 2000,
                        "clue": "This Joyce Carol Oates work shares its title with a Hieronymus Bosch depiction of paradise & more",
                        "solution": "What is Garden of Earthly Delights"
                    }
                ]
            },
            {
                "category": "GO \"LUCKY\"",
                "clues": [
                    {
                        "value": 400,
                        "clue": "This cereal is \"magically delicious\"",
                        "solution": "What is Lucky Charms"
                    },
                    {
                        "value": 800,
                        "clue": "Proverbially, the 3 words that precede \"unlucky in love\"",
                        "solution": "What is lucky at cards"
                    },
                    {
                        "value": 1200,
                        "clue": "\"She's up all night for good fun, I'm up all night to\" do this in a summer 2013 hit",
                        "solution": "What is get lucky"
                    },
                    {
                        "value": 1600,
                        "clue": "Even after his deportation to Italy in 1946, he remained an influential American mob boss",
                        "solution": "What is Lucky Luciano"
                    }
                ]
            }
        ],
        "final": {
            "category": "ADAPTED FROM ANTIQUITY",
            "clue": "It begins with a vow to an ancient god & ends with \"if I transgress it & swear falsely, may the opposite of all this be my lot\"",
            "solution": "What is the Hippocratic Oath"
        }
    }
}