{
    "game": {
        "single": [
            {
                "category": "EUROPEAN HISTORY",
                "clues": [
                    {
                        "value": 100,
                        "clue": "Thousands of these Protestants were killed by pro-Catholic forces in the Massacre of Saint Bartholomew's Day",
                        "solution": "What is Huguenots"
                    },
                    {
                        "value": 200,
                        "clue": "In 1709 Sweden was defeated by this Russian czar in the Battle of Poltava, losing its dominance in the Baltic area",
                        "solution": "What is Peter the Great"
                    },
                    {
                        "value": 300,
                        "clue": "In 1996 Emil Constantinescu defeated Ion Iliescu in a runoff election for president of this country",
                        "solution": "What is Romania"
                    },
                    {
                        "value": 400,
                        "clue": "In 1905 journalist Arthur Griffith founded this political party, urging the Irish to not pay taxes to the British",
                        "solution": "What is Sinn Fein"
                    },
                    {
                        "value": 500,
                        "clue": "In 1928 this finance minister grabbed power & began his 40-year rule as dictator of Portugal",
                        "solution": "What is Antonio Salazar"
                    }
                ]
            },
            {
                "category": "GOLFERS",
                "clues": [
                    {
                        "value": 100,
                        "clue": "Bobby Jones' Grand Slam didn't include this Augusta, Georgia tournament he later co-founded",
                        "solution": "What is The Masters"
                    },
                    {
                        "value": 200,
                        "clue": "In 1999 Justin Leonard's putt capped the dramatic U.S. comeback to help win this trophy",
                        "solution": "What is Ryder Cup"
                    },
                    {
                        "value": 400,
                        "clue": "Now married to Ray Knight, she joined the LPGA Hall of Fame in 1987, the year she turned 30",
                        "solution": "What is Nancy Lopez"
                    },
                    {
                        "value": 500,
                        "clue": "In 2000 Tiger Woods' winning streak brought new attention to this man's record 11 straight wins in 1945",
                        "solution": "What is Byron Nelson"
                    }
                ]
            },
            {
                "category": "GONE FISSION",
                "clues": [
                    {
                        "value": 100,
                        "clue": "The energy released during fission can be calculated using this famous calculation",
                        "solution": "What is E=MC2 (squared)"
                    },
                    {
                        "value": 200,
                        "clue": "In 1938 2 Germans bombarded this element, No. 92, with neutrons, but didn't realize they'd induced a fission reaction",
                        "solution": "What is Uranium"
                    },
                    {
                        "value": 300,
                        "clue": "In 1942 this Italian-born physicist & his team produced the first controlled self-sustaining fission reaction",
                        "solution": "What is Enrico Fermi"
                    },
                    {
                        "value": 400,
                        "clue": "It was named for a district of the U.S. Army Corps of Engineers, first assigned because early work was done at Columbia",
                        "solution": "What is The Manhattan Project"
                    },
                    {
                        "value": 500,
                        "clue": "The director of the Los Alamos lab, he owned a cabin near Santa Fe called \"Perro Caliente\" (\"Hot Dog\")",
                        "solution": "What is J. Robert Oppenheimer"
                    }
                ]
            },
            {
                "category": "AIRLINE TRAVEL",
                "clues": [
                    {
                        "value": 100,
                        "clue": "The head of a union of these workers calls them the only mainly female transportation work force",
                        "solution": "What is Flight attendants"
                    },
                    {
                        "value": 200,
                        "clue": "By federal regulation, you have to be told that federal law bars \"tampering with, disabling, or destroying\" this",
                        "solution": "What is Smoke detector"
                    },
                    {
                        "value": 300,
                        "clue": "This airline term for \"to get off an aircraft\" sounds like Tattoo's line on \"Fantasy Island\"",
                        "solution": "What is Deplane"
                    },
                    {
                        "value": 400,
                        "clue": "The \"type II\" version of the fluid for this winter process is good for about 30 minutes",
                        "solution": "What is Deicing"
                    },
                    {
                        "value": 500,
                        "clue": "This cable outfit's airport network is now seen at over 1,500 gate areas in the U.S.",
                        "solution": "What is CNN (Cable News Network)"
                    }
                ]
            },
            {
                "category": "YOU-PHEMISMS",
                "clues": [
                    {
                        "value": 100,
                        "clue": "2-letter word that means \"you\" in Julius Caesar's dying words",
                        "solution": "What is Tu"
                    },
                    {
                        "value": 200,
                        "clue": "\"You\" is defined as the pronoun of this \"person\", singular or plural",
                        "solution": "What is Second person"
                    },
                    {
                        "value": 300,
                        "clue": "A little-used plural of \"thou\", it comes before \"of little faith\"",
                        "solution": "What is Ye"
                    },
                    {
                        "value": 400,
                        "clue": "This Brooklynese plural of \"you\" is a homophone of a word meaning \"multiple female sheep\"",
                        "solution": "What is youse"
                    },
                    {
                        "value": 500,
                        "clue": "This Southern plural of \"you\" is a homophone of a word meaning \"a two-masted sailing vessel\"",
                        "solution": "What is Y'all"
                    }
                ]
            },
            {
                "category": "KUDZU CUISINE",
                "clues": [
                    {
                        "value": 100,
                        "clue": "In Japan, a type of this curd normally made with soy beans is made with kudzu",
                        "solution": "What is Tofu"
                    },
                    {
                        "value": 200,
                        "clue": "Like ginseng, kudzu finds its way into medicinal & herbal varieties of this beverage",
                        "solution": "What is Tea"
                    },
                    {
                        "value": 300,
                        "clue": "Kudzu leaves can be dipped in a light batter & cooked this way until crispy like a potato chip",
                        "solution": "What is Deep-fried"
                    },
                    {
                        "value": 400,
                        "clue": "This purplish part of the kudzu plant can be turned into a jelly",
                        "solution": "What is Flower"
                    },
                    {
                        "value": 500,
                        "clue": "A powder made from this part of the plant is used as a starchy thickener for soups",
                        "solution": "What is Roots"
                    }
                ]
            }
        ],
        "double": [
            {
                "category": "A PLAGUE ON YOU!",
                "clues": [
                    {
                        "value": 200,
                        "clue": "The 14th century \"Black Death\" that swept Europe was this type of plague, from the Greek for \"groin\"",
                        "solution": "What is Bubonic"
                    },
                    {
                        "value": 400,
                        "clue": "The first of these was the Nile turning to blood",
                        "solution": "What is 10 plagues of Egypt"
                    },
                    {
                        "value": 600,
                        "clue": "This physician & seer of the \"centuries\" treated plague victims in 16th century France",
                        "solution": "What is Nostradamus"
                    },
                    {
                        "value": 800,
                        "clue": "He published \"The Plague\" in 1947",
                        "solution": "What is Albert Camus"
                    },
                    {
                        "value": 1000,
                        "clue": "In his diary, Samuel Pepys recounted the \"Great Plague\" sweeping through London in this decade",
                        "solution": "What is 1660s"
                    }
                ]
            },
            {
                "category": "IT'S TIME FOR TIME",
                "clues": [
                    {
                        "value": 200,
                        "clue": "This ancient time-measuring device must be designed for its specific location on Earth",
                        "solution": "What is Sundial"
                    },
                    {
                        "value": 400,
                        "clue": "Of dog days, halcyon days or salad days, the one that's the most weather-related",
                        "solution": "What is Dog days"
                    },
                    {
                        "value": 600,
                        "clue": "You don't have to check your watch, you know it's this time if you see mad dogs & Englishmen",
                        "solution": "What is Midday"
                    },
                    {
                        "value": 800,
                        "clue": "Brazil is celebrating its qunicentennial, this many years since its discovery by the Portuguese",
                        "solution": "What is 500"
                    },
                    {
                        "value": 1000,
                        "clue": "From the Latin for \"grape-gathering\", it's the time for gathering grapes for wine",
                        "solution": "What is Vintage"
                    }
                ]
            },
            {
                "category": "\"BLACK\" & \"WHITE\" FILMS",
                "clues": [
                    {
                        "value": 200,
                        "clue": "Woody Harrelson hustled basketball games while Rosie Perez won big on \"Jeopardy!\" in this comedy",
                        "solution": "What is White Men Can't Jump"
                    },
                    {
                        "value": 600,
                        "clue": "A terrorist group plots to blow up the Super Bowl in this 1977 flick",
                        "solution": "What is Black Sunday"
                    },
                    {
                        "value": 800,
                        "clue": "Jennifer Jason Leigh played the roommate from hell in this 1992 thriller",
                        "solution": "What is Single White Female"
                    },
                    {
                        "value": 1000,
                        "clue": "Cops Michael Douglas & Andy Garcia tangle with the Japanese mafia in this 1989 film",
                        "solution": "What is Black Rain"
                    }
                ]
            },
            {
                "category": "STATE MOTTOES",
                "clues": [
                    {
                        "value": 200,
                        "clue": "\"Sic Semper Tyrannis\"",
                        "solution": "What is Virginia"
                    },
                    {
                        "value": 400,
                        "clue": "\"If You Seek A Pleasant Peninsula, Look About You\"",
                        "solution": "What is Michigan"
                    },
                    {
                        "value": 600,
                        "clue": "\"Excelsior\"",
                        "solution": "What is New York"
                    },
                    {
                        "value": 800,
                        "clue": "\"Crossroads of America\"",
                        "solution": "What is Indiana"
                    },
                    {
                        "value": 1000,
                        "clue": "\"Equal Rights\"",
                        "solution": "What is Wyoming"
                    }
                ]
            },
            {
                "category": "AMERICAN AUTHORS",
                "clues": [
                    {
                        "value": 200,
                        "clue": "In the 1930s she wrote biographies of her father & mother, who were Presbyterian missionaries to China",
                        "solution": "What is Pearl S. Buck"
                    },
                    {
                        "value": 400,
                        "clue": "In his 1841 essay \"Self-Reliance\", he wrote, \"Nothing is at last sacred but the integrity of your own mind\"",
                        "solution": "What is Ralph Waldo Emerson"
                    },
                    {
                        "value": 600,
                        "clue": "His 2 middle names were Scott & Key",
                        "solution": "What is F. Scott Fitzgerald"
                    },
                    {
                        "value": 800,
                        "clue": "From 1944 to 1946 he served as a naval historian in the south Pacific",
                        "solution": "What is James Michener"
                    },
                    {
                        "value": 1000,
                        "clue": "This author & his loose lifestyle were the subject of Tom Wolfe's \"The Electric Kool-Aid Acid Test\"",
                        "solution": "What is Ken Kesey"
                    }
                ]
            },
            {
                "category": "WORDPLAY",
                "clues": [
                    {
                        "value": 200,
                        "clue": "Paronomasia, from the Greek for \"A play on words\", is the rhetorical term for this 3-letter word",
                        "solution": "What is Pun"
                    },
                    {
                        "value": 400,
                        "clue": "An example of antanaclasis is Ben Franklin's \"We must all hang together, or....we shall all\" do this",
                        "solution": "What is Hang separately"
                    },
                    {
                        "value": 600,
                        "clue": "A correct response on seeing these initial characters",
                        "solution": "What is Acrostic"
                    },
                    {
                        "value": 800,
                        "clue": "Character who gave his name to lines like, \" 'The prisoner's coming down,' he said condescendingly\"",
                        "solution": "What is Tom Swift"
                    },
                    {
                        "value": 1000,
                        "clue": "A contronym can mean 2 opposite things, like this word meaning \"to adhere\" & \"to divide\"",
                        "solution": "What is Cleave"
                    }
                ]
            }
        ],
        "final": {
            "category": "19th CENTURY PERSONALITIES",
            "clue": "Known to many as The Colossus, this man was elected to the Cape Colony Assembly in 1881",
            "solution": "What is Cecil Rhodes"
        }
    }
}