{
    "game": {
        "single": [
            {
                "category": "MUSICAL INSTRUMENTS",
                "clues": [
                    {
                        "value": 200,
                        "clue": "The first official list of military calls for this trumpet-like valveless instrument was issued in 1798",
                        "solution": "What is the bugle"
                    },
                    {
                        "value": 400,
                        "clue": "A violin body amplifies the sound escaping from the 2 holes usually called these, as they resemble an italicized letter",
                        "solution": "What is the f-holes"
                    },
                    {
                        "value": 600,
                        "clue": "Fife & drum corps often use this higher-pitched woodwind whose name means \"small\"",
                        "solution": "What is a piccolo"
                    },
                    {
                        "value": 800,
                        "clue": "The theme song of \"Futurama\" features chimes, also known as tubular these",
                        "solution": "What is bells"
                    },
                    {
                        "value": 1000,
                        "clue": "This steam-whistle organ was often used on 19th century Mississippi steamboats to announce their arrival at ports",
                        "solution": "What is a calliope"
                    }
                ]
            },
            {
                "category": "TALKING ITALIAN",
                "clues": [
                    {
                        "value": 200,
                        "clue": "\"Grazie\" & \"prego\" translate to these 2 2-word companion phrases",
                        "solution": "What is thank you & you're welcome"
                    },
                    {
                        "value": 400,
                        "clue": "You oughta know \"otto\" is Italian for this number",
                        "solution": "What is eight"
                    },
                    {
                        "value": 600,
                        "clue": "A journalist would uncover that \"chi\" , \"che\", \"quando\", \"dove\" & \"perché\" translate to these 5 terms",
                        "solution": "What is who, what, where, why & when"
                    },
                    {
                        "value": 800,
                        "clue": "I'm loony for \"lunedì\", this day of the week",
                        "solution": "What is Monday"
                    },
                    {
                        "value": 1000,
                        "clue": "A certain piece of hardware is una vite, so this hand tool used with it is un cacciavite",
                        "solution": "What is a screwdriver"
                    }
                ]
            },
            {
                "category": "DECADES OF DISASTER",
                "clues": [
                    {
                        "value": 200,
                        "clue": "Pearl Harbor is attacked",
                        "solution": "What is the 1940s"
                    },
                    {
                        "value": 400,
                        "clue": "The Space Shuttle Challenger explodes",
                        "solution": "What is the 1980s"
                    },
                    {
                        "value": 600,
                        "clue": "The Titanic sinks",
                        "solution": "What is the 1910s"
                    },
                    {
                        "value": 800,
                        "clue": "Three Mile Island is the site of the worst commercial nuclear accident in U.S. history",
                        "solution": "What is the 1970s"
                    },
                    {
                        "value": 1000,
                        "clue": "The USS Maine goes down, killing 260",
                        "solution": "What is the 1890s"
                    }
                ]
            },
            {
                "category": "FOOD PREPARATION",
                "clues": [
                    {
                        "value": 200,
                        "clue": "To slice a tomato, use a knife with this type of edge for a clean cut",
                        "solution": "What is a serrated edge"
                    },
                    {
                        "value": 400,
                        "clue": "(Sarah of the Clue Crew holds a payapa in a forest in Molokai, HI.) An enzyme called papain in the leaves & green skin of raw papaya can be used as one of these food preparations as it breaks down the connective tissue of meats",
                        "solution": "What is a tenderizer"
                    },
                    {
                        "value": 600,
                        "clue": "Colorful cooking methods include browning & this one associated with Cajun cooking",
                        "solution": "What is blackening"
                    },
                    {
                        "value": 800,
                        "clue": "Simmer short-grain rice seasoned with saffron in the broad, shallow pan that gives this Spanish dish its name",
                        "solution": "What is paella"
                    },
                    {
                        "value": 1000,
                        "clue": "The name of this technique indicates that meat is soaked in saltwater, though other liquids can be used instead",
                        "solution": "What is brining"
                    }
                ]
            },
            {
                "category": "LESSER-KNOWN AMERICANS",
                "clues": [
                    {
                        "value": 200,
                        "clue": "John T. Dorrance, a chemist who studied cooking in Paris, developed the first canned soups for this brand",
                        "solution": "What is Campbell's"
                    },
                    {
                        "value": 400,
                        "clue": "In the 1940s Stetson Kennedy infiltrated this group, whom he mocked as the \"Dumb Klux\"",
                        "solution": "What is the KKK (Ku Klux Klan)"
                    },
                    {
                        "value": 600,
                        "clue": "In 1827 Joseph Dixon founded a factory to make stove polish & these from graphite",
                        "solution": "What is pencils"
                    },
                    {
                        "value": 800,
                        "clue": "In 2003 this state replaced its statue of George Washington Glick in Statuary Hall with one of Dwight Eisenhower",
                        "solution": "What is Kansas"
                    },
                    {
                        "value": 1000,
                        "clue": "Katharine Drexel is only the second person born in the U.S. to be recognized as one of these; Elizabeth Ann Seton was 1st",
                        "solution": "What is saints"
                    }
                ]
            },
            {
                "category": "TIPS ON NETWORKING",
                "clues": [
                    {
                        "value": 200,
                        "clue": "Snarl along with \"Big Cat Diary\" & \"Pit Bulls and Parolees\"",
                        "solution": "What is Animal Planet"
                    },
                    {
                        "value": 400,
                        "clue": "At least grin at \"Workaholics\" & \"Nick Swardson's Pretend Time\"",
                        "solution": "What is Comedy Central"
                    },
                    {
                        "value": 600,
                        "clue": "Watch movies like \"Taken from Me: The Tiffany Rubin Story\" & \"Sins of the Mother\"",
                        "solution": "What is Lifetime"
                    },
                    {
                        "value": 800,
                        "clue": "Enjoy some of \"The Fairly Oddparents\" & some \"Bubble Guppies\"",
                        "solution": "What is Nickelodeon"
                    },
                    {
                        "value": 1000,
                        "clue": "Wonder if the \"Hoarders\" & \"Monster In-Laws\" are for real",
                        "solution": "What is A&E"
                    }
                ]
            }
        ],
        "double": [
            {
                "category": "COSMOPOLITAN",
                "clues": [
                    {
                        "value": 400,
                        "clue": "This Spanish city on the Mediterranean was known in antiquity as Barcino",
                        "solution": "What is Barcelona"
                    },
                    {
                        "value": 800,
                        "clue": "Sudan University of Science & Technology, including the Institute of Laser, is in this capital",
                        "solution": "What is Khartoum"
                    },
                    {
                        "value": 1200,
                        "clue": "India's financial capital, this West Coast city consists of several islands that have become one land mass via reclamation",
                        "solution": "What is Mumbai"
                    },
                    {
                        "value": 1600,
                        "clue": "The Postal Museum in Vaduz, this principality's capital, is a must-visit for stamp collectors",
                        "solution": "What is Liechtenstein"
                    },
                    {
                        "value": 2000,
                        "clue": "This city in the Crimea is a health resort with many sanatoriums, including one suggested by Chekhov in 1899",
                        "solution": "What is Yalta"
                    }
                ]
            },
            {
                "category": "ELLE",
                "clues": [
                    {
                        "value": 400,
                        "clue": "Marion Cotillard played Leonardo DiCaprio's dreamy wife Mal in this 2010 film",
                        "solution": "What is Inception"
                    },
                    {
                        "value": 2000,
                        "clue": "She starred with Ethan Hawke in \"Before Sunrise\"; she & Ethan Hawke not only starred in the sequel but also co-wrote it",
                        "solution": "What is Julie Delpy"
                    }
                ]
            },
            {
                "category": "A LURE",
                "clues": [
                    {
                        "value": 400,
                        "clue": "Cock-a-doodle-doo! In the 1950s Howard Worden developed a classic fishing lure called this animal's tail",
                        "solution": "What is a rooster (tail)"
                    },
                    {
                        "value": 800,
                        "clue": "The Million-Dollar Lure is made of 3 pounds of gold & platinum & 100 carats of diamonds & these red gems",
                        "solution": "What is rubies"
                    },
                    {
                        "value": 1200,
                        "clue": "Rapala lures are made to mimic wounded fish; in 2003 Phillipe Marn used one to land a record 385-lb. yellowfin this",
                        "solution": "What is tuna"
                    },
                    {
                        "value": 1600,
                        "clue": "(Sarah of the Clue Crew wraps a lure.) When you wrap a fish hook with feathers & thread, it's called tying one of these lightweight lures that mimic insects",
                        "solution": "What is flies"
                    },
                    {
                        "value": 2000,
                        "clue": "Mepps makes its special \"killer\" lure to catch this large member of the pike family, not Hubert Humphrey's running mate",
                        "solution": "What is a muskie"
                    }
                ]
            },
            {
                "category": "\"W\"",
                "clues": [
                    {
                        "value": 400,
                        "clue": "It's a man who has lost his wife by death & has not remarried",
                        "solution": "What is a widower"
                    },
                    {
                        "value": 800,
                        "clue": "An exploratory gas or oil well, or a nickname for a student from the University of Arizona",
                        "solution": "What is a wildcat"
                    },
                    {
                        "value": 1200,
                        "clue": "In a Coors light ad, the guy with this \"avian\" nickname tries to help his amorous buddy \"live the dream\"",
                        "solution": "What is a wingman"
                    },
                    {
                        "value": 1600,
                        "clue": "This 4-letter term for a ridge on the skin resulting from a blow also begins the name of a boxing weight division",
                        "solution": "What is a welt"
                    },
                    {
                        "value": 2000,
                        "clue": "High-quality wood is used in this type of paneling whose name is from the German for \"wagon\"",
                        "solution": "What is wainscoting"
                    }
                ]
            },
            {
                "category": "RED BOOK",
                "clues": [
                    {
                        "value": 400,
                        "clue": "The title of this Dr. Seuss work is illustrated on its cover",
                        "solution": "What is One Fish Two Fish Red Fish Blue Fish"
                    },
                    {
                        "value": 800,
                        "clue": "In \"The Veteran\", a sequel to this 1895 novel, Henry Fleming tells us Chancellorsville was where he was wounded",
                        "solution": "What is The Red Badge of Courage"
                    },
                    {
                        "value": 1200,
                        "clue": "This Stendhal novel title was inspired by the colors worn by the Catholic clergy & the French military",
                        "solution": "What is The Red and the Black"
                    },
                    {
                        "value": 1600,
                        "clue": "This psychologist was unafreud to confront his own demons in \"The Red Book\", written between 1914 & 1930 & published in 2009",
                        "solution": "What is (Carl) Jung"
                    },
                    {
                        "value": 2000,
                        "clue": "Made into a 1998 film, this James Jones novel fictionalizes the \"narrow\"ly won battle for Guadalcanal",
                        "solution": "What is The Thin Red Line"
                    }
                ]
            },
            {
                "category": "WAITING FOR THE HAIRDRESSER",
                "clues": [
                    {
                        "value": 400,
                        "clue": "I might ask for \"just a\" this, a simple shortening & tidying up around the edges",
                        "solution": "What is trim"
                    },
                    {
                        "value": 800,
                        "clue": "I'll get my hair straightened with the Brazilian this; it's also what happened to my favorite football team, 35-0",
                        "solution": "What is a blowout"
                    },
                    {
                        "value": 1200,
                        "clue": "I hope things are okay here; I think I see this woman in the back filming for the Bravo show about her salon takeover",
                        "solution": "What is Tabatha"
                    }
                ]
            }
        ],
        "final": {
            "category": "PRESIDENTIAL INAUGURATIONS",
            "clue": "His second inauguration marked the first time that women officially participated in the inaugural parade",
            "solution": "What is Woodrow Wilson"
        }
    }
}