{
    "game": {
        "single": [
            {
                "category": "IT HAPPENED ON CHRISTMAS DAY",
                "clues": [
                    {
                        "value": 200,
                        "clue": "1946: Ah yes, this big-screen comedian passes away at the age of 66 in Pasadena",
                        "solution": "What is W.C. Fields"
                    },
                    {
                        "value": 400,
                        "clue": "1066: He's crowned king of England",
                        "solution": "What is William the Conqueror"
                    },
                    {
                        "value": 600,
                        "clue": "1776: George Washington & his troops cross this river to attack the Hessians",
                        "solution": "What is the Delaware"
                    },
                    {
                        "value": 800,
                        "clue": "1868: This man grants an unconditional pardon to all who rebelled during the Civil War",
                        "solution": "What is Andrew Johnson"
                    },
                    {
                        "value": 1000,
                        "clue": "800 A.D.: This man is crowned the first Holy Roman Emperor",
                        "solution": "What is Charlemagne"
                    }
                ]
            },
            {
                "category": "\"DEC\" THE HALLS",
                "clues": [
                    {
                        "value": 200,
                        "clue": "Dr. Ludwig Roselius' research into this process led to the coffee brand Sanka in 1923",
                        "solution": "What is decaffeination"
                    },
                    {
                        "value": 400,
                        "clue": "6-letter word for an authoritative order having the force of law",
                        "solution": "What is decree"
                    },
                    {
                        "value": 600,
                        "clue": "It's another, earlier name for Memorial Day",
                        "solution": "What is Decoration Day"
                    },
                    {
                        "value": 800,
                        "clue": "In the 18th century this artistic technique was known as Japanning from its presumed origins",
                        "solution": "What is decoupage"
                    },
                    {
                        "value": 1000,
                        "clue": "This naval hero famously said, \"Our country, right or wrong\"",
                        "solution": "What is Stephen Decatur"
                    }
                ]
            },
            {
                "category": "BETHLEHEM",
                "clues": [
                    {
                        "value": 200,
                        "clue": "Bethlehem, Pennsylvania was named for the biblical Bethlehem, which is Hebrew for \"house of\" this food staple",
                        "solution": "What is bread"
                    },
                    {
                        "value": 400,
                        "clue": "A huge electrical many-pointed one of these sits atop nearby South Mountain, perhaps to guide visitors to the town",
                        "solution": "What is a star"
                    },
                    {
                        "value": 600,
                        "clue": "For a dozen years, Bethlehem's Lehigh University has been home to this NFL team's summer training camp",
                        "solution": "What is the (Philadelphia) Eagles"
                    },
                    {
                        "value": 800,
                        "clue": "An annual festival honoring this 18th century German composer is highlighted by a performance of his B-minor Mass",
                        "solution": "What is Johann Sebastian Bach"
                    },
                    {
                        "value": 1000,
                        "clue": "This Penn. corp. built more WWI destroyers at its Quincy, Mass. yard than were built at all other U.S. yards combined",
                        "solution": "What is Bethlehem Steel"
                    }
                ]
            },
            {
                "category": "GIFT GIVING",
                "clues": [
                    {
                        "value": 200,
                        "clue": "Cousin Jim is wound a little tight, so I got him a getaway to Club Med on Guadeloupe in this sea",
                        "solution": "What is the Caribbean"
                    },
                    {
                        "value": 600,
                        "clue": "For Dad, yeah, we know it's the same old thing, but let's call it by its Spanish name: corbata, one of these",
                        "solution": "What is a tie"
                    },
                    {
                        "value": 800,
                        "clue": "You know how Uncle Billy likes politics; let's giving him this politician's book \"The Assault on Reason\"",
                        "solution": "What is (Al) Gore"
                    },
                    {
                        "value": 1000,
                        "clue": "Matt asked me to get him one of this brand of air rifle, like Ralphie in \"A Christmas Story\"",
                        "solution": "What is a Red Ryder BB gun"
                    }
                ]
            },
            {
                "category": "JINGO ALL THE WAY",
                "clues": [
                    {
                        "value": 200,
                        "clue": "The U.S. was spurred to war with this country in 1898 due in part to \"jingo journalism\"",
                        "solution": "What is Spain"
                    },
                    {
                        "value": 400,
                        "clue": "In an 1852 speech, Frederick Douglass called this holiday \"a sham... fraud, deception, impiety\"",
                        "solution": "What is Independence Day"
                    },
                    {
                        "value": 600,
                        "clue": "Orwell called this \"If\" poet a \"jingo imperialist... morally insensitive and aesthetically disgusting\"",
                        "solution": "What is Kipling"
                    },
                    {
                        "value": 800,
                        "clue": "Boswell quoted him as saying that \"patriotism is the last refuge of a scoundrel\"",
                        "solution": "What is (Samuel) Johnson"
                    },
                    {
                        "value": 1000,
                        "clue": "This 2-word jingoistic tenet stated that territorial expansion of the U.S. is inevitable & ordained",
                        "solution": "What is Manifest Destiny"
                    }
                ]
            },
            {
                "category": "THE BUCKET LIST",
                "clues": [
                    {
                        "value": 200,
                        "clue": "(Rob Reiner starts us off.) My movie \"The Bucket List\" stars Morgan Freeman & this acting legend whom I also directed when he played Col. Jessup in \"A Few Good Men\"",
                        "solution": "What is Jack Nicholson"
                    },
                    {
                        "value": 400,
                        "clue": "(Morgan Freeman continues.) A great view can be had from this peak the Tibetans call Chomolungma that plays a big part in \"The Bucket List\" story",
                        "solution": "What is Mount Everest"
                    },
                    {
                        "value": 600,
                        "clue": "(Rob Reiner returns.) The leads in \"The Bucket List\" have a high-speed race between a Dodge Challenger & a Shelby one of these Ford cars",
                        "solution": "What is a Mustang"
                    },
                    {
                        "value": 800,
                        "clue": "(Morgan Freeman reads another clue.) 1 of the amazing sights visited in \"The Bucket List\" is this fortification stretching from Gansu to Hebei",
                        "solution": "What is the Great Wall of China"
                    },
                    {
                        "value": 1000,
                        "clue": "(Hi, I'm Sean Hayes.) This Islamic tomb on the Yamuna River in India leads Carter and Edward to a discussion of funeral types in \"The Bucket List\"",
                        "solution": "What is Taj Mahal"
                    }
                ]
            }
        ],
        "double": [
            {
                "category": "CLASSICAL COMPOSERS",
                "clues": [
                    {
                        "value": 400,
                        "clue": "For several years, his friend Karl Amenda was one of the few people who knew about his increasing deafness",
                        "solution": "What is Beethoven"
                    },
                    {
                        "value": 800,
                        "clue": "On March 3, 1875 his \"Carmen\" premiered in Paris & he was decorated with the French Legion of Honor",
                        "solution": "What is Bizet"
                    },
                    {
                        "value": 1200,
                        "clue": "From 1892 to 1895 he headed NYC's National Conservatory of Music; he returned to Bohemia due to homesickness",
                        "solution": "What is (Antonin) Dvorák"
                    },
                    {
                        "value": 1600,
                        "clue": "In 1762 6-year old Wolfgang Amadeus Mozart & his sister performed for this Holy Roman Empress",
                        "solution": "What is Maria Theresa"
                    },
                    {
                        "value": 2000,
                        "clue": "His wife Clara was one of the finest concert pianists of her time & later taught at the conservatory in Frankfurt",
                        "solution": "What is Schumann"
                    }
                ]
            },
            {
                "category": "SPORTS SIBLING SURNAMES",
                "clues": [
                    {
                        "value": 400,
                        "clue": "NHL: Wayne & Brent",
                        "solution": "What is Gretzky"
                    },
                    {
                        "value": 800,
                        "clue": "Speed skating: Beth & Eric",
                        "solution": "What is Heiden"
                    },
                    {
                        "value": 1200,
                        "clue": "NFL: Shannon & Sterling",
                        "solution": "What is Sharpe"
                    },
                    {
                        "value": 1600,
                        "clue": "NBA: Harvey & Horace",
                        "solution": "What is Grant"
                    },
                    {
                        "value": 2000,
                        "clue": "Tennis: Tim & Tom",
                        "solution": "What is Gullikson"
                    }
                ]
            },
            {
                "category": "\"B\" IS FOR BARD",
                "clues": [
                    {
                        "value": 400,
                        "clue": "At the end of \"Much Ado About Nothing\", Benedick quiets this love of his with a kiss",
                        "solution": "What is Beatrice"
                    },
                    {
                        "value": 800,
                        "clue": "He is described by the witches as \"lesser than Macbeth, and greater\"",
                        "solution": "What is Banquo"
                    },
                    {
                        "value": 1200,
                        "clue": "Gassy surname of Sir Toby in \"Twelfth Night\"",
                        "solution": "What is Belch"
                    },
                    {
                        "value": 1600,
                        "clue": "His downfall was at Philippi",
                        "solution": "What is Brutus"
                    },
                    {
                        "value": 2000,
                        "clue": "In \"The Taming of the Shrew\", she's courted by 3 men",
                        "solution": "What is Bianca"
                    }
                ]
            },
            {
                "category": "DESERT SURVIVAL SKILLS",
                "clues": [
                    {
                        "value": 400,
                        "clue": "(Kelly of the Clue Crew reports from a campfire in White Sands National Monument, New Mexico.) Even in the desert, fire is important for survival, for cooking, signaling, & avoiding this, from the Greek for \"under\" & \"heat\"",
                        "solution": "What is hypothermia"
                    },
                    {
                        "value": 800,
                        "clue": "(Kelly of the Clue Crew walks through brush in White Sands National Monument, NM.) Be very careful relying on desert plants for food & drink; avoid any that have red seeds, milky sap, or leaves that are digitate, meaning shaped like an open one of these",
                        "solution": "What is a hand"
                    },
                    {
                        "value": 1200,
                        "clue": "(Kelly of the Clue Crew reports from White Sands National Monument, New Mexico.) In desert conditions, you need at least one gallon of water per person per day, have reusable water containers, & a tincture of a small percentage of this to purify the water",
                        "solution": "What is iodine"
                    },
                    {
                        "value": 1600,
                        "clue": "(Jon of the Clue Crew reports from White Sands National Monument, New Mexico.) For desert trekkers in the Southwest, it might come in handy to know that the soaptree type of this stiff-leaved evergreen has edible flowers",
                        "solution": "What is a yucca"
                    },
                    {
                        "value": 2000,
                        "clue": "(Jon of the Clue Crew reports from White Sands National Monument, New Mexico.) Sounds odd, but black tea bags are handy in the desert: steep the bags & apply to sunburn; this acid in the tea relieves heat, pain & itching",
                        "solution": "What is tannin (or tannic acid)"
                    }
                ]
            },
            {
                "category": "HISTORIC U.S. BUILDINGS",
                "clues": [
                    {
                        "value": 400,
                        "clue": "A centerpiece of the 1962 World's Fair, this tower had science-fiction art & a German TV tower as inspirations",
                        "solution": "What is the Space Needle"
                    },
                    {
                        "value": 800,
                        "clue": "A Library of Congress photo collection of buildings includes a 1910 1-room this in South Pass City, Wyoming",
                        "solution": "What is a schoolhouse (school accepted)"
                    },
                    {
                        "value": 1200,
                        "clue": "A puddled adobe on De Vargas street in this state capital claims to be the USA's oldest house",
                        "solution": "What is Santa Fe"
                    },
                    {
                        "value": 1600,
                        "clue": "Greene & Greene designed the Gamble House, a seminal work in this 3-word style inspired by William Morris",
                        "solution": "What is Arts and Crafts"
                    },
                    {
                        "value": 2000,
                        "clue": "This Boston hall houses the Ancient and Honorable Artillery Company, chartered in 1638",
                        "solution": "What is Faneuil Hall"
                    }
                ]
            },
            {
                "category": "SAY IT IN SPANISH",
                "clues": [
                    {
                        "value": 400,
                        "clue": "The Bureau of Land Management can help you adopt one of these wild donkeys",
                        "solution": "What is a burro"
                    },
                    {
                        "value": 800,
                        "clue": "As well as \"manly\" or \"virile\", this 5-letter word can mean \"sledgehammer\"",
                        "solution": "What is macho"
                    },
                    {
                        "value": 1200,
                        "clue": "Whether after \"Cuba\" or not, it simply means \"free\"",
                        "solution": "What is libre"
                    },
                    {
                        "value": 1600,
                        "clue": "This can mean \"taste\" or \"flavor\"; \"con mucho\" this means \"with great pleasure\"",
                        "solution": "What is gusto"
                    },
                    {
                        "value": 2000,
                        "clue": "The Spanish nickname of \"mad\" Princess Juana, it's also the title of a Menotti opera about her",
                        "solution": "What is Juana La Loca"
                    }
                ]
            }
        ],
        "final": {
            "category": "SNACK BRANDS",
            "clue": "Each unit in this brand, introduced in 1968, is a hyperbolic paraboloid, & they fit together for perfect storage",
            "solution": "What is Pringles potato chips"
        }
    }
}