{
    "game": {
        "single": [
            {
                "category": "DELI-CACIES",
                "clues": [
                    {
                        "value": 200,
                        "clue": "It's not Hanukkah, but I'm in the mood for these potato pancakes, served with applesauce",
                        "solution": "What is latkes"
                    },
                    {
                        "value": 400,
                        "clue": "A traditional Reuben sandwich is made with this deli meat",
                        "solution": "What is corned beef"
                    },
                    {
                        "value": 600,
                        "clue": "This bread often gets its color and flavor from molasses",
                        "solution": "What is pumpernickel"
                    },
                    {
                        "value": 800,
                        "clue": "In the mood for cold-smoked salmon? We've got this type of lox with a 4-letter name",
                        "solution": "What is Nova"
                    },
                    {
                        "value": 1000,
                        "clue": "This favorite that's eaten as a cookie gets its name from German words for \"almond\" & \"bread\"",
                        "solution": "What is Mandelbrot"
                    }
                ]
            },
            {
                "category": "AUTOBIOGRAPHIES",
                "clues": [
                    {
                        "value": 200,
                        "clue": "This movie gets its title from the autobiography of Navy SEAL & master marksman Chris Kyle",
                        "solution": "What is American Sniper"
                    },
                    {
                        "value": 400,
                        "clue": "Last name of the man who penned the autobiography \"The Life of Buffalo Bill\"",
                        "solution": "What is Cody"
                    },
                    {
                        "value": 600,
                        "clue": "\"The Double Helix\" is by this American scientist",
                        "solution": "What is (James) Watson"
                    },
                    {
                        "value": 800,
                        "clue": "Speaker, author & school founder Booker T. Washington titled his autobiography \"Up from\" this",
                        "solution": "What is slavery"
                    },
                    {
                        "value": 1000,
                        "clue": "\"My Inventions\", the autobiography of this immigrant, appeared in 1919 in the magazine Electrical Experimenter",
                        "solution": "What is (Nikola) Tesla"
                    }
                ]
            },
            {
                "category": "NFL RHYMES",
                "clues": [
                    {
                        "value": 200,
                        "clue": "A Los Angeles team's mollusks",
                        "solution": "What is Rams clams"
                    },
                    {
                        "value": 400,
                        "clue": "The New Orleans team's fencing moves",
                        "solution": "What is Saints feints"
                    },
                    {
                        "value": 600,
                        "clue": "The Pittsburgh team's snitches",
                        "solution": "What is Steelers squealers"
                    },
                    {
                        "value": 800,
                        "clue": "The Cleveland team's harlequins",
                        "solution": "What is Browns clowns"
                    },
                    {
                        "value": 1000,
                        "clue": "The Philly team's attorney assistants",
                        "solution": "What is Eagles legals (or paralegals)"
                    }
                ]
            },
            {
                "category": "ISLANDS",
                "clues": [
                    {
                        "value": 200,
                        "clue": "In 2013 the mayor of Corleone on this island apologized to the victims of Mafia violence",
                        "solution": "What is Sicily"
                    },
                    {
                        "value": 400,
                        "clue": "This 130-mile stretch of barrier islands off North Carolina is sometimes called OBX",
                        "solution": "What is the Outer Banks"
                    },
                    {
                        "value": 600,
                        "clue": "This historic Florida island is home to the southernmost city of the lower 48 states",
                        "solution": "What is Key West"
                    },
                    {
                        "value": 800,
                        "clue": "Near Santa Barbara, it's California's largest island; we don't know if there are banana slugs on it",
                        "solution": "What is Santa Cruz"
                    },
                    {
                        "value": 1000,
                        "clue": "The Duke of York islands are coral islands in this South Seas archipelago named for a 19th century German statesman",
                        "solution": "What is the Bismarck Archipelago"
                    }
                ]
            },
            {
                "category": "STAMPING PHILATELY",
                "clues": [
                    {
                        "value": 200,
                        "clue": "These stamps went on sale in 2007 to guard against price increases, but a 2-cent decrease in 2016 surprised many",
                        "solution": "What is Forever stamps"
                    },
                    {
                        "value": 400,
                        "clue": "Don't be be-Fudd-led that collectors saved more than 40 million stamps of this cartoon critter in 1997",
                        "solution": "What is Bugs Bunny"
                    },
                    {
                        "value": 600,
                        "clue": "The (in)famous 1918 inverted jenny showing a plane upside down was fittingly issued for this 7-letter type of delivery",
                        "solution": "What is airmail"
                    },
                    {
                        "value": 800,
                        "clue": "A first set of stamps with this leader were printed in England, but intercepted by the Union; a second set made it through",
                        "solution": "What is Jefferson Davis"
                    },
                    {
                        "value": 1000,
                        "clue": "A famous portrait by him appeared on a 1934 stamp \"in memory and in honor of the mothers of America\"",
                        "solution": "What is Whistler"
                    }
                ]
            },
            {
                "category": "MOVIE HAPPY ENDINGS",
                "clues": [
                    {
                        "value": 200,
                        "clue": "1967: Bride ditches handsome groom at altar, gets on bus with Mom's lover",
                        "solution": "What is The Graduate"
                    },
                    {
                        "value": 400,
                        "clue": "1993: Weatherman loses immortality, considers moving to Punxsutawney",
                        "solution": "What is Groundhog Day"
                    },
                    {
                        "value": 600,
                        "clue": "1942: Cop covers up a shooting, hero watches love of his life fly off with another man",
                        "solution": "What is Casablanca"
                    },
                    {
                        "value": 800,
                        "clue": "1939: One senator collapses, another attempts suicide & confesses to multiple crimes",
                        "solution": "What is Mr. Smith Goes to Washington"
                    },
                    {
                        "value": 1000,
                        "clue": "2012: Dance routine gets barely passing grade, betting on football is rewarded",
                        "solution": "What is Silver Linings Playbook"
                    }
                ]
            }
        ],
        "double": [
            {
                "category": "EXIT THROUGH THE GIFT SHOP",
                "clues": [
                    {
                        "value": 400,
                        "clue": "(Kelly of the Clue Crew presents the Clue from the Smithsonian's National Zoo.) Take home an elephant from the Smithsonian's National Zoo, handcrafted in India and covered in pieces of vintage ones of these garments worn by Hindu women",
                        "solution": "What is a sari"
                    },
                    {
                        "value": 800,
                        "clue": "(Sarah presents the clue from the Rhode Island School of Design.) You can pick up items designed by alumni at the museum gift shop of Rhode Island School of Design in this city",
                        "solution": "What is Providence"
                    },
                    {
                        "value": 1200,
                        "clue": "(Jimmy of the Clue Crew presents the clue from Kansas City, Missouri.) You can buy a replica home jersey of the 1942 Kansas City Monarchs at the museum honoring this organization that existed from 1920 to 1960",
                        "solution": "What is the Negro Leagues"
                    },
                    {
                        "value": 1600,
                        "clue": "(Sarah of the Clue Crew presents the clue from Old Sturbridge Village.) Old Sturbridge Village recreates the early 1800s and sells a tabletop version of this game that was edged out later in the century by the game with one more item",
                        "solution": "What is 9-pin bowling"
                    },
                    {
                        "value": 2000,
                        "clue": "(Jimmy of the Clue Crew presents from the National World War I Museum & Memorial.) At the National World War I Museum, you can take home a detailed model of this Allied fighter plane, that got its name from the hump that housed the guns in front of the cockpit",
                        "solution": "What is the Sopwith Camel"
                    }
                ]
            },
            {
                "category": "LITERARY WORK BY CHARACTER",
                "clues": [
                    {
                        "value": 400,
                        "clue": "Queequeg",
                        "solution": "What is Moby-Dick"
                    },
                    {
                        "value": 800,
                        "clue": "Raksha, AKA Mother Wolf",
                        "solution": "What is The Jungle Book"
                    },
                    {
                        "value": 1200,
                        "clue": "Sodapop Curtis",
                        "solution": "What is The Outsiders"
                    },
                    {
                        "value": 1600,
                        "clue": "Governor Willie Stark",
                        "solution": "What is All the King's Men"
                    },
                    {
                        "value": 2000,
                        "clue": "The Vicomte de Valmont",
                        "solution": "What is Les Liasions dangereuses, or Dangerous Liasions"
                    }
                ]
            },
            {
                "category": "EXPLORERS",
                "clues": [
                    {
                        "value": 400,
                        "clue": "On June 22, 1611 he was set adrift in Canada's James Bay, an arm of the bay named for him; he was never seen again",
                        "solution": "What is Henry Hudson"
                    },
                    {
                        "value": 800,
                        "clue": "Malintzin (her Nahuatl name), AKA Malinche, AKA Doña Marina, was a translator & later mistress to this conquistador",
                        "solution": "What is Cortés"
                    },
                    {
                        "value": 1200,
                        "clue": "Frozen in for 9 months on an 1821 search for this route, Wm. Parry began the Royal Arctic Theatre to entertain his crew",
                        "solution": "What is the Northwest Passage"
                    },
                    {
                        "value": 1600,
                        "clue": "In 1573 this future circumnavigator raided a mule train carrying Peruvian silver bullion in the isthmus of Panama",
                        "solution": "What is Sir Francis Drake"
                    },
                    {
                        "value": 2000,
                        "clue": "This Frenchman, the 1st European to journey down the Mississippi to its mouth, was killed by his own men in what's now Texas",
                        "solution": "What is La Salle"
                    }
                ]
            },
            {
                "category": "Y IN THE MIDDLE",
                "clues": [
                    {
                        "value": 400,
                        "clue": "Of an unknown name",
                        "solution": "What is anonymous"
                    },
                    {
                        "value": 800,
                        "clue": "Ancient Egyptians wrote on this material",
                        "solution": "What is papyrus"
                    },
                    {
                        "value": 1200,
                        "clue": "French for \"fireplace\", it's the theater's lobby",
                        "solution": "What is the foyer"
                    },
                    {
                        "value": 1600,
                        "clue": "An excessively optimistic person",
                        "solution": "What is a Pollyanna"
                    },
                    {
                        "value": 2000,
                        "clue": "It's a general term for a thick-skinned ungulate like a hippo, too",
                        "solution": "What is a pachyderm"
                    }
                ]
            },
            {
                "category": "WORLD FULL OF PEOPLE",
                "clues": [
                    {
                        "value": 400,
                        "clue": "In New Zealand institutions known as wananga offer university-level programs mainly to students of this ethnicity",
                        "solution": "What is the Maori"
                    },
                    {
                        "value": 800,
                        "clue": "Bilbao is the Spanish center of this Pyrenees culture, as you can taste in restaurants like Zortziko",
                        "solution": "What is Basque"
                    },
                    {
                        "value": 1200,
                        "clue": "They live in central Russia & Kazakhstan & sound like a deposit on your teeth",
                        "solution": "What is the Tatars"
                    },
                    {
                        "value": 1600,
                        "clue": "It's the U.S. state with the largest Somali community",
                        "solution": "What is Minnesota"
                    },
                    {
                        "value": 2000,
                        "clue": "This country's German-speaking community in eastern Wallonia has wide autonomy",
                        "solution": "What is Belgium"
                    }
                ]
            },
            {
                "category": "LET'S STAY HOME",
                "clues": [
                    {
                        "value": 400,
                        "clue": "We'll watch our favorite show on a laptop as we've \"cut\" this, like an obstetrician",
                        "solution": "What is the cord"
                    },
                    {
                        "value": 1200,
                        "clue": "Let's stay home & do cosplay; I'm the pink one of these superpowered teens who fight Elizabeth Banks in a 2017 movie",
                        "solution": "What is the Power Rangers"
                    },
                    {
                        "value": 1600,
                        "clue": "I love the Mickey-shaped dry erase boards in the Disney version of this Mattel Charades game",
                        "solution": "What is Pictionary"
                    },
                    {
                        "value": 2000,
                        "clue": "This singer pulled out of Union Station with her first solo album since 1999—I can't wait to hear her \"Gentle On My Mind\"",
                        "solution": "What is Alison Krauss"
                    }
                ]
            }
        ],
        "final": {
            "category": "THE OLD TESTAMENT",
            "clue": "Consisting of 21 verses, the book of this minor prophet, whose name means \"servant of God\", is the shortest",
            "solution": "What is Obadiah"
        }
    }
}