{
    "game": {
        "single": [
            {
                "category": "1984",
                "clues": [
                    {
                        "value": 200,
                        "clue": "In 1984 this wife of the Governor was named Arkansas' \"Young Mother of the Year\"",
                        "solution": "What is Hillary Clinton"
                    },
                    {
                        "value": 400,
                        "clue": "On Feb. 11, 1984 the Challenger made the first space shuttle landing at this location",
                        "solution": "What is Kennedy Space Center"
                    },
                    {
                        "value": 600,
                        "clue": "An IRA bomb at Brighton's Grand Hotel failed to take out this British P.M. who was there",
                        "solution": "What is Margaret Thatcher"
                    },
                    {
                        "value": 800,
                        "clue": "This pair lost to Reagan & Bush in the 1984 U.S. presidential election",
                        "solution": "What is Mondale & Ferraro"
                    },
                    {
                        "value": 1000,
                        "clue": "On this woman's orders, Indian troops stormed the Golden Temple at Amritsar to oust Sikh fighters holed up there",
                        "solution": "What is Indira Gandhi"
                    }
                ]
            },
            {
                "category": "L.A. GEOGRAPHY IN POP CULTURE",
                "clues": [
                    {
                        "value": 200,
                        "clue": "Geoffrey was the butler & Jazz was a pal on this '90s NBC sitcom",
                        "solution": "What is The Fresh Prince of Bel-Air"
                    },
                    {
                        "value": 400,
                        "clue": "In \"Free Fallin'\", Tom Petty sang, \"All the vampires, walkin' through the valley, move west down\" this \"Boulevard\"",
                        "solution": "What is Ventura Boulevard"
                    },
                    {
                        "value": 600,
                        "clue": "Billy Joel wanted to \"Say Goodbye To\" this storied L.A. area",
                        "solution": "What is Hollywood"
                    },
                    {
                        "value": 1000,
                        "clue": "Ivy League Ph.D.er Stu Bailey & the law-degreed Jeff Spencer, both judo experts, had an office at \"77\" this title place",
                        "solution": "What is Sunset Strip"
                    }
                ]
            },
            {
                "category": "LOOK OUT BELOW",
                "clues": [
                    {
                        "value": 400,
                        "clue": "Here are before & after images of this U.S. city in 2000 & 2005",
                        "solution": "What is New Orleans"
                    },
                    {
                        "value": 600,
                        "clue": "You can see a lava dome forming in this volcano that blew its top in 1980",
                        "solution": "What is Mount St. Helens"
                    },
                    {
                        "value": 800,
                        "clue": "Black smoke rises from oil fires in this country in a photo taken from space in 1991",
                        "solution": "What is Kuwait"
                    },
                    {
                        "value": 1000,
                        "clue": "You can see the tsunami pulling back out to sea after it struck at Kalutara, south of Colombo on this island",
                        "solution": "What is Sri Lanka"
                    }
                ]
            },
            {
                "category": "GARDENING",
                "clues": [
                    {
                        "value": 200,
                        "clue": "Junipers and Japanese maples are especially suited for this tree-dwarfing technique",
                        "solution": "What is bonsai"
                    },
                    {
                        "value": 400,
                        "clue": "These little red beetles will help guard your garden from aphids, scales & spider mites",
                        "solution": "What is ladybugs"
                    },
                    {
                        "value": 600,
                        "clue": "It's a mixture of decaying organic substances, such as dead leaves, used to fertilize soil",
                        "solution": "What is compost"
                    },
                    {
                        "value": 800,
                        "clue": "After they bloom & drop their petals, some roses form these seedpods rich in vitamin C",
                        "solution": "What is rose hips"
                    },
                    {
                        "value": 1000,
                        "clue": "Ladies' slippers, ladies' tresses & dragon's mouth are examples of this exotic flower",
                        "solution": "What is an orchid"
                    }
                ]
            },
            {
                "category": "FUN WITH FASHION",
                "clues": [
                    {
                        "value": 200,
                        "clue": "Attention, Kmart shoppers: This '70s \"Charlie's Angel\" has her own line of designer jeans",
                        "solution": "What is Jaclyn Smith"
                    },
                    {
                        "value": 400,
                        "clue": "Some of the new Disney Princess bridal gowns were inspired by this 1937 heroine (also an appropriate bridal color)",
                        "solution": "What is Snow White"
                    },
                    {
                        "value": 600,
                        "clue": "Vogue showed a 1978 photo of the Sex Pistols to illustrate this fashion movement (not one of Vogue's favorites)",
                        "solution": "What is punk"
                    },
                    {
                        "value": 800,
                        "clue": "Anne Moore designs chapeaux inspired by & named for this crazed Lewis Carroll character",
                        "solution": "What is the Mad Hatter"
                    },
                    {
                        "value": 1000,
                        "clue": "The shoes known as \"Manolos\" aren't named for Barry Manilow but for this designer",
                        "solution": "What is Manolo Blahnik"
                    }
                ]
            },
            {
                "category": "GIVE \"P\"s A CHANCE",
                "clues": [
                    {
                        "value": 200,
                        "clue": "It can be corporal or capital",
                        "solution": "What is punishment"
                    },
                    {
                        "value": 400,
                        "clue": "By tradition, no pope ever chooses this name",
                        "solution": "What is Peter"
                    },
                    {
                        "value": 600,
                        "clue": "To beat or strike repeatedly, or the skin of a fur-bearing animal",
                        "solution": "What is pelt"
                    },
                    {
                        "value": 800,
                        "clue": "Angola & Mozambique both use this Romance language as an official one",
                        "solution": "What is Portuguese"
                    },
                    {
                        "value": 1000,
                        "clue": "(Kelly of the Clue Crew gives the clue from Carlsbad Caverns National Park, New Mexico.) The fossils in Carlsbad Caverns include sponges, snails & trilobites, all from the Permian period, the tail end of this era whose name means \"ancient life\"",
                        "solution": "What is Paleozoic"
                    }
                ]
            }
        ],
        "double": [
            {
                "category": "1984",
                "clues": [
                    {
                        "value": 400,
                        "clue": "The \"large\" leader in the novel who must be obeyed",
                        "solution": "What is Big Brother"
                    },
                    {
                        "value": 800,
                        "clue": "George Orwell wrote \"1984\" in this year & reportedly rearranged 2 of the digits to give it its title",
                        "solution": "What is 1948"
                    },
                    {
                        "value": 1200,
                        "clue": "These \"police\" are the dreaded enforcement agents of the government in \"1984\"",
                        "solution": "What is the Thought Police"
                    },
                    {
                        "value": 1600,
                        "clue": "This main character of \"1984\" works at the Ministry of Truth",
                        "solution": "What is Winston Smith"
                    },
                    {
                        "value": 2000,
                        "clue": "George Orwell was a pseudonym; his real name was this",
                        "solution": "What is Eric (Arthur) Blair"
                    }
                ]
            },
            {
                "category": "MUSICAL INITIALS",
                "clues": [
                    {
                        "value": 400,
                        "clue": "The 4 members in the band CSNY",
                        "solution": "What is Crosby, Stills, Nash & Young"
                    },
                    {
                        "value": 800,
                        "clue": "This Athens, Georgia band's first single was \"Radio Free Europe\" in 1981",
                        "solution": "What is R.E.M."
                    },
                    {
                        "value": 1200,
                        "clue": "The name of this grunge band with hits like \"Interstate Love Song\" is sometimes shortened to STP",
                        "solution": "What is Stone Temple Pilots"
                    },
                    {
                        "value": 1600,
                        "clue": "Maybe more cowbell will help you remember this band whose acronym is B.O.C.",
                        "solution": "What is Blue Öyster Cult"
                    },
                    {
                        "value": 2000,
                        "clue": "BTO is for this band that's best known for a song whose acronym is \"TCOB\"",
                        "solution": "What is Bachman-Turner Overdrive"
                    }
                ]
            },
            {
                "category": "FOOD & DRINK",
                "clues": [
                    {
                        "value": 400,
                        "clue": "Brioche, popular for continental breakfasts, is a type of this staple",
                        "solution": "What is bread"
                    },
                    {
                        "value": 800,
                        "clue": "Antonin Careme created Charlotte Russe & this sour-creamed meat dish for Czar Alexander I",
                        "solution": "What is beef stroganoff"
                    },
                    {
                        "value": 1200,
                        "clue": "A famous meat sauce is named for this Italian \"sausage\" city",
                        "solution": "What is Bologna"
                    },
                    {
                        "value": 1600,
                        "clue": "In Jewish cooking, potato pancakes, commonly enjoyed during Hanukkah, are known as these",
                        "solution": "What is latkes"
                    },
                    {
                        "value": 2000,
                        "clue": "Creme d'ananas is a liqueur flavored with this fruit",
                        "solution": "What is pineapple"
                    }
                ]
            },
            {
                "category": "MATHEMATICS",
                "clues": [
                    {
                        "value": 400,
                        "clue": "Distance runners know that 42.2 kilometers is closest to this many miles",
                        "solution": "What is 26"
                    },
                    {
                        "value": 800,
                        "clue": "In the equation y=2x+3, 2 & 3 are called constants & the x & y are called this because they can change",
                        "solution": "What is variables"
                    },
                    {
                        "value": 1200,
                        "clue": "Number of inches in half a yard",
                        "solution": "What is 18"
                    },
                    {
                        "value": 1600,
                        "clue": "This angle is larger than an acute angle & smaller than an obtuse one",
                        "solution": "What is a right angle"
                    },
                    {
                        "value": 2000,
                        "clue": "(Sarah of the Clue Crew indicates a monitor.) Unlike an equilateral triangle with 3 equal sides, this type of triangle has 3 sides of different lengths",
                        "solution": "What is a scalene triangle"
                    }
                ]
            },
            {
                "category": "I AM SAM, SAM I AM",
                "clues": [
                    {
                        "value": 400,
                        "clue": "In April 1836 his troops captured Santa Anna, who then recognized Texas' independence",
                        "solution": "What is Sam Houston"
                    },
                    {
                        "value": 800,
                        "clue": "This brewer headed the demonstrations that led to the Boston massacre",
                        "solution": "What is Sam Adams"
                    },
                    {
                        "value": 1200,
                        "clue": "In 1969 this Irishman won the Nobel Prize for literature",
                        "solution": "What is Beckett"
                    },
                    {
                        "value": 1600,
                        "clue": "In 1985 he was Deputy Assistant Attorney General; in 2006 he was an associate justice",
                        "solution": "What is (Samuel) Alito"
                    },
                    {
                        "value": 2000,
                        "clue": "One of his rimes, \"Dejection: An Ode\" ends, \"Thus may'st thou ever, evermore rejoice\"",
                        "solution": "What is Samuel Taylor Coleridge"
                    }
                ]
            },
            {
                "category": "THE L\"ONE\"LIEST NUMBER",
                "clues": [
                    {
                        "value": 400,
                        "clue": "A slot machine",
                        "solution": "What is a one-armed bandit"
                    },
                    {
                        "value": 800,
                        "clue": "Lying face down, or having a tendency",
                        "solution": "What is prone"
                    },
                    {
                        "value": 1200,
                        "clue": "From the Latin for \"burden\", this adjective means troublesome or oppressive",
                        "solution": "What is onerous"
                    },
                    {
                        "value": 1600,
                        "clue": "8-letter word for your tibia",
                        "solution": "What is shinbone"
                    },
                    {
                        "value": 2000,
                        "clue": "Ring, ring—it's the branch of linguistics that deals with the sounds of speech",
                        "solution": "What is phonetics"
                    }
                ]
            }
        ],
        "final": {
            "category": "21st CENTURY OSCAR WINNERS",
            "clue": "She's the only performer to win an Oscar for playing a real-life Oscar winner",
            "solution": "What is Cate Blanchett"
        }
    }
}