{
    "game": {
        "single": [
            {
                "category": "THAT'S HEAVY, MAN",
                "clues": [
                    {
                        "value": 200,
                        "clue": "She's 111'1\" tall heel to head & her copper alone weighs 31 tons",
                        "solution": "What is the Statue of Liberty"
                    },
                    {
                        "value": 400,
                        "clue": "Lolong, a 2,400-pound saltwater one of these reptiles with at least one human death pinned on him, died in 2013",
                        "solution": "What is a crocodile"
                    },
                    {
                        "value": 600,
                        "clue": "A Nimitz-class this type of ship can weigh more than 100,000 tons",
                        "solution": "What is aircraft carrier"
                    },
                    {
                        "value": 800,
                        "clue": "A 4-year restoration plan begun in 2017 stopped this 15.1-ton great hour bell from chiming, save for special occasions",
                        "solution": "What is Big Ben"
                    },
                    {
                        "value": 1000,
                        "clue": "Named for a Civil War general, this World War II tank weighed 33 tons & was powered by a 425-hp engine",
                        "solution": "What is a Sherman tank"
                    }
                ]
            },
            {
                "category": "BODIES OF WATER",
                "clues": [
                    {
                        "value": 200,
                        "clue": "This largest lake in Africa is named for a British queen",
                        "solution": "What is Victoria"
                    },
                    {
                        "value": 400,
                        "clue": "This body of water is centered on the North Pole",
                        "solution": "What is the Arctic Ocean"
                    },
                    {
                        "value": 600,
                        "clue": "Accessible only by ferry, Vashon Island is in this body of water, between Seattle & Tacoma",
                        "solution": "What is Puget Sound"
                    },
                    {
                        "value": 800,
                        "clue": "Catumbo lightning is a phenomenon regularly seen over this huge Venezuelan lake",
                        "solution": "What is Lake Maracaibo"
                    },
                    {
                        "value": 1000,
                        "clue": "Saudi Arabia lies between the Red Sea & this 93,000-square-mile gulf",
                        "solution": "What is the Gulf of Persia (the Persian Gulf)"
                    }
                ]
            },
            {
                "category": "THE MAIN LIQUOR",
                "clues": [
                    {
                        "value": 200,
                        "clue": "In a Highland Fling",
                        "solution": "What is Scotch whiskey"
                    },
                    {
                        "value": 400,
                        "clue": "In a strawberry margarita",
                        "solution": "What is tequila"
                    },
                    {
                        "value": 600,
                        "clue": "In a Gorky Park",
                        "solution": "What is vodka"
                    },
                    {
                        "value": 800,
                        "clue": "In a Planter's Punch",
                        "solution": "What is rum"
                    },
                    {
                        "value": 1000,
                        "clue": "In a Caruso, a confirmed bachelor or a Ramos Fizz",
                        "solution": "What is gin"
                    }
                ]
            },
            {
                "category": "A MESSY CATEGORY",
                "clues": [
                    {
                        "value": 200,
                        "clue": "This newspaper word game with mixed-up letters is also a word meaning a disorderly mixture",
                        "solution": "What is a Jumble"
                    },
                    {
                        "value": 400,
                        "clue": "This \"Peanuts\" character fits the category",
                        "solution": "What is Pig-Pen"
                    },
                    {
                        "value": 600,
                        "clue": "I'd invite you in, but my place is in total this, the primeval formlessness of the ancient Greek cosmos",
                        "solution": "What is chaos"
                    },
                    {
                        "value": 800,
                        "clue": "This 8-letter word for shabby originally described people wearing loose shoes",
                        "solution": "What is slipshod"
                    },
                    {
                        "value": 1000,
                        "clue": "Shambles is an old word for one of these workplaces, a literal scene of carnage",
                        "solution": "What is a slaughter house"
                    }
                ]
            },
            {
                "category": "PLAY TIME IS OVER",
                "clues": [
                    {
                        "value": 200,
                        "clue": "In 1967, killjoys at the NCAA banned this crowd-pleasing basketball shot; they unbanned it in 1976",
                        "solution": "What is a slam dunk"
                    },
                    {
                        "value": 400,
                        "clue": "An MLB rule change eliminated the \"neighborhood play\"; fielders now have to touch this base to record an out there",
                        "solution": "What is second base"
                    },
                    {
                        "value": 600,
                        "clue": "In 1992 the NHL began calling this \"elevated\" penalty above waist level, not just shoulder height",
                        "solution": "What is high sticking"
                    },
                    {
                        "value": 800,
                        "clue": "In college hoops this play used to happen after every basket, but the possession arrow took over decades ago",
                        "solution": "What is a jump ball"
                    },
                    {
                        "value": 1000,
                        "clue": "After the Raiders won a 1978 game on a play called \"The Holy Roller\", the NFL cracked down on offensive advances via these",
                        "solution": "What is fumbles"
                    }
                ]
            },
            {
                "category": "MOBITUARIES WITH MO ROCCA",
                "clues": [
                    {
                        "value": 200,
                        "clue": "(Mo Rocca presents the clue.) I explore these early humans, the archetypal cavemen portrayed as uncivilized & primitive, but who actually exhibited intelligent behavior; and though they've long disappeared, they remain a part of us, showing up today in our DNA tests",
                        "solution": "What is Neanderthals"
                    },
                    {
                        "value": 400,
                        "clue": "(Mo Rocca presents the clue.) Audrey Hepburn suffered hunger & loss as a teen in Nazi-occupied Netherlands & felt a special bond with this girl born in the same year; the girl's diary evoked such painful wartime memories that Hepburn declined to play her on film, even at the request of the girl's father",
                        "solution": "What is Anne Frank"
                    },
                    {
                        "value": 600,
                        "clue": "(Mo Rocca presents the clue.) If places had obituaries, the one for this once powerful territory might have mentioned its spiky hats & its extravagantly mustachioed Kaisers named Wilhelm",
                        "solution": "What is Prussia"
                    },
                    {
                        "value": 800,
                        "clue": "(Mo Rocca presents the clue.) \"He had lived long, did some good and much harm, said one obituary of this \"Common Sense\" pamphleteer who had only a handful of people show up to his funeral in 1809",
                        "solution": "What is Thomas Paine"
                    },
                    {
                        "value": 1000,
                        "clue": "(Mo Rocca presents the clue.) This English dandy with an alliterative name, was an influencer of men's fashion in the 1800s, counting Lord Byron among his fans; today his name is an old-fashioned term for a fashion plate",
                        "solution": "What is Beau Brummell"
                    }
                ]
            }
        ],
        "double": [
            {
                "category": "CITY FILL IN",
                "clues": [
                    {
                        "value": 400,
                        "clue": "____ Rock: It became a symbol of freedom after it split in two in 1774",
                        "solution": "What is Plymouth"
                    },
                    {
                        "value": 800,
                        "clue": "____ Slugger: It's used to hit in the big leagues",
                        "solution": "What is Louisville"
                    },
                    {
                        "value": 1200,
                        "clue": "____ Ward: Since 1872, great deals for those from Chicago & Alabama alike",
                        "solution": "What is Montgomery"
                    },
                    {
                        "value": 1600,
                        "clue": "____ sausage: Oddly, in Austria it's called a frankfurter",
                        "solution": "What is Vienna"
                    },
                    {
                        "value": 2000,
                        "clue": "____ jar: A Dutchman stored electricity in it",
                        "solution": "What is Leyden"
                    }
                ]
            },
            {
                "category": "ASIAN LITERATURE & DRAMA",
                "clues": [
                    {
                        "value": 400,
                        "clue": "The traditional Korean form of drama known as talchum involves singing, dancing & the donning of these",
                        "solution": "What is masks"
                    },
                    {
                        "value": 800,
                        "clue": "1913 Nobel laureate Rabindranath Tagore wrote the words & music to this country's national anthem",
                        "solution": "What is India"
                    },
                    {
                        "value": 1200,
                        "clue": "This acclaimed 1950 multi-perspective film is based on 2 Japanese short stories",
                        "solution": "What is Rashomon"
                    },
                    {
                        "value": 1600,
                        "clue": "A collection of verses first translated into English in the 19th century, \"The Rubaiyat\" is by this Persian poet",
                        "solution": "What is Omar Khayyam"
                    },
                    {
                        "value": 2000,
                        "clue": "Also called \"Lunyu\", this work is a collection of the sayings & teachings of the philosopher Confucius",
                        "solution": "What is the Analects"
                    }
                ]
            },
            {
                "category": "TIME LINES",
                "clues": [
                    {
                        "value": 400,
                        "clue": "In his \"Advice to a Young Tradesman\", he said, \"Remember that time is money\"",
                        "solution": "What is Franklin"
                    },
                    {
                        "value": 800,
                        "clue": "\"The time has come\", this character says, \"to talk of many things: of shoes—and ships—and sealing wax—of cabbages—and kings\"",
                        "solution": "What is the Walrus"
                    },
                    {
                        "value": 1200,
                        "clue": "\"You must remember\" this song that says, \"A kiss is just a kiss, a sigh is just a sigh\"",
                        "solution": "What is \"As Time Goes By\""
                    },
                    {
                        "value": 1600,
                        "clue": "This book of the Bible mentions \"a time to weep, a time to laugh; a time to mourn, and a time to dance\"",
                        "solution": "What is Ecclesiastes"
                    },
                    {
                        "value": 2000,
                        "clue": "At a commencement speech at Stanford in 2005, he said, \"Your time is limited, so don't waste it living someone else's life\"",
                        "solution": "What is Steve Jobs"
                    }
                ]
            },
            {
                "category": "U.N. ANNIVERSARIES",
                "clues": [
                    {
                        "value": 400,
                        "clue": "In 2020 the U.N. celebrated the 75th anniversary of its October 1945 founding in this U.S. West Coast city",
                        "solution": "What is San Francisco"
                    },
                    {
                        "value": 800,
                        "clue": "2019 marked the 100th anniversary of the International Labour Organization, once part of this U.N. predecessor",
                        "solution": "What is the League of Nations"
                    },
                    {
                        "value": 1200,
                        "clue": "The 20th anniversary celebration of the statute creating the ICC, this agency, included a mock trial",
                        "solution": "What is the International Criminal Court"
                    },
                    {
                        "value": 1600,
                        "clue": "2018 marked the 70th anniversary of the U.N.'s first deployment of these blue-helmeted folks, during a 1948 Mideast crisis",
                        "solution": "What is peacekeepers"
                    },
                    {
                        "value": 2000,
                        "clue": "In 2011 the U.N. solemnly marked the 50th anniversary of the death of this beloved Swedish secretary-general in a plane crash",
                        "solution": "What is Dag Hammarskjöld"
                    }
                ]
            },
            {
                "category": "MUSICAL SEQUELS",
                "clues": [
                    {
                        "value": 400,
                        "clue": "The sequel to this Broadway hit was once subtitled \"Miss Hannigan's Revenge\"",
                        "solution": "What is Annie"
                    },
                    {
                        "value": 800,
                        "clue": "In the 1982 musical sequel to this movie, the Rydell High exchange student is from Britain, not Australia",
                        "solution": "What is Grease"
                    },
                    {
                        "value": 1200,
                        "clue": "Zac, Vanessa & the gang spend a summer vacation working at Lava Springs Country Club in 2007's this movie \"2\"",
                        "solution": "What is High School Musical"
                    },
                    {
                        "value": 1600,
                        "clue": "20 years after \"Bye, Bye\" this guy, \"Bring Back\" this guy didn't fare so well, closing after 4 performances",
                        "solution": "What is Birdie"
                    },
                    {
                        "value": 2000,
                        "clue": "\"Of Thee I Sing\" was such a big hit for these brothers, George & Ira, that they came up with \"Let 'Em Eat Cake\" (which bombed)",
                        "solution": "What is the Gershwins"
                    }
                ]
            },
            {
                "category": "ENDS IN \"GH\"",
                "clues": [
                    {
                        "value": 400,
                        "clue": "It's a 12-letter word for a sudden advancement or development, especially in science",
                        "solution": "What is a breakthrough"
                    },
                    {
                        "value": 800,
                        "clue": "A depression in the ocean floor, or what a horse drinks from",
                        "solution": "What is a trough"
                    },
                    {
                        "value": 1600,
                        "clue": "It's a leave of absence in the military, or mandatory unpaid time off for an employee",
                        "solution": "What is a furlough"
                    },
                    {
                        "value": 2000,
                        "clue": "It's a synonym for molt",
                        "solution": "What is slough"
                    }
                ]
            }
        ],
        "final": {
            "category": "19th CENTURY AMERICA",
            "clue": "2-word term for the statement saying U.S. policy is \"to leave the parties to themselves, in the hope... other powers will (do) the same\"",
            "solution": "What is the Monroe Doctrine"
        }
    }
}