{
    "game": {
        "single": [
            {
                "category": "ALICE IN WONDERLAND",
                "clues": [
                    {
                        "value": 100,
                        "clue": "This wormlike creature sits atop a mushroom \"with its arms folded, quietly smoking a long hookah\"",
                        "solution": "What is the Caterpillar"
                    },
                    {
                        "value": 200,
                        "clue": "At the trial of the Knave of Hearts, this group consists of 12 animals, including Bill the Lizard",
                        "solution": "What is the jury"
                    },
                    {
                        "value": 300,
                        "clue": "Tenniel's drawings of this milliner may be of Theophilus Carter, an eccentric inventor who wore a top hat",
                        "solution": "What is the Mad Hatter"
                    },
                    {
                        "value": 400,
                        "clue": "At the Mad Tea Party, this long-eared character offers wine to Alice, even though there isn't any",
                        "solution": "What is the March Hare"
                    },
                    {
                        "value": 500,
                        "clue": "This fabulous monster with an eagle's head & a lion's body takes Alice to see the Mock Turtle",
                        "solution": "What is the Gryphon"
                    }
                ]
            },
            {
                "category": "HISPANIC HOLLYWOOD",
                "clues": [
                    {
                        "value": 100,
                        "clue": "This Cuban-born entertainer was known as Mr. Babalu",
                        "solution": "What is Desi Arnaz"
                    },
                    {
                        "value": 200,
                        "clue": "His most famous roles include a wrathful Khan & a fantastic Roarke",
                        "solution": "What is Ricardo Montalban"
                    },
                    {
                        "value": 300,
                        "clue": "Cesar Romero, Duncan Renaldo & most recently Jimmy Smits played this Hispanic western hero",
                        "solution": "What is the Cisco Kid"
                    },
                    {
                        "value": 400,
                        "clue": "Her resume lists \"Rockford Files\" (Emmy); \"The Ritz\" (Tony); \"West Side Story\" (Oscar); \"The Electric Co.\" album (Grammy)",
                        "solution": "What is Rita Moreno"
                    },
                    {
                        "value": 500,
                        "clue": "She found additional \"Fame\" singing the theme to \"Flashdance\"",
                        "solution": "What is Irene Cara"
                    }
                ]
            },
            {
                "category": "GIFTS",
                "clues": [
                    {
                        "value": 100,
                        "clue": "This saint associated with Christmas gave bags of gold as dowries for poor girls",
                        "solution": "What is St. Nicholas"
                    },
                    {
                        "value": 200,
                        "clue": "Richard Morris Hunt planned the pedestal for this gift from the French people to the Americans",
                        "solution": "What is the Statue of Liberty"
                    },
                    {
                        "value": 300,
                        "clue": "On this Marquis' 1824-25 visit to the U.S., Congress voted him a gift of $200,000 & a tract of land",
                        "solution": "What is Lafayette"
                    },
                    {
                        "value": 400,
                        "clue": "Italy donated 3,700 tons of marble for this D.C. performing arts complex that opened in 1971",
                        "solution": "What is the Kennedy Center"
                    },
                    {
                        "value": 500,
                        "clue": "Blenheim Palace was a public gift to John Churchill, Duke of this",
                        "solution": "What is the Duke of Marlborough"
                    }
                ]
            },
            {
                "category": "HISTORIC AMERICANS",
                "clues": [
                    {
                        "value": 100,
                        "clue": "In 1811 this statesman married his wealthy cousin Floride Bonneau Calhoun",
                        "solution": "What is John C. Calhoun"
                    },
                    {
                        "value": 200,
                        "clue": "This silversmith had 8 children by his first wife Sarah, & 8 more by his second wife, Rachel",
                        "solution": "What is Paul Revere"
                    },
                    {
                        "value": 300,
                        "clue": "This frontier judge was born in Mason County, Kentucky, but his exact birthdate is unknown",
                        "solution": "What is Judge Roy Bean"
                    },
                    {
                        "value": 400,
                        "clue": "This early U.S. president often practiced the violin 3 hours a day",
                        "solution": "What is Jefferson"
                    },
                    {
                        "value": 500,
                        "clue": "Prominent temperance leader Neal Dow was this party's presidential candidate in 1880",
                        "solution": "What is the Prohibition Party"
                    }
                ]
            },
            {
                "category": "COMMON BONDS",
                "clues": [
                    {
                        "value": 100,
                        "clue": "Cherry, orchestra, bottomless",
                        "solution": "What is a pit"
                    },
                    {
                        "value": 200,
                        "clue": "Mud, Eskimo, shepherd's",
                        "solution": "What is pie"
                    },
                    {
                        "value": 300,
                        "clue": "Of Science, of Foxhounds, of ceremonies",
                        "solution": "What is Masters"
                    },
                    {
                        "value": 400,
                        "clue": "Wet, Navajo, security",
                        "solution": "What is blanket"
                    },
                    {
                        "value": 500,
                        "clue": "Picture, van, violation",
                        "solution": "What is moving"
                    }
                ]
            },
            {
                "category": "\"M\" ON THE MAP",
                "clues": [
                    {
                        "value": 100,
                        "clue": "With a population of over 365,000, it's Minnesota's largest city",
                        "solution": "What is Minneapolis"
                    },
                    {
                        "value": 200,
                        "clue": "In 1865 Edward Whymper became the first to reach the top of this Alpine peak",
                        "solution": "What is the Matterhorn"
                    },
                    {
                        "value": 300,
                        "clue": "A certain points, this principality stretches less than one-quarter mile inland from the Mediterranean",
                        "solution": "What is Monaco"
                    },
                    {
                        "value": 400,
                        "clue": "In June 1942 the U.S. won a decisive victory over the Japanese in this air & sea battle",
                        "solution": "What is Midway"
                    },
                    {
                        "value": 500,
                        "clue": "This longest Canadian river flows from the Great Slave Lake to the Beaufort Sea",
                        "solution": "What is the Mackenzie"
                    }
                ]
            }
        ],
        "double": [
            {
                "category": "NOTABLE WOMEN",
                "clues": [
                    {
                        "value": 200,
                        "clue": "On January 1 ceremonies in Philadelphia mark the birthday of this flagmaker",
                        "solution": "What is Betsy Ross"
                    },
                    {
                        "value": 400,
                        "clue": "Though she spent much of her childhood in Arizona, this Supreme Court justice was born in El Paso, Texas",
                        "solution": "What is Sandra Day O'Connor"
                    },
                    {
                        "value": 600,
                        "clue": "She learned the art of making wax figures from her uncle Philippe Curtius",
                        "solution": "What is Madame Tussaud"
                    },
                    {
                        "value": 800,
                        "clue": "In 1912 this famous Titanic survivor presented the captain of the Carpathia with a silver loving cup",
                        "solution": "What is the Unsinkable Molly Brown"
                    },
                    {
                        "value": 1000,
                        "clue": "In the 1940s this wife of a magazine publisher served 2 terms in Congress",
                        "solution": "What is Clare Boothe Luce"
                    }
                ]
            },
            {
                "category": "THE WINE CELLAR",
                "clues": [
                    {
                        "value": 200,
                        "clue": "In 1994 the name of this most famous Italian sparkling wine was shortened to Asti",
                        "solution": "What is Asti Spumante"
                    },
                    {
                        "value": 400,
                        "clue": "More than 75% of this country's wines are produced on the Niagara Peninsula",
                        "solution": "What is Canada"
                    },
                    {
                        "value": 600,
                        "clue": "The \"crusted\" type of this Iberian after-dinner wine has a crust that forms during the aging process",
                        "solution": "What is port"
                    },
                    {
                        "value": 800,
                        "clue": "California is noted for producing the Johannisberg type of this German-style white wine",
                        "solution": "What is Riesling"
                    },
                    {
                        "value": 1000,
                        "clue": "Tokay Eszencia is a rare, expensive type of this country's esteemed Tokay wine",
                        "solution": "What is Hungary"
                    }
                ]
            },
            {
                "category": "OPERA CHARACTERS",
                "clues": [
                    {
                        "value": 200,
                        "clue": "Decades before Rossini, Andre Gretry wrote an opera about this Swiss hero",
                        "solution": "What is William Tell"
                    },
                    {
                        "value": 400,
                        "clue": "Erda the Earth goddess is the mother of the Valkyries in this composer's \"Ring\" cycle",
                        "solution": "What is Wagner"
                    },
                    {
                        "value": 600,
                        "clue": "Verdi & Salieri both wrote operas about this fat, funny Shakespearean character",
                        "solution": "What is Falstaff"
                    },
                    {
                        "value": 800,
                        "clue": "The Goose-Girl is the heroine of this \"Hansel and Gretel\" composer's fairy tale opera \"The Royal Children\"",
                        "solution": "What is Humperdinck"
                    },
                    {
                        "value": 1000,
                        "clue": "This ancient Greek poetess is the heroine of an 1840 opera by Giovanni Pacini",
                        "solution": "What is Sappho"
                    }
                ]
            },
            {
                "category": "SCIENTISTS",
                "clues": [
                    {
                        "value": 200,
                        "clue": "English physicist Ralph Fowler explained the structure of the white dwarf type of this heavenly body",
                        "solution": "What is a star"
                    },
                    {
                        "value": 400,
                        "clue": "He was a world authority on gall wasps before founding his institute for sex research in 1942",
                        "solution": "What is Kinsey"
                    },
                    {
                        "value": 600,
                        "clue": "Hugo de Vries, Gregor Mendel & George Washington Carver are classified as these",
                        "solution": "What is botanists"
                    },
                    {
                        "value": 800,
                        "clue": "This 19th century German mineralogist developed a famous hardness scale",
                        "solution": "What is Mohs"
                    },
                    {
                        "value": 1000,
                        "clue": "The system of mathematical logic devised by George Boole is called Boolean this",
                        "solution": "What is algebra"
                    }
                ]
            },
            {
                "category": "MICHIGAN CITIES",
                "clues": [
                    {
                        "value": 200,
                        "clue": "A top tune in 1942 was \"I've Got a Gal in\" this Michigan city",
                        "solution": "What is Kalamazoo"
                    },
                    {
                        "value": 400,
                        "clue": "When it was chosen as state capital in 1847, only a sawmill & a log house were there",
                        "solution": "What is Lansing"
                    },
                    {
                        "value": 600,
                        "clue": "The home of this Silverdome, or a car to drive there",
                        "solution": "What is Pontiac"
                    },
                    {
                        "value": 800,
                        "clue": "Michigan's busiest port",
                        "solution": "What is Detroit"
                    },
                    {
                        "value": 1000,
                        "clue": "When GM workers struck in this city in 1936 & 1937, the \"sparks\" created got the UAW recognized",
                        "solution": "What is Flint"
                    }
                ]
            },
            {
                "category": "HERALDRY",
                "clues": [
                    {
                        "value": 200,
                        "clue": "The design and position of this knightly headgear denote rank; a peer's is shown in profile",
                        "solution": "What is the helmet"
                    },
                    {
                        "value": 400,
                        "clue": "In England the cadency mark of a second son is this shape associated with rolls and moons",
                        "solution": "What is the crescent"
                    },
                    {
                        "value": 600,
                        "clue": "On Norway's coat of arms, this popular heraldic animal stands rampant, holding an axe in its paws",
                        "solution": "What is a lion"
                    },
                    {
                        "value": 800,
                        "clue": "Vair is the heraldic term of the fur of this arboreal rodent, represented by bell shapes",
                        "solution": "What is a squirrel"
                    },
                    {
                        "value": 1000,
                        "clue": "A rooster is depicted on a Masai shield on this country's coat of arms",
                        "solution": "What is Kenya"
                    }
                ]
            }
        ],
        "final": {
            "category": "BUSINESS & INDUSTRY",
            "clue": "In 1948 this sportswear company was founded in Germany by Adolph Dassler",
            "solution": "What is Adidas"
        }
    }
}