{
    "game": {
        "single": [
            {
                "category": "COME HERE OFTEN?",
                "clues": [
                    {
                        "value": 200,
                        "clue": "In 1998 it became the seventh continent to get an ESPN feed",
                        "solution": "What is Antarctica"
                    },
                    {
                        "value": 400,
                        "clue": "Cry \"Yoo-Hoo!\" in Canada's Yoho National Park from a peak in this range",
                        "solution": "What is the Rockies"
                    },
                    {
                        "value": 600,
                        "clue": "For our final fling, let's head off to Loch Sunart in this famous northern region of Scotland",
                        "solution": "What is the Highlands"
                    },
                    {
                        "value": 800,
                        "clue": "Benbulbin is a peak in this country; you can take a peek at Yeats' grave nearby",
                        "solution": "What is Ireland"
                    },
                    {
                        "value": 1000,
                        "clue": "Hoste is an island in this fiery-sounding archipelago off Chile",
                        "solution": "What is Tierra del Fuego"
                    }
                ]
            },
            {
                "category": "CAN I BUY YOU A DRINK?",
                "clues": [
                    {
                        "value": 200,
                        "clue": "Ingredient in common to a Tequila Sunrise & a Screwdriver",
                        "solution": "What is orange juice"
                    },
                    {
                        "value": 400,
                        "clue": "If you don't have one of these small appliances, you can forget about making frozen Daiquiris",
                        "solution": "What is blender"
                    },
                    {
                        "value": 600,
                        "clue": "2 oz. of white wine & 6 oz. of this & you've got the standard white wine spritzer",
                        "solution": "What is club soda"
                    },
                    {
                        "value": 800,
                        "clue": "Traditionally, before you dip the rim of your Margarita glass in the salt, rub it with this",
                        "solution": "What is lime'lemon juice"
                    },
                    {
                        "value": 1000,
                        "clue": "To make this type of Martini, add a splash of olive juice",
                        "solution": "What is Dirty Martini"
                    }
                ]
            },
            {
                "category": "DO I KNOW YOU FROM SOMEWHERE?",
                "clues": [
                    {
                        "value": 200,
                        "clue": "This poet died in Dumfries, Scotland in 1796, just aged 37",
                        "solution": "What is Robert Burns"
                    },
                    {
                        "value": 400,
                        "clue": "Also known as Abu Mazen or \"Father of Mazen\", he became Palestinian prime minister in 2003 but later resigned",
                        "solution": "What is Mahmoud Abbas"
                    },
                    {
                        "value": 600,
                        "clue": "In 1984, with a thousand bucks & a dream, he founded the computer company named for himself",
                        "solution": "What is Michael Dell"
                    },
                    {
                        "value": 800,
                        "clue": "Born in France in 1596, he was a law student & soldier before becoming the father of modern philosophy",
                        "solution": "What is Rene Descartes"
                    },
                    {
                        "value": 1000,
                        "clue": "A socialite whose name is still on magazines, he published Mademoisellle & Glamour starting in the 1930s",
                        "solution": "What is Conde Nast"
                    }
                ]
            },
            {
                "category": "WHAT'S YOUR SINE?",
                "clues": [
                    {
                        "value": 200,
                        "clue": "Trigonometry is from Greek words for this shape & \"measure\"",
                        "solution": "What is triangle"
                    },
                    {
                        "value": 400,
                        "clue": "Using trig with the periodic movements of the sun & moon, the times of high & low these can be determined",
                        "solution": "What is tides"
                    },
                    {
                        "value": 600,
                        "clue": "Trig comes out of the geometry rules spelled out by this Greek around 300 B.C.",
                        "solution": "What is Euclid"
                    },
                    {
                        "value": 800,
                        "clue": "Trig comes into play in figuring out distances between points on one of these math shapes, like the Earth",
                        "solution": "What is sphere"
                    }
                ]
            },
            {
                "category": "WOULD YOU LIKE TO BE IN THE MOVIES?",
                "clues": [
                    {
                        "value": 200,
                        "clue": "First brought to the big screen by D.W. Griffith in 1909, this hugely popular star was once known as \"Little Mary\"",
                        "solution": "What is Mary Pickford"
                    },
                    {
                        "value": 400,
                        "clue": "Born in South Africa, this female star of \"The Italian Job\" was discovered in line at a Hollywood bank",
                        "solution": "What is Charlize Theron"
                    },
                    {
                        "value": 600,
                        "clue": "Sophia Loren was a struggling teenage model when she met this future husband & beauty contest judge",
                        "solution": "What is Carlo Ponti"
                    },
                    {
                        "value": 800,
                        "clue": "Jack Nicholson discovered this Arkansas native & 2 years later she won an Oscar for \"Melvin and Howard\"",
                        "solution": "What is Mary Steenburgen"
                    },
                    {
                        "value": 1000,
                        "clue": "She was discovered while performing at the 1940 Aquacade in San Francisco",
                        "solution": "What is Esther Williams"
                    }
                ]
            },
            {
                "category": "ARE YOU GIVING ME A LINE?",
                "clues": [
                    {
                        "value": 200,
                        "clue": "Running down the coast of California is a big one of these — the San Andreas",
                        "solution": "What is fault line"
                    },
                    {
                        "value": 400,
                        "clue": "Until the early '70s, this Moscow-Washington link had no speech facilities — it was a teletype",
                        "solution": "What is the Hot Line"
                    },
                    {
                        "value": 600,
                        "clue": "\"Scabs\" cross them",
                        "solution": "What is picket lines"
                    },
                    {
                        "value": 800,
                        "clue": "It's 60 feet from the head pin on an alley",
                        "solution": "What is the foul line (in bowling)"
                    },
                    {
                        "value": 1000,
                        "clue": "In 1957 this chain of about 60 radar sites along the 70th Parallel went into operation",
                        "solution": "What is Distant Early Warning (DEW) Line"
                    }
                ]
            }
        ],
        "double": [
            {
                "category": "OCEANOGRAPHY",
                "clues": [
                    {
                        "value": 400,
                        "clue": "This 6-foot unit is used mainly in terms of marine depth, & gave its name to a \"meter\" that measures depth",
                        "solution": "What is fathom"
                    },
                    {
                        "value": 800,
                        "clue": "The part of the ocean from about 300 to 3,000' feet down is called the thermocline, since this happens as you go deeper",
                        "solution": "What is it gets colder"
                    },
                    {
                        "value": 1200,
                        "clue": "For scientists, not surfers, 1978's Seasat satellite used radar to measure the heights of these",
                        "solution": "What is waves"
                    },
                    {
                        "value": 1600,
                        "clue": "In 1919 the French tested one of these devices that measure the depth of the ocean (ocean ocean ocean)",
                        "solution": "What is SONAR (or echosounders)"
                    }
                ]
            },
            {
                "category": "\"WILD\" ABOUT ENTERTAINMENT",
                "clues": [
                    {
                        "value": 400,
                        "clue": "From 1963 to 1985, this TV show was hosted by Marlin Perkins",
                        "solution": "What is Wild Kingdom"
                    },
                    {
                        "value": 1200,
                        "clue": "A popular children's book, this Maurice Sendak story was turned into an opera in 1980",
                        "solution": "What is Where the Wild Things Are"
                    },
                    {
                        "value": 1600,
                        "clue": "Clark Gable starred in the 1935 big screen version of this Jack London adventure tale",
                        "solution": "What is Call of the Wild"
                    },
                    {
                        "value": 2000,
                        "clue": "Even though it was in Swedish, Ingmar Bergman was nominated for an Oscar for writing this 1950s film",
                        "solution": "What is Wild Strawberries"
                    }
                ]
            },
            {
                "category": "MR. & MYTH",
                "clues": [
                    {
                        "value": 400,
                        "clue": "Hephaestus became lame after his mother Hera or his father Zeus, we're not sure which, dropped him off this mountain",
                        "solution": "What is Mount Olympus"
                    },
                    {
                        "value": 800,
                        "clue": "When Zeus flooded the world, Deucalion built one of these; hmmmm, that story sounds familiar",
                        "solution": "What is an ark"
                    },
                    {
                        "value": 1200,
                        "clue": "He was called the second-bravest Trojan (Hector was first); Virgil wrote the book on him",
                        "solution": "What is Aeneas"
                    },
                    {
                        "value": 1600,
                        "clue": "Iolaos cauterized the places where this hero cut the heads off the Hydra & stopped them from growing back",
                        "solution": "What is Hercules"
                    },
                    {
                        "value": 2000,
                        "clue": "While king of this city, Eteocles was killed by one of the seven against it",
                        "solution": "What is Thebes"
                    }
                ]
            },
            {
                "category": "TECH TV",
                "clues": [
                    {
                        "value": 400,
                        "clue": "One gadget on Tech TV's \"Fresh Gear\" was the Roomba, a robot version of this cleaning device",
                        "solution": "What is vacuum"
                    },
                    {
                        "value": 1200,
                        "clue": "A \"Cybercrime\" episode showed how students at Washington's Highline High used computers to change these",
                        "solution": "What is grades"
                    },
                    {
                        "value": 1600,
                        "clue": "It's the workhorse fighter plane profiled here in \"Future Fighting Machines\"",
                        "solution": "What is F-15 (the Eagle)"
                    },
                    {
                        "value": 2000,
                        "clue": "In 2003 Tech TV took a \"First Look\" at the new fee-charging version of this music service",
                        "solution": "What is Napster"
                    }
                ]
            },
            {
                "category": "NAVAL BATTLES",
                "clues": [
                    {
                        "value": 400,
                        "clue": "On March 9, 1862 these 2 ironclads fought for 4 hours with neither ship receiving much damage",
                        "solution": "What is the Monitor & the Merrimac"
                    },
                    {
                        "value": 800,
                        "clue": "In this 1805 battle Lord Nelson split Admiral Villeneuve's fleet in half & then proceeded to destroy each half",
                        "solution": "What is Trafalgar"
                    },
                    {
                        "value": 1200,
                        "clue": "In a 1588 battle this fleet commanded by Medina Sidonia lost 63 ships due to high winds & the British navy",
                        "solution": "What is the Spanish Armada"
                    },
                    {
                        "value": 1600,
                        "clue": "The 1st extensively recorded naval battle was in 480 B.C. at Salamis where this Greek city-state beat the Persians",
                        "solution": "What is Athens"
                    },
                    {
                        "value": 2000,
                        "clue": "The U.S. lost the destroyer Hammann & the aircraft carrier Yorktown in this June 1942 battle in the north Pacific",
                        "solution": "What is Midway"
                    }
                ]
            },
            {
                "category": "FIRST NAME'S THE SAME",
                "clues": [
                    {
                        "value": 400,
                        "clue": "Morrison, Cliburn, Heflin",
                        "solution": "What is Van"
                    },
                    {
                        "value": 800,
                        "clue": "Costello, Stojko, Grbac",
                        "solution": "What is Elvis"
                    },
                    {
                        "value": 1200,
                        "clue": "Bradley, Epps, Khayyam",
                        "solution": "What is Omar"
                    },
                    {
                        "value": 1600,
                        "clue": "Walker, Bernardi, Johnson",
                        "solution": "What is Herschel"
                    },
                    {
                        "value": 2000,
                        "clue": "Horowitz, Nabokov, Zworykin",
                        "solution": "What is Vladimir"
                    }
                ]
            }
        ],
        "final": {
            "category": "INVENTIONS",
            "clue": "On April 25, 1792 Nicolas-Jacques Pelletier became the first person in history to have a bad encounter with this",
            "solution": "What is the guillotine"
        }
    }
}