{
    "game": {
        "single": [
            {
                "category": "BRIGHT LIGHTS, BIG CITY",
                "clues": [
                    {
                        "value": 200,
                        "clue": "This city is the brightest area along the East Coast",
                        "solution": "What is New York"
                    },
                    {
                        "value": 400,
                        "clue": "You can see the shore of this Asian capital's bay has orange sodium lamps, while the city uses green mercury lamps",
                        "solution": "What is Tokyo"
                    },
                    {
                        "value": 600,
                        "clue": "This Great Lakes city has 3 million people, but the surrounding suburbs increase the population to almost 10 million",
                        "solution": "What is Chicago"
                    },
                    {
                        "value": 800,
                        "clue": "The amazing variety of light colors must belong to this U.S. desert city",
                        "solution": "What is Las Vegas"
                    },
                    {
                        "value": 1000,
                        "clue": "This Capital gleams on the southern shore of the Rio de la Plata",
                        "solution": "What is Buenos Aires"
                    }
                ]
            },
            {
                "category": "2010 EMMY WINNERS",
                "clues": [
                    {
                        "value": 200,
                        "clue": "He outwitted, outplayed & outlasted Heidi Klum, among others, to take Best Reality Show Host",
                        "solution": "What is Jeff Probst"
                    },
                    {
                        "value": 400,
                        "clue": "We know you're all over Outstanding Sound Editing... this Fox drama's \"4:00 am - 5:00 am\" episode won; Beep! boop! Beep! boop!",
                        "solution": "What is 24"
                    },
                    {
                        "value": 600,
                        "clue": "Jim Parsons enjoys Klingon Boggle as physicist Sheldon Cooper on this CBS sitcom; he also enjoys his new Emmy",
                        "solution": "What is The Big Bang Theory"
                    },
                    {
                        "value": 800,
                        "clue": "Know what Emmy voters like? Meth & murder! OK, not really, but they loved Aaron Paul as Jesse Pinkman on this AMC show",
                        "solution": "What is Breaking Bad"
                    },
                    {
                        "value": 1000,
                        "clue": "Claire Danes won for playing the title role in this HBO movie; Julia Ormond won for playing her mother",
                        "solution": "What is Temple Grandin"
                    }
                ]
            },
            {
                "category": "ORGANIZATIONS",
                "clues": [
                    {
                        "value": 200,
                        "clue": "This \"Union\" was formed in 1920 because the Supreme Court wasn't upholding free speech claims",
                        "solution": "What is the ACLU"
                    },
                    {
                        "value": 400,
                        "clue": "(Former President Bill Clinton presents the clue.) My work with the first President Bush helps groups that create & carry out their own projects; a 2005 effort focused on the U.S. Gulf Coast in the wake of these 2 hurricanes",
                        "solution": "What is Katrina & Rita"
                    },
                    {
                        "value": 600,
                        "clue": "Started in 1961 to stop human rights abuses around the globe, this organization lit its first candle the same year",
                        "solution": "What is Amnesty International"
                    },
                    {
                        "value": 800,
                        "clue": "This service \"Club\" has a 4-way test of things they think, say & do, including \"Will it be beneficial to all concerned?\"",
                        "solution": "What is the Rotary Club"
                    },
                    {
                        "value": 1000,
                        "clue": "Julian Bond was the first president of this \"Law Center\" that works for civil rights & tolerance education",
                        "solution": "What is the Southern Poverty Law Center"
                    }
                ]
            },
            {
                "category": "MISSING BODY PARTS",
                "clues": [
                    {
                        "value": 200,
                        "clue": "A sharp plunge: ____ dive",
                        "solution": "What is nose"
                    },
                    {
                        "value": 400,
                        "clue": "The result of a boxer's injuries: cauliflower ____",
                        "solution": "What is ear"
                    },
                    {
                        "value": 600,
                        "clue": "Alert watchfulness: eagle ____",
                        "solution": "What is eye"
                    },
                    {
                        "value": 800,
                        "clue": "These were part of the \"Flashdance\" look in the '80s: ____ warmers",
                        "solution": "What is leg"
                    },
                    {
                        "value": 1000,
                        "clue": "The Beatles wore them: ____ boots",
                        "solution": "What is ankle"
                    }
                ]
            },
            {
                "category": "DWIGHT EISENHOWER",
                "clues": [
                    {
                        "value": 200,
                        "clue": "After taking office, Eisenhower ended hostilities in this conflict by agreeing to a ceasefire",
                        "solution": "What is the Korean War"
                    },
                    {
                        "value": 400,
                        "clue": "In 1916 Eisenhower married this woman, whom her father called \"Puddy\"",
                        "solution": "What is Mamie Eisenhower"
                    },
                    {
                        "value": 600,
                        "clue": "It was the highest military rank Eisenhower achieved before resigning so he could run for the presidency",
                        "solution": "What is 5-star general"
                    },
                    {
                        "value": 800,
                        "clue": "Eisenhower died in this year, the same year his vice president took up residence in the White House",
                        "solution": "What is 1969"
                    },
                    {
                        "value": 1000,
                        "clue": "From 1971 to 1978 Eisenhower's image graced the front of this U.S. coin",
                        "solution": "What is the dollar"
                    }
                ]
            },
            {
                "category": "I LIKE \"IKE\"",
                "clues": [
                    {
                        "value": 200,
                        "clue": "Myers, Ditka, or Wallace",
                        "solution": "What is Mike"
                    },
                    {
                        "value": 400,
                        "clue": "A proverb says that powerful cerebrums \"think...\" this way",
                        "solution": "What is alike"
                    },
                    {
                        "value": 600,
                        "clue": "A sudden variation in voltage or current",
                        "solution": "What is a spike"
                    },
                    {
                        "value": 800,
                        "clue": "Long-snouted freshwater swimmer of the family Esocidae",
                        "solution": "What is (northern) pike"
                    },
                    {
                        "value": 1000,
                        "clue": "To form coins by stamping metal",
                        "solution": "What is strike"
                    }
                ]
            }
        ],
        "double": [
            {
                "category": "ISLAMIC CULTURE",
                "clues": [
                    {
                        "value": 400,
                        "clue": "(Jimmy of the Clue Crew presents the clue from Jerusalem's Mayer Museum in Israel.) This chess set was made around the year 1000 in this present-day country; their king was called \"shah\" & the end of the game was \"shah mat\", our checkmate",
                        "solution": "What is Iran"
                    },
                    {
                        "value": 800,
                        "clue": "The spiritual center of Tunisia is Kairouan, \"The City of 50\" of these religious buildings",
                        "solution": "What is mosques"
                    },
                    {
                        "value": 1200,
                        "clue": "(Sarah of the Clue Crew presents the clue from the Mayer Museum in Israel.) Astronomy was just one area in which the Islamic world made great strides with devices like these navigational instruments with the same root as the word \"astronomy\"",
                        "solution": "What is the astrolabe"
                    },
                    {
                        "value": 1600,
                        "clue": "Ta'ziyah, Muslim passion plays, tend to show the martyrdom of members of this minority branch of Islam",
                        "solution": "What is Shia"
                    },
                    {
                        "value": 2000,
                        "clue": "A qibla indicator shows where to face when praying: toward Mecca & specifically, toward this holy structure",
                        "solution": "What is the Kaaba"
                    }
                ]
            },
            {
                "category": "NBA LOGOS",
                "clues": [
                    {
                        "value": 400,
                        "clue": "Lucky, who wears a vest, bow tie & bowler hat with shamrocks on them",
                        "solution": "What is the Celtics"
                    },
                    {
                        "value": 800,
                        "clue": "A flaming red basketball going through a white hoop",
                        "solution": "What is the (Miami) Heat"
                    },
                    {
                        "value": 1200,
                        "clue": "A shield with a horse's head & a single star",
                        "solution": "What is the (Dallas) Mavericks"
                    },
                    {
                        "value": 1600,
                        "clue": "A sword goes through the \"C\" in the team's name",
                        "solution": "What is the (Cleveland) Cavaliers"
                    },
                    {
                        "value": 2000,
                        "clue": "The letter \"W\" forms the body of a man in blue wearing a pointy hat",
                        "solution": "What is the (Washington) Wizards"
                    }
                ]
            },
            {
                "category": "BRITISH POETS",
                "clues": [
                    {
                        "value": 400,
                        "clue": "In May 2009 Carol Ann Duffy became the first woman in history appointed to this U.K. post",
                        "solution": "What is Poet Laureate"
                    },
                    {
                        "value": 800,
                        "clue": "In his \"Essay on Man\", he wrote, \"Know then thy self presume not God to scan, the proper study of mankind is man\"",
                        "solution": "What is Alexander Pope"
                    },
                    {
                        "value": 1200,
                        "clue": "He wrote a 1671 poem about the biblical Samson, who like him suffered blindess",
                        "solution": "What is John Milton"
                    },
                    {
                        "value": 1600,
                        "clue": "In early 1956 he met Sylvia Plath at a launch party for his literary magazine St. Botolph's Review",
                        "solution": "What is Ted Hughes"
                    },
                    {
                        "value": 2000,
                        "clue": "The famous \"Death be not proud\" line is from this man's \"Holy Sonnets\"",
                        "solution": "What is John Donne"
                    }
                ]
            },
            {
                "category": "\"S\"MORGASBORD",
                "clues": [
                    {
                        "value": 400,
                        "clue": "If you're having albondigas in a Mexican restaurant, you're eating meatball this",
                        "solution": "What is soup"
                    },
                    {
                        "value": 800,
                        "clue": "Sometimes confused with a sea creature, they're also called green onions",
                        "solution": "What is scallions"
                    },
                    {
                        "value": 1200,
                        "clue": "There's a pineapple type of this herb whose name also means wise",
                        "solution": "What is sage"
                    },
                    {
                        "value": 1600,
                        "clue": "This quick bread takes its name from the Stone of Destiny",
                        "solution": "What is scones"
                    },
                    {
                        "value": 2000,
                        "clue": "This Italian dish that contains slices of veal & prosciutto sounds like a Cirque du Soleil show",
                        "solution": "What is saltimbocca"
                    }
                ]
            },
            {
                "category": "WHAT A GODDESS",
                "clues": [
                    {
                        "value": 400,
                        "clue": "Associated with Juno, she's Zeus' sister-wife",
                        "solution": "What is Hera"
                    },
                    {
                        "value": 800,
                        "clue": "Hesiod mentioned the names of these 9 sister goddesses, patrons of particular arts & sciences",
                        "solution": "What is the Muses"
                    },
                    {
                        "value": 1200,
                        "clue": "This Greek goddess of war & handicraft changed Arachne into a spider after a weaving contest between them",
                        "solution": "What is Athena"
                    },
                    {
                        "value": 1600,
                        "clue": "You think your family is unusual? This Greek goddess of victory was the daughter of Pallas (a Titan) & Styx (a river in Hades)",
                        "solution": "What is Nike"
                    },
                    {
                        "value": 2000,
                        "clue": "The name of this Greek goddess means \"foam born\", which some stories say she was",
                        "solution": "What is Aphrodite"
                    }
                ]
            },
            {
                "category": "ROMAN NUMERAL WORDS",
                "clues": [
                    {
                        "value": 400,
                        "clue": "To combine, perhaps for movie cowboy Tom",
                        "solution": "What is mix"
                    },
                    {
                        "value": 800,
                        "clue": "It can follow \"wind\" or \"pepper\"",
                        "solution": "What is mill"
                    },
                    {
                        "value": 1200,
                        "clue": "To imitate",
                        "solution": "What is mimic"
                    },
                    {
                        "value": 1600,
                        "clue": "Full of life, or when talking about color, strikingly intense",
                        "solution": "What is vivid"
                    },
                    {
                        "value": 2000,
                        "clue": "Furious",
                        "solution": "What is livid"
                    }
                ]
            }
        ],
        "final": {
            "category": "PAINTINGS",
            "clue": "The alternate name of this 16th century Italian painting also means \"cheerful\"",
            "solution": "What is the Mona Lisa"
        }
    }
}