{
    "game": {
        "single": [
            {
                "category": "19th CENTURY SCIENCE",
                "clues": [
                    {
                        "value": 200,
                        "clue": "Julius von Sachs found that starch was a product of this process in green plants",
                        "solution": "What is photosynthesis"
                    },
                    {
                        "value": 400,
                        "clue": "The name of this 1877 invention is from the Greek for \"sound writing\"",
                        "solution": "What is phonograph"
                    },
                    {
                        "value": 600,
                        "clue": "Using a piece of Iceland spar, a French physicist polarized this in 1808",
                        "solution": "What is light"
                    },
                    {
                        "value": 800,
                        "clue": "In 1848 he set absolute zero at -273 degrees C.; it was found later that it is actually -273.16 degrees",
                        "solution": "What is Lord Kelvin"
                    },
                    {
                        "value": 1000,
                        "clue": "In 1815 William Prout hypothesized that this was the fundamental atom & all other atoms were made of it",
                        "solution": "What is hydrogen"
                    }
                ]
            },
            {
                "category": "NFL RULES",
                "clues": [
                    {
                        "value": 200,
                        "clue": "(Hi, I'm Brian Mitchell.) A punt returner who waves his hand over his head isn't swatting for flies, he's signaling for this",
                        "solution": "What is a fair catch"
                    },
                    {
                        "value": 400,
                        "clue": "(I'm Dan Fouts, Hall of Famer.) As it should be, there's an automatic 15-yard penalty for roughing the kicker or this person",
                        "solution": "What is the quarterback"
                    },
                    {
                        "value": 600,
                        "clue": "(Hi, I'm Keyshawn Johnson.) This infraction includes but is not limited to hooking the receiver, grabbing my arm, etc.",
                        "solution": "What is pass interference"
                    },
                    {
                        "value": 800,
                        "clue": "(Hi, I'm Hall of Famer Dan Hampton.) Also a hockey penalty, it's called for using the hands illegally — hey, it was the only way to stop me",
                        "solution": "What is holding"
                    },
                    {
                        "value": 1000,
                        "clue": "(Hi, I'm Joey Galloway.) Only one player at a time may do this, run parallel to the line to confuse the defense",
                        "solution": "What is go in motion"
                    }
                ]
            },
            {
                "category": "COUNTRIES BY CITY",
                "clues": [
                    {
                        "value": 200,
                        "clue": "Bremen, Kiel, Worms",
                        "solution": "What is Germany"
                    },
                    {
                        "value": 400,
                        "clue": "Chandigarh, Jaipur, Amritsar",
                        "solution": "What is India"
                    },
                    {
                        "value": 600,
                        "clue": "Recife, Sao Goncalo, Itapipoca",
                        "solution": "What is Brazil"
                    },
                    {
                        "value": 800,
                        "clue": "Toowoomba, Wagga Wagga, Adelaide",
                        "solution": "What is Australia"
                    },
                    {
                        "value": 1000,
                        "clue": "Jagersfontein, Krugersdorp, Ladysmith",
                        "solution": "What is South Africa"
                    }
                ]
            },
            {
                "category": "GOPHER THE GUSTO",
                "clues": [
                    {
                        "value": 200,
                        "clue": "Genesis 6 says it was made out of gopher wood & was 300 cubits long",
                        "solution": "What is the ark"
                    },
                    {
                        "value": 400,
                        "clue": "Bill Murray fights troublesome golf course gophers in this comedy classic",
                        "solution": "What is Caddyshack"
                    },
                    {
                        "value": 600,
                        "clue": "It's where the small rodent known as a pocket gopher has its pockets",
                        "solution": "What is its cheeks"
                    },
                    {
                        "value": 800,
                        "clue": "Gopher is a document delivery system to retrieve information from this system that dates back to the 1960s",
                        "solution": "What is the Internet"
                    },
                    {
                        "value": 1000,
                        "clue": "Sinclair Lewis' \"Main Street\" takes place in Gopher Prairie in this state",
                        "solution": "What is Minnesota"
                    }
                ]
            },
            {
                "category": "HALLS OF FAME",
                "clues": [
                    {
                        "value": 200,
                        "clue": "Next time you're in St. Charles, Ill. check out the hall of fame for packers of these products like gherkins & dills",
                        "solution": "What is pickles"
                    },
                    {
                        "value": 400,
                        "clue": "Connoisseurs of immortality will want to visit the Southern Pines, N.C. hall of fame for this art of stuffing animals",
                        "solution": "What is taxidermy"
                    },
                    {
                        "value": 600,
                        "clue": "The first group of inductees into this sport's hall of fame included Georges Vezina",
                        "solution": "What is hockey"
                    },
                    {
                        "value": 800,
                        "clue": "Blaze a trail to the Hall of Great Westerners & you'll find this Oklahoma trader for whom a trail is named",
                        "solution": "What is Chisholm"
                    },
                    {
                        "value": 1000,
                        "clue": "The National Aviation Hall of Fame celebrated 100 years of flight & appropriately, is located in this Ohio city",
                        "solution": "What is Dayton"
                    }
                ]
            },
            {
                "category": "DOUBLE LETTERS",
                "clues": [
                    {
                        "value": 200,
                        "clue": "The baby, or joey, of the red of grey type of this marsupial may spend up to 8 months in its mother's pouch",
                        "solution": "What is kangaroo"
                    },
                    {
                        "value": 400,
                        "clue": "If you live in L.A., you've most likely seen one of these wide-bodied military vehicles driven by the well-to-do",
                        "solution": "What is Hummer"
                    },
                    {
                        "value": 600,
                        "clue": "3 years older than his brother Moses, he was Israel's first high priest",
                        "solution": "What is Aaron"
                    },
                    {
                        "value": 800,
                        "clue": "It was the last name of the 3 billy goats who crossed over the \"troll\" bridge",
                        "solution": "What is Gruff"
                    },
                    {
                        "value": 1000,
                        "clue": "Latin phrase meaning sung without instrumental accompaniment",
                        "solution": "What is a cappella"
                    }
                ]
            }
        ],
        "double": [
            {
                "category": "YALE",
                "clues": [
                    {
                        "value": 400,
                        "clue": "(Sofia of the Clue Crew reports from Yale University.) Boy, the way he played when he led his band in concert from Woolsey Hall during the Second World War",
                        "solution": "What is Glenn Miller"
                    },
                    {
                        "value": 800,
                        "clue": "Many of the fossils at the Peabody Museum were found by O.C. Marsh, the USA's first professor of this",
                        "solution": "What is paleontology"
                    },
                    {
                        "value": 1200,
                        "clue": "(Jimmy of the Clue Crew reports from Yale.) Yale's oldest building, Connecticut Hall, was the dorm of this 1773 graduate, who had just 3 years to live",
                        "solution": "What is Nathan Hale"
                    },
                    {
                        "value": 1600,
                        "clue": "Yale tended the body by starting a med school in 1810, then turned to the soul by setting up this school in 1822",
                        "solution": "What is school of divinity"
                    },
                    {
                        "value": 2000,
                        "clue": "(Sofia of the Clue Crew reports from Yale.) Harvard was the opposition when this New Haven football facility opened November 21, 1914",
                        "solution": "What is the Yale Bowl"
                    }
                ]
            },
            {
                "category": "SINGING ACTORS",
                "clues": [
                    {
                        "value": 800,
                        "clue": "This \"Sex and the City\" actress starred in a 1996 revival of the Broadway musical \"Once Upon a Mattress\"",
                        "solution": "What is Sarah Jessica Parker"
                    },
                    {
                        "value": 1200,
                        "clue": "It's worth renting \"Heartburn\" just to hear this actor sing the \"Soliloquy\" from \"Carousel\"",
                        "solution": "What is Jack Nicholson"
                    },
                    {
                        "value": 1600,
                        "clue": "Joey Lawrence was on this hit sitcom in 1993 when he had a Top 20 hit with \"Nothin' My Love Can't Fix\"",
                        "solution": "What is Blossom"
                    },
                    {
                        "value": 2000,
                        "clue": "Nicole Kidman teamed up with British pop star Robbie Williams on a 2001 version of this Frank & Nancy Sinatra duet",
                        "solution": "What is \"Something Stupid\""
                    }
                ]
            },
            {
                "category": "BOOK TITLES",
                "clues": [
                    {
                        "value": 400,
                        "clue": "Riffing on a Ashton Kutcher film, it's the title of a Michael Moore bestseller",
                        "solution": "What is Dude, Where's My Country?"
                    },
                    {
                        "value": 800,
                        "clue": "A biography of the \"Last Child of Camelot\" is titled this, like a Neil Diamond song",
                        "solution": "What is Sweet Caroline"
                    },
                    {
                        "value": 1200,
                        "clue": "Oliver & Barbara Rose fight in the movie \"War of the Roses\"; Brian & Erica Tate battle in this novel",
                        "solution": "What is The War Between the Tates"
                    },
                    {
                        "value": 1600,
                        "clue": "It's the appropriate 3-word title of a 1993 biography of Hunter S. Thompson",
                        "solution": "What is Fear and Loathing"
                    },
                    {
                        "value": 2000,
                        "clue": "After circling the globe between June 23 & July 1, 1931, aviator Wiley Post published a book called this",
                        "solution": "What is Around the World in Eight Days"
                    }
                ]
            },
            {
                "category": "\"TRIX\" OF THE TRADE",
                "clues": [
                    {
                        "value": 400,
                        "clue": "A woman pilot",
                        "solution": "What is aviatrix"
                    },
                    {
                        "value": 800,
                        "clue": "Bossy bondage babe",
                        "solution": "What is dominatrix"
                    },
                    {
                        "value": 1200,
                        "clue": "Ms. Potter, the author",
                        "solution": "What is Beatrix"
                    },
                    {
                        "value": 1600,
                        "clue": "A female lawmaker",
                        "solution": "What is legislatrix"
                    },
                    {
                        "value": 2000,
                        "clue": "Morpheus knows it's an array of rows & columns",
                        "solution": "What is matrix"
                    }
                ]
            },
            {
                "category": "I'M GONNA MARRY HENRY VIII!",
                "clues": [
                    {
                        "value": 400,
                        "clue": "Henry VIII's longest-lasting marriage, over 20 years, was to this lady of Spain",
                        "solution": "What is Catherine of Aragon"
                    },
                    {
                        "value": 800,
                        "clue": "Henry VIII found Anne of this German place so unattractive that he obtained a divorce after only 6 months",
                        "solution": "What is Cleves"
                    },
                    {
                        "value": 1200,
                        "clue": "Sharing her name with an actress, this mother of Edward VI is buried with Henry in St. George's Chapel in Windsor",
                        "solution": "What is Jane Seymour"
                    },
                    {
                        "value": 1600,
                        "clue": "Henry VIII had this next-to-last wife beheaded on Tower Green when he learned she'd been involved with several men",
                        "solution": "What is Catherine Howard"
                    }
                ]
            },
            {
                "category": "BE AFRAID...BE VERY AFRAID",
                "clues": [
                    {
                        "value": 400,
                        "clue": "In \"Let It Snow\", \"The weather outside is\" this",
                        "solution": "What is frightful"
                    },
                    {
                        "value": 800,
                        "clue": "This on your shoulders wouldn't make you happy if you're heliophobic",
                        "solution": "What is sunshine"
                    },
                    {
                        "value": 1200,
                        "clue": "Someone could scare these out of a 1987 James Bond film",
                        "solution": "What is The Living Daylights"
                    },
                    {
                        "value": 1600,
                        "clue": "Afraid of the crossword clue \"Wonka, Loman & Mays\"? Then you've got these",
                        "solution": "What is the Willies"
                    },
                    {
                        "value": 2000,
                        "clue": "Knowing that this is Casper's ghost horse may cause you to lose some sleep",
                        "solution": "What is Nightmare"
                    }
                ]
            }
        ],
        "final": {
            "category": "GEOGRAPHIC PHRASES",
            "clue": "Mythological name sometimes given to Mount Acha & Gibraltar",
            "solution": "What is the Pillars of Hercules"
        }
    }
}