{
    "game": {
        "single": [
            {
                "category": "BASKETS OF ADORABLES",
                "clues": [
                    {
                        "value": 200,
                        "clue": "This 8-letter baby isn't ugly in the least",
                        "solution": "What is duckling"
                    },
                    {
                        "value": 400,
                        "clue": "Here's a not-so-giant panda at a giant panda base in this country",
                        "solution": "What is China"
                    },
                    {
                        "value": 600,
                        "clue": "A wildlife rescue center in France is a bon place for a basket of these",
                        "solution": "What is hedgehogs"
                    },
                    {
                        "value": 1000,
                        "clue": "Despite the name, a cat with this color pattern is not a member of the turtle family",
                        "solution": "What is tortoiseshell"
                    }
                ]
            },
            {
                "category": "CELEBRITY SIBLING SURNAMES",
                "clues": [
                    {
                        "value": 200,
                        "clue": "Dominant athletes Venus & Serena",
                        "solution": "What is Williams"
                    },
                    {
                        "value": 400,
                        "clue": "Liam, Chris & the lesser-known Luke",
                        "solution": "What is Hemsworth"
                    },
                    {
                        "value": 600,
                        "clue": "L.A. girls Zooey & Emily",
                        "solution": "What is Deschanel"
                    },
                    {
                        "value": 800,
                        "clue": "Kelly, Jack & the seldom-seen Aimee",
                        "solution": "What is Osbourne"
                    },
                    {
                        "value": 1000,
                        "clue": "Donnie & Mark, the pride of Dorchester",
                        "solution": "What is Wahlberg"
                    }
                ]
            },
            {
                "category": "IN OLDEN TIMES",
                "clues": [
                    {
                        "value": 200,
                        "clue": "Before 100 A.D.: manuscripts are stored in caves, to later be called these scrolls named for a body of water",
                        "solution": "What is the Dead Sea Scrolls"
                    },
                    {
                        "value": 400,
                        "clue": "Around 840: Norse invaders establish this city they call Dyfflin on the banks of the River Liffey",
                        "solution": "What is Dublin"
                    },
                    {
                        "value": 600,
                        "clue": "5th century B.C.: Athenians carry out an ambitious building program on this hill with a name meaning \"upper city\"",
                        "solution": "What is Acropolis"
                    },
                    {
                        "value": 800,
                        "clue": "This year: Harold II becomes king of England for 9 months before getting conquered by another guy",
                        "solution": "What is 1066"
                    },
                    {
                        "value": 1000,
                        "clue": "Around 313: this Roman emperor starts championing Christianity",
                        "solution": "What is Constantine"
                    }
                ]
            },
            {
                "category": "MULTIPLE MEANINGS",
                "clues": [
                    {
                        "value": 200,
                        "clue": "A set of words complete in itself, or a criminal's punishment",
                        "solution": "What is sentence"
                    },
                    {
                        "value": 400,
                        "clue": "To shape into a form, or a fungus that grows on food",
                        "solution": "What is mold"
                    },
                    {
                        "value": 600,
                        "clue": "Sensible & not easily upset, or a house for thoroughbreds",
                        "solution": "What is stable"
                    },
                    {
                        "value": 800,
                        "clue": "A machine for moving heavy objects, or a long-necked, long-legged avian",
                        "solution": "What is a crane"
                    },
                    {
                        "value": 1000,
                        "clue": "To hit with a fist or bat, or a terrestrial gastropod",
                        "solution": "What is slug"
                    }
                ]
            },
            {
                "category": "LANGUAGES",
                "clues": [
                    {
                        "value": 200,
                        "clue": "This language has 2 main written forms: modern standard & classical, the language of the Koran",
                        "solution": "What is Arabic"
                    },
                    {
                        "value": 400,
                        "clue": "This language is spoken by about 11 million in Europe & about 200 million in South America",
                        "solution": "What is Portuguese"
                    },
                    {
                        "value": 600,
                        "clue": "Almost extinct, the Coeur d'Alene language is spoken by a few Native Americans on a reservation in this U.S. state",
                        "solution": "What is Idaho"
                    },
                    {
                        "value": 800,
                        "clue": "Standard Chinese is based primarily on this form of Chinese spoken by the educated in Beijing",
                        "solution": "What is Mandarin"
                    },
                    {
                        "value": 1000,
                        "clue": "Before 2009 Greenland had 2 official languages: Greenlandic & this",
                        "solution": "What is Danish"
                    }
                ]
            },
            {
                "category": "SEEING RED",
                "clues": [
                    {
                        "value": 400,
                        "clue": "This red shade precedes \"letter\" & \"fever\"",
                        "solution": "What is scarlet"
                    },
                    {
                        "value": 600,
                        "clue": "It's what gives \"The Red Badge of Courage\" its redness",
                        "solution": "What is blood"
                    },
                    {
                        "value": 800,
                        "clue": "An intense, bright red named for an emergency vehicle",
                        "solution": "What is fire truck red (or fire engine)"
                    },
                    {
                        "value": 1000,
                        "clue": "A Brunswick bowling ball & a Stratocaster guitar have both come in this red, named for a sugar-coated fruit",
                        "solution": "What is a candy apple (red)"
                    }
                ]
            }
        ],
        "double": [
            {
                "category": "FACTS ON FEBRUARY",
                "clues": [
                    {
                        "value": 400,
                        "clue": "A baby has a 1-in-1,461 chance of being this & having his 20th birthday also be his 5th",
                        "solution": "What is being born on February 29th"
                    },
                    {
                        "value": 800,
                        "clue": "Name of the Punxsutawney groundhog traditionally at the heart of the action on February 2",
                        "solution": "What is Phil"
                    },
                    {
                        "value": 1200,
                        "clue": "The last month of the Roman year, February became our second month when this calendar was proclaimed in 1582",
                        "solution": "What is the Gregorian calendar"
                    },
                    {
                        "value": 1600,
                        "clue": "We'll lead you down this path named for a February birth flower & early spring bloomer",
                        "solution": "What is the primrose path"
                    },
                    {
                        "value": 2000,
                        "clue": "These hyphenated Germanic people of Britain called February \"Solmonath\", meaning \"mud month\"",
                        "solution": "What is Anglo-Saxons"
                    }
                ]
            },
            {
                "category": "BODIES OF WATER",
                "clues": [
                    {
                        "value": 400,
                        "clue": "The Yucatan Channel connects the Gulf of Mexico & this sea",
                        "solution": "What is the Caribbean"
                    },
                    {
                        "value": 800,
                        "clue": "The river locally called Song Sai Gon runs mainly through the south of this country",
                        "solution": "What is Vietnam"
                    },
                    {
                        "value": 1200,
                        "clue": "The \"thumb\" of Michigan's \"mitten\" juts north into this Great Lake",
                        "solution": "What is Lake Huron"
                    },
                    {
                        "value": 1600,
                        "clue": "This river rises in the Alps & flows through France to the Mediterranean, the most important river to do so",
                        "solution": "What is the Rhône"
                    },
                    {
                        "value": 2000,
                        "clue": "In 1992 North Korea & South Korea proposed that this sea off their east coasts be called the East Sea",
                        "solution": "What is the Sea of Japan"
                    }
                ]
            },
            {
                "category": "SEMILITERATE BEFORE & AFTER",
                "clues": [
                    {
                        "value": 400,
                        "clue": "Team rope-pulling contest that becomes a Tolstoy novel",
                        "solution": "What is tug-of-War and Peace"
                    },
                    {
                        "value": 800,
                        "clue": "A novel about a dog named Buck that can vary its value from 2 through ace",
                        "solution": "What is Call of the Wild card"
                    },
                    {
                        "value": 1200,
                        "clue": "Tony Stark creation who becomes Don Quixote in a musical",
                        "solution": "What is Iron Man of La Mancha"
                    },
                    {
                        "value": 1600,
                        "clue": "Instead of ending so the ballgame can start, the national anthem leads into a 1932 novel of the future",
                        "solution": "What is the home of the Brave New World"
                    },
                    {
                        "value": 2000,
                        "clue": "9th century English king who lived in West Egg, New York in a 1920s novel",
                        "solution": "What is Alfred the Great Gatsby"
                    }
                ]
            },
            {
                "category": "A \"B\"-PLUS STUDENT",
                "clues": [
                    {
                        "value": 800,
                        "clue": "A hole for a fox, or what it does as it digs it",
                        "solution": "What is burrow"
                    },
                    {
                        "value": 1200,
                        "clue": "Term for a chance onlooker, perhaps an innocent one",
                        "solution": "What is bystander"
                    },
                    {
                        "value": 1600,
                        "clue": "These prevent a horse from being distracted by that cute filly off to the side",
                        "solution": "What is blinders"
                    },
                    {
                        "value": 2000,
                        "clue": "An ancient empire lends its name to this term meaning \"intricate\" or \"complex\"",
                        "solution": "What is Byzantine"
                    }
                ]
            },
            {
                "category": "BROADWAY MUSICALS",
                "clues": [
                    {
                        "value": 400,
                        "clue": "Other characters in this smash Broadway show include Lafayette & Peggy Schuyler",
                        "solution": "What is Hamilton"
                    },
                    {
                        "value": 800,
                        "clue": "In 2016 Leona Lewis earned her whiskers playing Grizabella in the revival of this musical",
                        "solution": "What is Cats"
                    },
                    {
                        "value": 1200,
                        "clue": "This superhero spun his magic on Broadway in a musical subtitled \"Turn Off the Dark\"",
                        "solution": "What is Spider-Man"
                    },
                    {
                        "value": 1600,
                        "clue": "From Trey Parker & Matt Stone, it's described as \"hilarious and irreverent\"",
                        "solution": "What is The Book of Mormon"
                    },
                    {
                        "value": 2000,
                        "clue": "Neil Patrick Harris won a 2014 Tony for his role in this musical about a transgender punk rocker from East Berlin",
                        "solution": "What is Hedwig and the Angry Inch"
                    }
                ]
            },
            {
                "category": "REMEMBER 2016?",
                "clues": [
                    {
                        "value": 400,
                        "clue": "A Japanese company made the world's last one of these TV playback machines",
                        "solution": "What is a VCR"
                    },
                    {
                        "value": 800,
                        "clue": "On August 17th, she was named Donald Trump's campaign manager",
                        "solution": "What is Kellyanne Conway"
                    },
                    {
                        "value": 1200,
                        "clue": "Protests began as the Standing Rock Sioux moved to block this pipeline that bears the name of a Sioux people",
                        "solution": "What is the Dakota Pipeline"
                    },
                    {
                        "value": 1600,
                        "clue": "Aung San Suu Kyi's friend Htin Kyaw was inaugurated as this country's first freely elected president in decades",
                        "solution": "What is Myanmar"
                    },
                    {
                        "value": 2000,
                        "clue": "This Silicon Valley entrepreneur revealed he had bankrolled the lawsuit that took down Gawker",
                        "solution": "What is Peter Thiel"
                    }
                ]
            }
        ],
        "final": {
            "category": "BOOKS OF THE BIBLE",
            "clue": "It begins with God saying, \"Take ye the sum of all the congregation of the children of Israel\"",
            "solution": "What is Numbers"
        }
    }
}