{
    "game": {
        "single": [
            {
                "category": "LET'S HAVE A GARAGE SALE",
                "clues": [
                    {
                        "value": 200,
                        "clue": "Yakutsk & Irkutsk & all the rest of the regions in this board game will be landing in someone else's territory",
                        "solution": "What is Risk"
                    },
                    {
                        "value": 600,
                        "clue": "A copy of this book printed in mid-15th c. Germany has gone for over $5 million; maybe rethink tagging it for $8",
                        "solution": "What is the Gutenberg Bible"
                    },
                    {
                        "value": 800,
                        "clue": "Parents of a baby just starting to sit up will go for this item, with food tray & the all-important safety crotch post",
                        "solution": "What is a high chair"
                    },
                    {
                        "value": 1000,
                        "clue": "Who wouldn't want a VHS copy of this Adam Sandler golf movie? Bob Barker kicks butt",
                        "solution": "What is Happy Gilmore"
                    }
                ]
            },
            {
                "category": "\"V\"ERBS",
                "clues": [
                    {
                        "value": 200,
                        "clue": "To give official sanction to, maybe to help pay for your parking",
                        "solution": "What is validate"
                    },
                    {
                        "value": 400,
                        "clue": "To leave a job or a room, or to void a legal decision",
                        "solution": "What is vacate"
                    },
                    {
                        "value": 600,
                        "clue": "9 letters: to fluctuate, or to waver",
                        "solution": "What is vacillate"
                    },
                    {
                        "value": 800,
                        "clue": "To let off steam, literally or figuratively",
                        "solution": "What is vent"
                    },
                    {
                        "value": 1000,
                        "clue": "To slander or defame",
                        "solution": "What is to vilify"
                    }
                ]
            },
            {
                "category": "SHE DID IT!",
                "clues": [
                    {
                        "value": 200,
                        "clue": "She served 4 terms as prime minister of India",
                        "solution": "What is Indira Gandhi"
                    },
                    {
                        "value": 400,
                        "clue": "She won gold in track & field at the 1932 summer Olympics & was the leading money winner in women's golf, 1948 to 1951",
                        "solution": "What is Babe Didrikson Zaharias"
                    },
                    {
                        "value": 600,
                        "clue": "She studied mountain gorillas in Africa & wrote \"Gorillas in the Mist\"",
                        "solution": "What is Dian Fossey"
                    },
                    {
                        "value": 800,
                        "clue": "In 2015 she made history as the first African-American female principal dancer with the American Ballet Theater",
                        "solution": "What is Misty Copeland"
                    },
                    {
                        "value": 1000,
                        "clue": "In the 1870s she founded the Christian Science movement",
                        "solution": "What is Mary Baker Eddy"
                    }
                ]
            },
            {
                "category": "ELEMENTARY",
                "clues": [
                    {
                        "value": 200,
                        "clue": "Social studies: The 3 branches of government are executive, judicial & this",
                        "solution": "What is legislative"
                    },
                    {
                        "value": 400,
                        "clue": "English & grammer: Consequentially, it's the misspelled word in the clue, as any proficient liaison wielding a daiquiri knows",
                        "solution": "What is grammar"
                    },
                    {
                        "value": 600,
                        "clue": "Music: Meter like 4/4 or 3/2 at the beginning of a piece is called this \"signature\"",
                        "solution": "What is time"
                    },
                    {
                        "value": 800,
                        "clue": "History: The 3rd & last Punic War ended with the destruction of this city & the enslavement of its people",
                        "solution": "What is Carthage"
                    },
                    {
                        "value": 1000,
                        "clue": "Science: Lava & igneous rocks form from this molten rock",
                        "solution": "What is magma"
                    }
                ]
            },
            {
                "category": "MY DEER",
                "clues": [
                    {
                        "value": 200,
                        "clue": "To be so frightened as to be unable to move is to be in the thrall of this cervine idiom",
                        "solution": "What is a deer caught in the headlights"
                    },
                    {
                        "value": 400,
                        "clue": "You can recognize mule deer & elk tracks: they have this many toes per print",
                        "solution": "What is two"
                    },
                    {
                        "value": 600,
                        "clue": "In a \"Sound of Music\" song, it's the line that follows \"Doe, a deer, a female deer\"",
                        "solution": "What is ray, a drop of golden sun"
                    },
                    {
                        "value": 800,
                        "clue": "\"The wild deer, wandring here & there, keeps the human soul from care\", wrote this poet in \"Auguries of Innocence\"",
                        "solution": "What is (William) Blake"
                    },
                    {
                        "value": 1000,
                        "clue": "Felix Salten created her as Bambi's love interest",
                        "solution": "What is Faline"
                    }
                ]
            },
            {
                "category": "WHAT'S ON?",
                "clues": [
                    {
                        "value": 200,
                        "clue": "The 2018 series \"Unsolved\" is subtitled \"The Murders of\" him \"& the Notorious B.I.G.\"",
                        "solution": "What is Tupac"
                    },
                    {
                        "value": 400,
                        "clue": "Both actresses who'd played Becky returned when this '90s sitcom got the reboot & was back on ABC in March 2018",
                        "solution": "What is Roseanne"
                    },
                    {
                        "value": 600,
                        "clue": "In space, we heard a crew of people scream right after the Super Bowl when Netflix released this \"Paradox\" in 2018",
                        "solution": "What is The Cloverfield Paradox"
                    },
                    {
                        "value": 800,
                        "clue": "Amy Berg had the pleasure of writing for J.K. Simmons & J.K. Simmons in the \"Love the Lie\" episode of this Starz show",
                        "solution": "What is Counterpart"
                    },
                    {
                        "value": 1000,
                        "clue": "Oh, honey, he's been half of \"Will & Grace\" for 20 years now",
                        "solution": "What is Eric McCormack"
                    }
                ]
            }
        ],
        "double": [
            {
                "category": "FIELD TRIP",
                "clues": [
                    {
                        "value": 400,
                        "clue": "A memorial cross marks 1513's Battle of Flodden Field near the border of these 2 British countries",
                        "solution": "What is England and Scotland"
                    },
                    {
                        "value": 800,
                        "clue": "A valley in Jerusalem is said to be the location of the Field of Blood, bought with this man's rejected silver",
                        "solution": "What is Judas Iscariot"
                    },
                    {
                        "value": 1200,
                        "clue": "Jacobs Field opened in 1994 in this Midwest city & soon began a 455-game sellout streak for baseball",
                        "solution": "What is Cleveland"
                    },
                    {
                        "value": 1600,
                        "clue": "The Sea Stack Field on Sweden's Gotland Island has impressive rock formations emerging from this sea",
                        "solution": "What is the Baltic Sea"
                    },
                    {
                        "value": 2000,
                        "clue": "Partly within Jasper National Park in this Canadian province, you'll find the largest ice field in the Rockies",
                        "solution": "What is Alberta"
                    }
                ]
            },
            {
                "category": "SHAKESPEARE'S PEOPLE",
                "clues": [
                    {
                        "value": 400,
                        "clue": "He is the last to stab Julius Caesar",
                        "solution": "What is Brutus"
                    },
                    {
                        "value": 800,
                        "clue": "Ariel is this magician's assistant",
                        "solution": "What is Prospero"
                    },
                    {
                        "value": 1200,
                        "clue": "He calls himself \"his Moorship's ancient\"",
                        "solution": "What is Iago"
                    },
                    {
                        "value": 1600,
                        "clue": "In \"The Merchant of Venice\", she gives the \"quality of mercy\" speech",
                        "solution": "What is Portia"
                    },
                    {
                        "value": 2000,
                        "clue": "He is told, \"If I be waspish best beware my sting\"",
                        "solution": "What is Petruchio"
                    }
                ]
            },
            {
                "category": "ODD WORDS",
                "clues": [
                    {
                        "value": 400,
                        "clue": "If you're somnambulating, you're doing this; go back to bed!",
                        "solution": "What is sleepwalking"
                    },
                    {
                        "value": 800,
                        "clue": "Anatomically, medius is another word for this digit",
                        "solution": "What is middle finger"
                    },
                    {
                        "value": 1200,
                        "clue": "This word for a medical fraud has a longer version that ends with \"salver\"",
                        "solution": "What is quack"
                    },
                    {
                        "value": 1600,
                        "clue": "A vestige of something; when pluralized, it's the sediment left over in wine or coffee",
                        "solution": "What is dreg"
                    },
                    {
                        "value": 2000,
                        "clue": "Y is the only vowel in this unusual word that means an alignment of 3 heavenly bodies like the Earth, Moon & Sun",
                        "solution": "What is syzygy"
                    }
                ]
            },
            {
                "category": "THE STARS",
                "clues": [
                    {
                        "value": 400,
                        "clue": "The North Star isn't fixed; it was Thuban & will be Vega, but now it's this 7-letter one",
                        "solution": "What is Polaris"
                    },
                    {
                        "value": 800,
                        "clue": "(Jimmy of the Clue Crew shows constellations on the monitor.) A region of the sky is nicknamed the Sea for its water-themed constellations, which include the River, the Whale & this one, pouring out his water jug onto the Southern Fish",
                        "solution": "What is Aquarius"
                    },
                    {
                        "value": 1200,
                        "clue": "Alcyone is the brightest start in this group also known as the \"7 Sisters\"",
                        "solution": "What is the Pleiades"
                    },
                    {
                        "value": 1600,
                        "clue": "This constellation known as \"The Chained Lady\" contains the nearest spiral galaxy to our own",
                        "solution": "What is Andromeda"
                    },
                    {
                        "value": 2000,
                        "clue": "This red star is also known as Alpha Scorpii",
                        "solution": "What is Antares"
                    }
                ]
            },
            {
                "category": "YOUR 1990s HIT PARADE",
                "clues": [
                    {
                        "value": 400,
                        "clue": "Rolling Stone called this biggest Nirvana hit \"the song that blew up the world\"",
                        "solution": "What is \"Smells Like Teen Spirit\""
                    },
                    {
                        "value": 800,
                        "clue": "In an R.E.M. hit, \"That's me in the corner, that's me in the spotlight\" doing this",
                        "solution": "What is losing my religion"
                    },
                    {
                        "value": 1200,
                        "clue": "In 1996 she was No. 1 on the hit parade with \"Because You Loved Me\"",
                        "solution": "What is Celine Dion"
                    },
                    {
                        "value": 1600,
                        "clue": "Including \"The River\" & \"Unanswered Prayers\", he had country hits in every year of the '90s",
                        "solution": "What is Garth Brooks"
                    },
                    {
                        "value": 2000,
                        "clue": "Sadly this group that gave us \"Linger\" lost its lead singer Dolores O'Riordan in 2018",
                        "solution": "What is The Cranberries"
                    }
                ]
            },
            {
                "category": "OLD SCHOOL",
                "clues": [
                    {
                        "value": 400,
                        "clue": "This language used to be common even in public school curricula, b ut in the '60s even the Catholic church dropped it",
                        "solution": "What is Latin"
                    },
                    {
                        "value": 800,
                        "clue": "After Sputnik, our schools tried to catch up with the \"new\" type of this; it was quickly subtracted from the curriculum",
                        "solution": "What is math"
                    },
                    {
                        "value": 1200,
                        "clue": "You dipped a fountain pen, & sometimes a classmate's pigtails, into it",
                        "solution": "What is ink (or inkwell)"
                    },
                    {
                        "value": 1600,
                        "clue": "Microfilm is spooled in rolls; this similarly named medium can fit about 100 pages on a 4\" x 6\" sheet",
                        "solution": "What is microfiche"
                    },
                    {
                        "value": 2000,
                        "clue": "This 5-letter word meaning \"the same\" was one name for copies made through spirit duplication; the smell was addictive",
                        "solution": "What is ditto"
                    }
                ]
            }
        ],
        "final": {
            "category": "U.S. POLITICAL HISTORY",
            "clue": "President Madison is credited with the 1st of these 2-word actions; he didn't sign an 1812 bill after Congress had adjourned",
            "solution": "What is a pocket veto"
        }
    }
}