{
    "game": {
        "single": [
            {
                "category": "19th CENTURY LITERATURE",
                "clues": [
                    {
                        "value": 200,
                        "clue": "Akela the wolf & Baloo the brown bear are 2 of the animals featured in this collection of stories",
                        "solution": "What is The Jungle Book"
                    },
                    {
                        "value": 400,
                        "clue": "Early in this Jules Verne tale, professor Otto Lidenbrock, his nephew & a guide descend into a volcano",
                        "solution": "What is Journey to the Center of the Earth"
                    },
                    {
                        "value": 600,
                        "clue": "Essays making up this 1854 work include \"Reading\", \"Solitude\" & \"The Pond in Winter\"",
                        "solution": "What is Walden; or, Life in the Woods"
                    },
                    {
                        "value": 800,
                        "clue": "Wordsworth began a poem, \"I wandered lonely as\" this \"that floats on high o'er vales and hills\"",
                        "solution": "What is a cloud"
                    },
                    {
                        "value": 1000,
                        "clue": "2 expatriates come to Boston to visit relatives in his 1878 novel \"The Europeans\"",
                        "solution": "What is Henry James"
                    }
                ]
            },
            {
                "category": "BUSINESS",
                "clues": [
                    {
                        "value": 200,
                        "clue": "A 1999 merger created this largest publicly traded international oil & gas company",
                        "solution": "What is ExxonMobil"
                    },
                    {
                        "value": 400,
                        "clue": "To become \"more nimble\", this retailer cut 450 jobs from its Bentonville, Ark. headquarters in 2015",
                        "solution": "What is Walmart"
                    },
                    {
                        "value": 600,
                        "clue": "The main Colombian competition for Starbucks, which started business there in 2014, are coffee shops named for this man",
                        "solution": "What is Juan Valdez"
                    },
                    {
                        "value": 800,
                        "clue": "This \"cutting\"-edge Japanese company got its name from a replaceable lead pencil that never dulled",
                        "solution": "What is Sharp"
                    },
                    {
                        "value": 1000,
                        "clue": "We're bullish on this company founded in 1914 to build motors for the Bull Tractor Company",
                        "solution": "What is Toro"
                    }
                ]
            },
            {
                "category": "APRIL WORDS",
                "clues": [
                    {
                        "value": 200,
                        "clue": "Expected number of shots on a golf hole",
                        "solution": "What is par"
                    },
                    {
                        "value": 400,
                        "clue": "Bucket equivalent",
                        "solution": "What is pail"
                    },
                    {
                        "value": 600,
                        "clue": "22/7, approximately",
                        "solution": "What is pi"
                    },
                    {
                        "value": 800,
                        "clue": "Wolf's home",
                        "solution": "What is lair"
                    }
                ]
            },
            {
                "category": "WE TRY TO STAY NEUTRAL",
                "clues": [
                    {
                        "value": 200,
                        "clue": "Gender-neutral baby names are on the rise, especially this one of Mr. Lautner or Ms. Swift",
                        "solution": "What is Taylor"
                    },
                    {
                        "value": 400,
                        "clue": "Established in 1953, the \"neutral zone\" between these 2 Asian nations is referred to as the DMZ",
                        "solution": "What is North Korea & South Korea"
                    },
                    {
                        "value": 600,
                        "clue": "In 1927 he did not go to a neutral corner after knocking down Gene Tunney, who may have gotten a 14-sec. long count",
                        "solution": "What is Jack Dempsey"
                    },
                    {
                        "value": 800,
                        "clue": "In the '70s baseball players & owners began to use a neutral 3rd person to resolve salary disputes in \"binding\" this",
                        "solution": "What is arbitration"
                    },
                    {
                        "value": 1000,
                        "clue": "Lucky for you, when it comes to acids & bases, this pH number is neutral",
                        "solution": "What is 7"
                    }
                ]
            },
            {
                "category": "BUT LET'S FACE IT",
                "clues": [
                    {
                        "value": 200,
                        "clue": "International Nurses Day is on May 12th, honoring the birthday of this woman",
                        "solution": "What is Florence Nightingale"
                    },
                    {
                        "value": 400,
                        "clue": "In 1881, the Governor of Missouri offered $5,000 for the capture of this man & his brother",
                        "solution": "What is Jesse James"
                    },
                    {
                        "value": 1000,
                        "clue": "He was a world leader from 1983 to 1989; then he began to be led around",
                        "solution": "What is (Manuel) Noriega"
                    }
                ]
            },
            {
                "category": "AMY POEHLER IS AWESOME",
                "clues": [
                    {
                        "value": 200,
                        "clue": "As Leslie on this show: \"Hey, honey! Good morning! How did you sleep? I adopted 32 cats & dogs. Do you want pancakes?\"",
                        "solution": "What is Parks and Rec"
                    },
                    {
                        "value": 400,
                        "clue": "Amy Poehler's performance was pure Joy in this 2015 Pixar film",
                        "solution": "What is Inside Out"
                    },
                    {
                        "value": 600,
                        "clue": "Siblings Tina Fey & Amy Poehler throw one last house party in this comedy",
                        "solution": "What is Sisters"
                    },
                    {
                        "value": 800,
                        "clue": "In the 3rd \"Shrek\" it's no problem for Amy as this woman to give a live-in babysitter to Fiona, as \"I've got 6 more at home\"",
                        "solution": "What is Snow White"
                    },
                    {
                        "value": 1000,
                        "clue": "Who'd dare oppose figure skater Chazz Michael Michaels in this film? Amy Poehler, playing Fairchild Van Waldenberg",
                        "solution": "What is Blades of Glory"
                    }
                ]
            }
        ],
        "double": [
            {
                "category": "ART HISTORY",
                "clues": [
                    {
                        "value": 800,
                        "clue": "The name of this Roman goddess adorns many a voluptuous female statue, including one \"of Willendorf\"",
                        "solution": "What is Venus"
                    },
                    {
                        "value": 1200,
                        "clue": "To commemorate the July Revolution, Eugene Delacroix painted the allegorical this figure \"Leading the People\"",
                        "solution": "What is Liberty"
                    },
                    {
                        "value": 1600,
                        "clue": "This \"dotty\" art theory & technique was developed by the Neo-Impressionists",
                        "solution": "What is Pointillism"
                    },
                    {
                        "value": 2000,
                        "clue": "(Sarah of the Clue Crew shows a painting on the monitor.) John Singer Sargent's use of subdued colors in his portrait of the daughters of Edward Darley Boit, & his placement of them in a cavernous room were influenced by this Spaniard's \"Las Meninas\", which Sargent studied on an 1879 trip to the Prado",
                        "solution": "What is (Diego) Velázquez"
                    }
                ]
            },
            {
                "category": "MOUNTAIN SONGS OF OLD",
                "clues": [
                    {
                        "value": 400,
                        "clue": "In 1970 the Four Tops joined with this newly Diana Ross-less group on \"River Deep—Mountain High\"",
                        "solution": "What is the Supremes"
                    },
                    {
                        "value": 800,
                        "clue": "Now a kids' favorite, this old folk song was a favorite of Carl Sandburg",
                        "solution": "What is \"She'll Be Coming 'Round The Mountain\""
                    },
                    {
                        "value": 1200,
                        "clue": "Completes the chorus of a John Denver song: \"Mountain mama, take me home...\"",
                        "solution": "What is country roads"
                    },
                    {
                        "value": 1600,
                        "clue": "In 1967 this late, great R&B singer teamed with Tammi Terrell on \"Ain't No Mountain High Enough\"",
                        "solution": "What is Marvin Gaye"
                    },
                    {
                        "value": 2000,
                        "clue": "Neil Young sang, \"Oh to live on\" this title place, \"with the barkers & the colored balloons\"...but you can't be 20 there",
                        "solution": "What is Sugar Mountain"
                    }
                ]
            },
            {
                "category": "ORGAN-IZATIONS",
                "clues": [
                    {
                        "value": 400,
                        "clue": "The American Lung Association says this alliterative danger kills 41,000 people a year",
                        "solution": "What is secondhand smoke"
                    },
                    {
                        "value": 800,
                        "clue": "The Alzheimer's Foundation says you can make this \"priceless donation to science\"",
                        "solution": "What is your brain"
                    },
                    {
                        "value": 1200,
                        "clue": "They do serve wine at fundraisers of the foundation fighting cirrhosis & this organ's other big ailments",
                        "solution": "What is the liver"
                    },
                    {
                        "value": 1600,
                        "clue": "Founded in 1924, this group calls itself \"the world leader in\" CPR training",
                        "solution": "What is the American Heart Association"
                    },
                    {
                        "value": 2000,
                        "clue": "In 1944 the first eye bank made transplants of these parts more reliable than the old source, Sing Sing executions",
                        "solution": "What is corneas"
                    }
                ]
            },
            {
                "category": "\"C\" THE WORLD",
                "clues": [
                    {
                        "value": 400,
                        "clue": "It's the legislative capital of South Africa",
                        "solution": "What is Cape Town"
                    },
                    {
                        "value": 800,
                        "clue": "Part of the border between Vermont & New York is this lake",
                        "solution": "What is Champlain"
                    },
                    {
                        "value": 1200,
                        "clue": "This city in Alberta hosts an annual Stampede, 10 days of rodeo events",
                        "solution": "What is Calgary"
                    },
                    {
                        "value": 1600,
                        "clue": "Mount Cinto is on this French island",
                        "solution": "What is Corsica"
                    },
                    {
                        "value": 2000,
                        "clue": "A certain horse breed originated near this 100-mile-long Scottish river",
                        "solution": "What is the Clyde"
                    }
                ]
            },
            {
                "category": "THE MIDDLE AGES",
                "clues": [
                    {
                        "value": 400,
                        "clue": "Originally set up to discuss reforms, 1095's Council of Clermont led to these excursions following a speech by Pope Urban II",
                        "solution": "What is the Crusades"
                    },
                    {
                        "value": 1200,
                        "clue": "Charlemagne was the first, but it wasn't until Otto the Great was crowned in 962 A.D. that this title really took off",
                        "solution": "What is the Holy Roman Emperor"
                    },
                    {
                        "value": 2000,
                        "clue": "In 1240 Mongol leader Batu Khan's forces destroyed this cradle city of Russian civilization",
                        "solution": "What is Kiev"
                    }
                ]
            },
            {
                "category": "OUT OF THEIR HEADS!",
                "clues": [
                    {
                        "value": 400,
                        "clue": "A newspaper banner item becomes one of these, like \"So, do you come here often?\"",
                        "solution": "What is a line"
                    },
                    {
                        "value": 800,
                        "clue": "Earphones & a mouthpiece become this part of a tennis match",
                        "solution": "What is a set"
                    },
                    {
                        "value": 1200,
                        "clue": "A woman in charge of a school changes into this rival of a wife",
                        "solution": "What is a mistress"
                    },
                    {
                        "value": 1600,
                        "clue": "An executive recruiter becomes this shade of green",
                        "solution": "What is hunter"
                    },
                    {
                        "value": 2000,
                        "clue": "A heavy metal fan becomes this British sausage",
                        "solution": "What is a banger"
                    }
                ]
            }
        ],
        "final": {
            "category": "LITERARY CHARACTERS",
            "clue": "In 1929 London's Great Ormond Street Children's Hospital was given all rights to this character created 27 years earlier",
            "solution": "What is Peter Pan"
        }
    }
}