{
    "game": {
        "single": [
            {
                "category": "LITERARY GEOGRAPHY",
                "clues": [
                    {
                        "value": 200,
                        "clue": "D.H. Lawrence visited this country in 1922 & set his 1923 novel \"Kangaroo\" there",
                        "solution": "What is Australia"
                    },
                    {
                        "value": 400,
                        "clue": "The title of the novel \"The Heart Of Midlothian\" refers to an old prison in this Scottish city",
                        "solution": "What is Edinburgh"
                    },
                    {
                        "value": 600,
                        "clue": "Chapter 1 of \"The Autobiography of Alice B. Toklas\" is entitled \"Before I Came To\" this city",
                        "solution": "What is Paris"
                    },
                    {
                        "value": 800,
                        "clue": "In \"Daisy Miller\", Henry James calls this Swiss city \"the little metropolis of Calvinism\"",
                        "solution": "What is Geneva"
                    },
                    {
                        "value": 1000,
                        "clue": "The preface to a Steinbeck novel tells us this title place \"above the town of Monterey...isn't a flat at all\"",
                        "solution": "What is Tortilla Flat"
                    }
                ]
            },
            {
                "category": "SPORTS GEAR",
                "clues": [
                    {
                        "value": 200,
                        "clue": "For swimming, you might want an anti-fog pair of these with shatter-resistant lenses",
                        "solution": "What is goggles"
                    },
                    {
                        "value": 400,
                        "clue": "For soccer, you want to protect the front of the leg from the knee to the ankle with a pair of these in addition to socks",
                        "solution": "What is shin guards"
                    },
                    {
                        "value": 600,
                        "clue": "Both spikes & these can be the projections added to shoes for traction or the shoes themselves",
                        "solution": "What is cleats"
                    },
                    {
                        "value": 800,
                        "clue": "In billiards, it's a stick with a notched plate at one end used to support the cue",
                        "solution": "What is a bridge"
                    },
                    {
                        "value": 1000,
                        "clue": "(Jimmy of the Clue Crew reports from wrestling practice at the University of Iowa.) Ancient Greek wrestlers competed naked; today's wrestlers wear this one-piece garment",
                        "solution": "What is a singlet"
                    }
                ]
            },
            {
                "category": "THE HISTORY OF APRIL 9th",
                "clues": [
                    {
                        "value": 200,
                        "clue": "1865: Ending the Civil War, Lee surrenders at this Virginia site",
                        "solution": "What is Appomattox (Court House)"
                    },
                    {
                        "value": 400,
                        "clue": "1939: Denied permission to sing at Constitution Hall, Marian Anderson sings at this location instead",
                        "solution": "What is the Lincoln Memorial"
                    },
                    {
                        "value": 600,
                        "clue": "1959: NASA publicly introduces Messrs. Glenn, Shepard & the rest of this program's 7 astronauts",
                        "solution": "What is Mercury"
                    },
                    {
                        "value": 800,
                        "clue": "1859: This author receives his steamboat pilot's license",
                        "solution": "What is Mark Twain"
                    },
                    {
                        "value": 1000,
                        "clue": "1942: American & Philippine troops are overwhelmed by Japanese forces on this peninsula",
                        "solution": "What is Bataan"
                    }
                ]
            },
            {
                "category": "STUPID ANSWERS",
                "clues": [
                    {
                        "value": 200,
                        "clue": "The name of the Sahara Desert is from the Arabic for this",
                        "solution": "What is desert"
                    },
                    {
                        "value": 400,
                        "clue": "The name of the Gobi Desert is Mongolian for this",
                        "solution": "What is desert"
                    },
                    {
                        "value": 600,
                        "clue": "This novel begins, \" Emma Woodhouse, handsome, clever, and rich, with a comfortable home and happy disposition...\"",
                        "solution": "What is Emma"
                    },
                    {
                        "value": 800,
                        "clue": "The gorilla is a member of the ape superfamily & is this genus & species—2 words",
                        "solution": "What is Gorilla gorilla"
                    },
                    {
                        "value": 1000,
                        "clue": "(Jimmy of the Clue Crew catches a medicine ball in the Herbert Hoover Library.) President Hoover made his staff play a combination of volleyball & tennis using a medicine ball; in 1931 a New York Times reporter dubbed the game",
                        "solution": "What is Hooverball"
                    }
                ]
            },
            {
                "category": "RETURN OF THE FUNGI",
                "clues": [
                    {
                        "value": 200,
                        "clue": "In 1845 & 1846 the Phytophthora infestans fungus destroyed this crop in Ireland, causing a famine",
                        "solution": "What is potatoes"
                    },
                    {
                        "value": 400,
                        "clue": "The Jack-o'-lantern mushroom, whose cap & gills are this color, gets its name because it glows in the dark",
                        "solution": "What is orange"
                    },
                    {
                        "value": 600,
                        "clue": "This antibiotic was discovered by Alexander Fleming in 1928 in a mold",
                        "solution": "What is penicillin"
                    },
                    {
                        "value": 800,
                        "clue": "Fungi lack this green coloring matter that plants use to make food",
                        "solution": "What is chlorophyll"
                    },
                    {
                        "value": 1000,
                        "clue": "The name of this dark brown mushroom whose cap can be up to 10 inches across is Japanese for \"oak mushroom\"",
                        "solution": "What is shiitake"
                    }
                ]
            },
            {
                "category": "SPEAK IN HAWAIIAN",
                "clues": [
                    {
                        "value": 200,
                        "clue": "You say \"goodbye\", I say \"hello\", but it can also mean \"love\"",
                        "solution": "What is aloha"
                    },
                    {
                        "value": 400,
                        "clue": "Sharing its name with one of the islands, it's also a veranda or roofed patio",
                        "solution": "What is Lanai"
                    },
                    {
                        "value": 600,
                        "clue": "This word means \"expert\", often a \"big\" one",
                        "solution": "What is kahuna"
                    },
                    {
                        "value": 800,
                        "clue": "Not to be confused with a luau, a lua is this place (I hope there's no line outside)",
                        "solution": "What is a restroom (bathroom)"
                    },
                    {
                        "value": 1000,
                        "clue": "Say it once or say it twice, but it means \"hurry up\"",
                        "solution": "What is wiki wiki"
                    }
                ]
            }
        ],
        "double": [
            {
                "category": "SOUNDS LIKE MERRIE OLDE ENGLAND",
                "clues": [
                    {
                        "value": 400,
                        "clue": "M.I.T.'s campus is on the Charles River in this Boston-area city",
                        "solution": "What is Cambridge"
                    },
                    {
                        "value": 800,
                        "clue": "This largest city in Alabama is a leading industrial & textile center",
                        "solution": "What is Birmingham"
                    },
                    {
                        "value": 1200,
                        "clue": "This largest city in New Hampshire is \"united\" in being a leading financial & manufacturing center",
                        "solution": "What is Manchester"
                    },
                    {
                        "value": 1600,
                        "clue": "The bronze statue of a fisherman at a ship's steering wheel in this Mass. city honors its many locals lost at sea",
                        "solution": "What is Gloucester"
                    },
                    {
                        "value": 2000,
                        "clue": "This Connecticut city is home to the American Clock & Watch Museum & to ESPN",
                        "solution": "What is Bristol"
                    }
                ]
            },
            {
                "category": "10 DOWNING STREET",
                "clues": [
                    {
                        "value": 400,
                        "clue": "Despite sleeping elsewhere, during the Blitz this prime minister continued to work & take meals at No. 10",
                        "solution": "What is Churchill"
                    },
                    {
                        "value": 800,
                        "clue": "In 2002 an elaborate dinner party was held at No. 10 to celebrate this many year's reign by Elizabeth II",
                        "solution": "What is 50 years"
                    },
                    {
                        "value": 1200,
                        "clue": "Though he works at No. 10, because of his large family, PM Tony Blair lives at this other Downing Street address",
                        "solution": "What is No. 11"
                    },
                    {
                        "value": 1600,
                        "clue": "An early resident was the countess of Lichfield, the daughter of this 17th century king who returned from exile",
                        "solution": "What is Charles II"
                    },
                    {
                        "value": 2000,
                        "clue": "Styled \"the younger\", this youngest-ever British PM lived at No. 10 1783-1801 & again 1804-06",
                        "solution": "What is (William) Pitt"
                    }
                ]
            },
            {
                "category": "THE HOME OFFICE",
                "clues": [
                    {
                        "value": 400,
                        "clue": "Be careful changing this powdered ink in your printer or you may end up looking like a chimney sweep",
                        "solution": "What is toner"
                    },
                    {
                        "value": 800,
                        "clue": "For real security, get not a strip-cut but a cross- or micro-cut one of these devices",
                        "solution": "What is a shredder"
                    },
                    {
                        "value": 1200,
                        "clue": "The multimedia features of this Co.'s Dimension E510 let you spend all day watching videos",
                        "solution": "What is Dell"
                    },
                    {
                        "value": 1600,
                        "clue": "Also a wood-milling tool, this device directs data between a network & the Internet & can have a firewall",
                        "solution": "What is a router"
                    },
                    {
                        "value": 2000,
                        "clue": "Iomega calls this disk \"the super floppy\", whether it has a 1200MB or a 750MB capacity",
                        "solution": "What is a zip disk"
                    }
                ]
            },
            {
                "category": "BANGERS",
                "clues": [
                    {
                        "value": 400,
                        "clue": "It was invented by mixing nitroglycerin with a type of earth to make it safer",
                        "solution": "What is dynamite"
                    },
                    {
                        "value": 800,
                        "clue": "Of Ramtex, Semtex, or Boomtex, the deadly Czech-made plastic explosive",
                        "solution": "What is Semtex"
                    },
                    {
                        "value": 1200,
                        "clue": "From their name, we assume these tubular fireworks are popular in Italy",
                        "solution": "What is Roman candles"
                    },
                    {
                        "value": 1600,
                        "clue": "It sounds like you wear it on your head, but it's a small tube with an explosive like RDX, used to start a bigger boom",
                        "solution": "What is a blasting (or detonating) cap"
                    },
                    {
                        "value": 2000,
                        "clue": "Black powder, an explosive dating from medieval times, is about 75% saltpeter, 15% charcoal & 10% this element",
                        "solution": "What is sulfur"
                    }
                ]
            },
            {
                "category": "M*A*S*H",
                "clues": [
                    {
                        "value": 400,
                        "clue": "This seemingly clairvoyant company clerk was a big fan of Grape Nehi soda",
                        "solution": "What is Radar"
                    },
                    {
                        "value": 800,
                        "clue": "Harry Morgan earned 8 Emmy nominations as this Colonel, scoring a win in 1980",
                        "solution": "What is Colonel Potter"
                    },
                    {
                        "value": 1200,
                        "clue": "After Trapper John was transferred stateside, this California-born surgeon replaced him",
                        "solution": "What is B.J. Hunnicutt"
                    },
                    {
                        "value": 1600,
                        "clue": "Played by William Christopher, this chaplain was always raising money for St. Teresa's orphanage",
                        "solution": "What is Father Mulcahy"
                    }
                ]
            },
            {
                "category": "\"ALLO\", \"ALLO\", \"ALLO\"",
                "clues": [
                    {
                        "value": 400,
                        "clue": "Liquid measure equal to 3.785 liters",
                        "solution": "What is a gallon"
                    },
                    {
                        "value": 800,
                        "clue": "One can be observation or hot-air",
                        "solution": "What is balloon"
                    },
                    {
                        "value": 1200,
                        "clue": "Solid fat extracted from the tissue of animals",
                        "solution": "What is tallow"
                    },
                    {
                        "value": 1600,
                        "clue": "Tubes in the female abdomen that transport ova to the uterus",
                        "solution": "What is Fallopian"
                    },
                    {
                        "value": 2000,
                        "clue": "Of the 2 main ethnic groups of Belgium, the one that fits the category",
                        "solution": "What is Walloon"
                    }
                ]
            }
        ],
        "final": {
            "category": "BEST PICTURE OSCAR WINNERS",
            "clue": "It's the last Best Picture winner with a real person's name in the title (a person who lived 400 years ago)",
            "solution": "What is Shakespeare in Love"
        }
    }
}