{
    "game": {
        "single": [
            {
                "category": "WELL-PLAYED, WELL-PAID",
                "clues": [
                    {
                        "value": 200,
                        "clue": "Carmelo Anthony makes $20 million a year from this NBA team; Manhattan rents aren't cheap",
                        "solution": "What is (New York) Knicks"
                    },
                    {
                        "value": 400,
                        "clue": "Earning more than $4 million, Walter Ray Williams Jr. is the PBA's career money leader in this sport",
                        "solution": "What is bowling"
                    },
                    {
                        "value": 600,
                        "clue": "Kevin VanDam has hooked more than $5 million in prize money going after these game fish",
                        "solution": "What is bass"
                    },
                    {
                        "value": 800,
                        "clue": "This Spaniard's hard work has netted him more than $50 million on the pro tennis tour",
                        "solution": "What is Rafael Nadal"
                    },
                    {
                        "value": 1000,
                        "clue": "In just 2 fights in 2010, this Filipino southpaw punched his way to $32 million",
                        "solution": "What is (Manny) Pacquiao"
                    }
                ]
            },
            {
                "category": "A STORIED FORECAST",
                "clues": [
                    {
                        "value": 200,
                        "clue": "A story from Tennessee: \"Cat on a ____ Tin Roof\"",
                        "solution": "What is Hot"
                    },
                    {
                        "value": 400,
                        "clue": "A tale of Wouk: \"The ____ of War\"",
                        "solution": "What is Winds"
                    },
                    {
                        "value": 600,
                        "clue": "Isaac Marion's zombie love letter: \"____ Bodies\"",
                        "solution": "What is Warm"
                    },
                    {
                        "value": 800,
                        "clue": "Murder in Puget Sound: \"____ Falling on Cedars\"",
                        "solution": "What is Snow"
                    },
                    {
                        "value": 1000,
                        "clue": "Orphan goes rural: \"____ Comfort Farm\"",
                        "solution": "What is Cold"
                    }
                ]
            },
            {
                "category": "ONE LOVE",
                "clues": [
                    {
                        "value": 200,
                        "clue": "Guinness reports Herbert & Zelmyra Fisher of this \"Tar Heel State\" were married for over 86 years",
                        "solution": "What is North Carolina"
                    },
                    {
                        "value": 400,
                        "clue": "\"I married and lived happily ever afterwards\", wrote this British P.M. of his union, which lasted from 1908 to 1965",
                        "solution": "What is Churchill"
                    },
                    {
                        "value": 600,
                        "clue": "Wed 50 years to Joanne Woodward, this actor said, \"I have steak at home; why should I go out for a hamburger?\"",
                        "solution": "What is Paul Newman"
                    },
                    {
                        "value": 800,
                        "clue": "In 1937 this man, the VIII no longer, wed his American bride; the 2 would be wed for 35 years",
                        "solution": "What is Edward VIII"
                    },
                    {
                        "value": 1000,
                        "clue": "Bob Marley knew about \"one love\": despite ups & downs he stayed married to this woman from 1966 until his death",
                        "solution": "What is Rita Marley"
                    }
                ]
            },
            {
                "category": "ONE \"HEART\"",
                "clues": [
                    {
                        "value": 200,
                        "clue": "To get an emotional reaction, I tug at these",
                        "solution": "What is heartstrings"
                    },
                    {
                        "value": 400,
                        "clue": "Sanguine term for someone considered overly sympathetic to the underprivileged",
                        "solution": "What is a bleeding heart"
                    },
                    {
                        "value": 600,
                        "clue": "It's a nickname for Alabama",
                        "solution": "What is \"The Heart of Dixie\""
                    },
                    {
                        "value": 800,
                        "clue": "Promise you'll tell us it's the Playtex bra that \"lifts and separates\"",
                        "solution": "What is Cross Your Heart"
                    },
                    {
                        "value": 1000,
                        "clue": "A Gilbert & Sullivan operetta says one of these \"never won fair lady\"",
                        "solution": "What is a faint heart"
                    }
                ]
            },
            {
                "category": "LET'S GET TOGETHER",
                "clues": [
                    {
                        "value": 200,
                        "clue": "In the mid-1800s the Ottomans made Bosnia & this one political unit",
                        "solution": "What is Herzegovina"
                    },
                    {
                        "value": 400,
                        "clue": "Principally, this & Principe is a republic that became an independent nation in 1975",
                        "solution": "What is São Tomé"
                    },
                    {
                        "value": 600,
                        "clue": "In 2009, Georgia left the group called this Commonwealth originally formed in the early 1990s",
                        "solution": "What is Commonwealth of Independent States"
                    },
                    {
                        "value": 800,
                        "clue": "In 1979 Yap, Truk, Kosrae & Ponape formed the federated states of this country, today made up of 607 islands",
                        "solution": "What is Micronesia"
                    },
                    {
                        "value": 1000,
                        "clue": "From 756 to 1870, some territories of central Italy were part of these states aka the states of the church",
                        "solution": "What is the Papal States"
                    }
                ]
            },
            {
                "category": "& FEEL ALL RIGHT",
                "clues": [
                    {
                        "value": 200,
                        "clue": "L-theanine, an amino acid in the green type of this beverage, helps curb a rising heart rate & may relieve anxiety",
                        "solution": "What is (green) tea"
                    },
                    {
                        "value": 400,
                        "clue": "(I'm Dr. Oz.) Trouble sleeping? Check your over-the-counter pain medicine; to help constrict swollen blood vessels, it may contain this alkaloid compound, which could keep you awake",
                        "solution": "What is caffeine"
                    },
                    {
                        "value": 600,
                        "clue": "This (the substance, not Popeye's girlfriend) is full of antioxidants that help lower stroke risk",
                        "solution": "What is olive oil"
                    },
                    {
                        "value": 800,
                        "clue": "If you're a man 5'7\" & 160 pounds, your BMI, this index, is 25.1 & sir, you're a tick overweight",
                        "solution": "What is body mass index"
                    },
                    {
                        "value": 1000,
                        "clue": "The plant called St. John's this can relieve mild depression & help you sleep but may interfere with many medications",
                        "solution": "What is wort"
                    }
                ]
            }
        ],
        "double": [
            {
                "category": "THE ART OF GEORGIA O'KEEFFE",
                "clues": [
                    {
                        "value": 400,
                        "clue": "In many of her flower paintings, O'Keeffe employed photography techniques like close-ups & this—trimming off edges",
                        "solution": "What is cropping"
                    },
                    {
                        "value": 800,
                        "clue": "Using one of these to climb to her roof inspired O'Keeffe's painting this \"to the Moon\"",
                        "solution": "What is a ladder"
                    },
                    {
                        "value": 1200,
                        "clue": "In many of her paintings, O'Keeffe depicted this bony anatomical structure",
                        "solution": "What is the pelvis"
                    },
                    {
                        "value": 1600,
                        "clue": "O'Keeffe's observations of this planet in late afternoon inspired her \"Evening Star\" paintings",
                        "solution": "What is Venus"
                    },
                    {
                        "value": 2000,
                        "clue": "O'Keeffe said, \"Artists who spend any time in\" this city near Santa Fe \"have to paint the Ranchos Church\"; here's her take",
                        "solution": "What is Taos"
                    }
                ]
            },
            {
                "category": "MILITARY ACADEMIES & COLLEGES",
                "clues": [
                    {
                        "value": 400,
                        "clue": "Upon graduation from the academy at this location on the Hudson River, students are commissioned as second lieutenants",
                        "solution": "What is West Point"
                    },
                    {
                        "value": 800,
                        "clue": "John Paul Jones has rested in the chapel of this service academy since 1906",
                        "solution": "What is the Naval Academy (at Annapolis)"
                    },
                    {
                        "value": 1200,
                        "clue": "Founded in 1839 this Lexington, Virginia school is the USA's oldest state-supported military college",
                        "solution": "What is VMI"
                    },
                    {
                        "value": 1600,
                        "clue": "Because of its location, Britain's Royal Military Academy is also known as this",
                        "solution": "What is Sandhurst"
                    },
                    {
                        "value": 2000,
                        "clue": "Along with the service academies, there are 6 senior military colleges; one is this Texas U. with a 2,200-strong corps of cadets",
                        "solution": "What is Texas A&M"
                    }
                ]
            },
            {
                "category": "OSCAR-WINNING SCREENPLAYS",
                "clues": [
                    {
                        "value": 400,
                        "clue": "2010: Aaron Sorkin, from the book \"The Accidental Billionaires: The Founding of Facebook\"",
                        "solution": "What is The Social Network"
                    },
                    {
                        "value": 800,
                        "clue": "2008: Simon Beaufoy, from the novel \"Q & A\" by Vikas Swarup",
                        "solution": "What is Slumdog Millionaire"
                    },
                    {
                        "value": 1200,
                        "clue": "1950: Joseph Mankiewicz, from the short story \"The Wisdom of Eve\"",
                        "solution": "What is All About Eve"
                    },
                    {
                        "value": 1600,
                        "clue": "1976: William Goldman, from the book by Carl Bernstein & Bob Woodward",
                        "solution": "What is All the President's Men"
                    },
                    {
                        "value": 2000,
                        "clue": "1983: James L. Brooks, from the novel by Larry McMurtry",
                        "solution": "What is Terms of Endearment"
                    }
                ]
            },
            {
                "category": "ON THE MARQUIS",
                "clues": [
                    {
                        "value": 400,
                        "clue": "On Nov. 21, 1783 the Marquis d'Arlandes was somehow persuaded to fly over Paris in this",
                        "solution": "What is a balloon"
                    },
                    {
                        "value": 800,
                        "clue": "The Marquis de Condorcet was one of the bright thinkers in this \"illuminating\" 18th century era",
                        "solution": "What is the Enlightenment"
                    },
                    {
                        "value": 1200,
                        "clue": "Of the British surrender at Yorktown, he said, \"The play is over... the fifth act has just come to an end\"",
                        "solution": "What is (the Marquis de) Lafayette"
                    },
                    {
                        "value": 1600,
                        "clue": "While jailed in the Bastille, he wrote an early version of his most famous work, \"Justine; or, The Misfortunes of Virtue\"",
                        "solution": "What is Marquis de Sade"
                    },
                    {
                        "value": 2000,
                        "clue": "The 1871 Paris movement known by this hippie name was sternly suppressed by the Marquis de Gallifet",
                        "solution": "What is the Commune"
                    }
                ]
            },
            {
                "category": "ARKANSAS",
                "clues": [
                    {
                        "value": 400,
                        "clue": "In 1983 she was Arkansas woman of the year; in 1989 she was listed among the state's best business litigation lawyers",
                        "solution": "What is Hillary Clinton"
                    },
                    {
                        "value": 800,
                        "clue": "Everybody, have you heard? This is Arkansas' state bird, state bird",
                        "solution": "What is the mockingbird"
                    },
                    {
                        "value": 1200,
                        "clue": "Inductees in the Arkansas Entertainers Hall of Fame include Conway Twitty & this \"Rhinestone Cowboy\"",
                        "solution": "What is (Glen) Campbell"
                    },
                    {
                        "value": 1600,
                        "clue": "The mineral waters that bubble forth in this national park average 143 degrees",
                        "solution": "What is Hot Springs"
                    },
                    {
                        "value": 2000,
                        "clue": "Issued in 2003, the Arkansas state quarter features rice stalks, a flying mallard &, of course, this gem",
                        "solution": "What is a diamond"
                    }
                ]
            },
            {
                "category": "YOU SPEAK FOREIGN?",
                "clues": [
                    {
                        "value": 400,
                        "clue": "Latin: solid ground",
                        "solution": "What is terra firma"
                    },
                    {
                        "value": 800,
                        "clue": "Spanish: \"Hand to hand\" in direct combat",
                        "solution": "What is mano a mano"
                    },
                    {
                        "value": 1200,
                        "clue": "From the French: A type of expression with 2 meanings, one of which is often risque",
                        "solution": "What is a double entendre"
                    },
                    {
                        "value": 1600,
                        "clue": "Italian: in the open air (2 words)",
                        "solution": "What is al fresco"
                    },
                    {
                        "value": 2000,
                        "clue": "German: pleasure at another's misfortune",
                        "solution": "What is Schadenfreude"
                    }
                ]
            }
        ],
        "final": {
            "category": "THE INTERNET",
            "clue": "The animal for which this computer program is named is actually a red panda",
            "solution": "What is Firefox"
        }
    }
}