{
    "game": {
        "single": [
            {
                "category": "THE MIDDLE AGES",
                "clues": [
                    {
                        "value": 100,
                        "clue": "The 1st one was organized to fight against the Seljuk Turks, who'd conquered Palestine",
                        "solution": "What is the Crusades"
                    },
                    {
                        "value": 200,
                        "clue": "2 of them are The Knight's Tale & The Wife of Bath's Tale",
                        "solution": "What is the Canterbury Tales"
                    },
                    {
                        "value": 300,
                        "clue": "In 1206 the Mongols conferred this title, meaning \"universal ruler\" on Temujin",
                        "solution": "What is Genghis Khan"
                    },
                    {
                        "value": 400,
                        "clue": "From the Latin for \"brother\", these begging brothers were common in the Middle Ages",
                        "solution": "What is friars"
                    }
                ]
            },
            {
                "category": "ANIMAL GROUPS",
                "clues": [
                    {
                        "value": 100,
                        "clue": "Though a group of these on water is a paddling, a group on land isn't a waddling",
                        "solution": "What is ducks"
                    },
                    {
                        "value": 200,
                        "clue": "These house pets come in a clowder, or, when they hear the can opener",
                        "solution": "What is cats"
                    },
                    {
                        "value": 300,
                        "clue": "A group of these black birds is an unkindness, & you can quoth me on that",
                        "solution": "What is a raven"
                    },
                    {
                        "value": 400,
                        "clue": "A group of these mammals is a bevy, we don't know what a group of Sears would be",
                        "solution": "What is roebucks"
                    },
                    {
                        "value": 500,
                        "clue": "A group of leopards, Feb. 29 must be their favorite day",
                        "solution": "What is a leap"
                    }
                ]
            },
            {
                "category": "MATH",
                "clues": [
                    {
                        "value": 100,
                        "clue": "Metric unit of length equal to .3937 inches",
                        "solution": "What is a centimeter"
                    },
                    {
                        "value": 200,
                        "clue": "2 squared",
                        "solution": "What is 4"
                    },
                    {
                        "value": 300,
                        "clue": "The quantity that divides the numerator; in a fraction, it's written below the line",
                        "solution": "What is the denominator"
                    },
                    {
                        "value": 400,
                        "clue": "While a secant is a line that intersects a curve, this is one that just touches it",
                        "solution": "What is a tangent"
                    },
                    {
                        "value": 500,
                        "clue": "Term for 1/10 of a liter",
                        "solution": "What is a deciliter"
                    }
                ]
            },
            {
                "category": "POT LUCK",
                "clues": [
                    {
                        "value": 100,
                        "clue": "A year before her capture, she liberated the city of Orleans",
                        "solution": "What is Joan of Arc"
                    },
                    {
                        "value": 200,
                        "clue": "Approximately 3/4 of all twins are this type, from 2 fertilized eggs",
                        "solution": "What is fraternal twins"
                    },
                    {
                        "value": 300,
                        "clue": "In Jan. 1990 a commemorative dollar coin was issued honoring the 100th birthday of this President",
                        "solution": "What is Dwight David Eisenhower"
                    },
                    {
                        "value": 400,
                        "clue": "Founded by King Edward III, it's England's highest & oldest order of knighthood",
                        "solution": "What is the Order of the Garter"
                    },
                    {
                        "value": 500,
                        "clue": "In May 1990 this late \"La Bamba\" singer received a star on the Hollywood Walk of Fame",
                        "solution": "What is Ritchie Valens"
                    }
                ]
            },
            {
                "category": "FRUIT",
                "clues": [
                    {
                        "value": 100,
                        "clue": "Dole sells it sliced, in chunks, in tidbits & crushed",
                        "solution": "What is pineapple"
                    },
                    {
                        "value": 200,
                        "clue": "Except for the skin, the nectarine & this fruit are essentially the same",
                        "solution": "What is a peach"
                    },
                    {
                        "value": 300,
                        "clue": "To make prunes, you start out with these",
                        "solution": "What is plums"
                    },
                    {
                        "value": 400,
                        "clue": "About 70% of these grown in the world are the Bartlett variety",
                        "solution": "What is pears"
                    },
                    {
                        "value": 500,
                        "clue": "Its tree has scarlet flowers; it has a gold red skin & each of its hundreds of seeds is in a crimson pulp",
                        "solution": "What is a pomegranate"
                    }
                ]
            },
            {
                "category": "FAMOUS TAURUSES",
                "clues": [
                    {
                        "value": 100,
                        "clue": "El Cordobes, who was born under the sign of the bull, became one of the most famous of these in history",
                        "solution": "What is a bullfighter"
                    },
                    {
                        "value": 200,
                        "clue": "She was just a little Taurus when she sang \"Baby Take A Bow\" in \"Stand Up And Cheer\" in 1934",
                        "solution": "What is Shirley Temple"
                    },
                    {
                        "value": 300,
                        "clue": "In the mid-1950s, this Spanish Taurus painted a surrealist version of \"The Last Supper\"",
                        "solution": "What is Dali"
                    },
                    {
                        "value": 400,
                        "clue": "Singing Taurus for whom the following was 1 of at least 9 #1 hits: \"Find a wheel, and it goes 'round, 'round, 'round / As it skims along with a happy sound / As it goes, along the ground, ground, ground / 'Til it leads you to the one you love / Then your love, will hold you 'round, 'round, 'round\"",
                        "solution": "What is Perry Como"
                    },
                    {
                        "value": 500,
                        "clue": "Fred Astaire co-starred with this fellow Taurus in \"Holiday Inn\" in 1942 & \"Blue Skies\" in 1946",
                        "solution": "What is Bing Crosby"
                    }
                ]
            }
        ],
        "double": [
            {
                "category": "BOOKS & AUTHORS",
                "clues": [
                    {
                        "value": 200,
                        "clue": "\"Stardust\" is Robert B. Parker's 17th novel about this detective for hire",
                        "solution": "What is Spenser"
                    },
                    {
                        "value": 400,
                        "clue": "Veterinarian James Alfred White wrote \"All Creatures Great & Small\" under this pen name",
                        "solution": "What is (James) Herriot"
                    },
                    {
                        "value": 600,
                        "clue": "\"The Golden Orange\" is the latest bestseller by this author of \"The Choir Boys\"",
                        "solution": "What is (Joe) Wambaugh"
                    },
                    {
                        "value": 800,
                        "clue": "His thrillers include \"The Timothy Files\", \"Sullivan Sting\" & \"The 4th Deadly Sin\"",
                        "solution": "What is (Lawrence) Sanders"
                    },
                    {
                        "value": 1000,
                        "clue": "Ian Fleming's successor, his James Bond novels include \"Scorpius\" & \"Role of Honour\"",
                        "solution": "What is (John) Gardner"
                    }
                ]
            },
            {
                "category": "SCOTLAND",
                "clues": [
                    {
                        "value": 200,
                        "clue": "Only 1/5 of the people live in this rugged area covering the northern 2/3 of the country",
                        "solution": "What is the Highlands"
                    },
                    {
                        "value": 400,
                        "clue": "Term for the various plaid designs featured on shirts & ties as well as kilts",
                        "solution": "What is tartans"
                    },
                    {
                        "value": 600,
                        "clue": "While Loch Ness has more water, this is the largest lake in area in Scotland",
                        "solution": "What is Loch Lomond"
                    },
                    {
                        "value": 800,
                        "clue": "At last count there were only about 80,000 people left who spoke this ancient tongue",
                        "solution": "What is Gaelic"
                    },
                    {
                        "value": 1000,
                        "clue": "It was the Roman name for the area now known as Scotland",
                        "solution": "What is Caledonia"
                    }
                ]
            },
            {
                "category": "PHYSICAL SCIENCE",
                "clues": [
                    {
                        "value": 200,
                        "clue": "The 2 main types of these chemically tipped pieces of wood or cardboard are safety & strike anywhere",
                        "solution": "What is matches"
                    },
                    {
                        "value": 400,
                        "clue": "Device commonly used in the lab to provide the flame for a flame test",
                        "solution": "What is a Bunsen burner"
                    },
                    {
                        "value": 600,
                        "clue": "A drop of most types of this will cause marble to bubble",
                        "solution": "What is acid"
                    },
                    {
                        "value": 800,
                        "clue": "A closed loop of atoms in a molecule, such as benzene, is called this",
                        "solution": "What is a ring"
                    },
                    {
                        "value": 1000,
                        "clue": "Though born in Boston, he chose Flagstaff, Arizona as the site to build his observatory in 1894",
                        "solution": "What is Percival Lowell"
                    }
                ]
            },
            {
                "category": "PLAYS",
                "clues": [
                    {
                        "value": 200,
                        "clue": "Play that asks the audience, \"Do you believe in fairies? If you believe, clap your hands\"",
                        "solution": "What is Peter Pan"
                    },
                    {
                        "value": 400,
                        "clue": "This Anton Chekhov play ends with the offstage sound of an axe chopping down a tree",
                        "solution": "What is The Cherry Orchard"
                    },
                    {
                        "value": 600,
                        "clue": "In \"Henry IV, Part 1\" this character says, \"The better part of valor is discretion\"",
                        "solution": "What is Falstaff"
                    }
                ]
            },
            {
                "category": "EARLY AMERICA",
                "clues": [
                    {
                        "value": 200,
                        "clue": "In 1722, this college named Edward Wigglesworth the 1st Professor of Divinity in the colonies",
                        "solution": "What is Harvard"
                    },
                    {
                        "value": 400,
                        "clue": "Among other things, this act of 1765 placed a duty on deeds, wills, newspapers & playing cards",
                        "solution": "What is the Stamp Act"
                    },
                    {
                        "value": 600,
                        "clue": "On Sept. 5, 1774, Peyton Randolph of Virginia became the 1st President of this body",
                        "solution": "What is the Continental Congress"
                    },
                    {
                        "value": 800,
                        "clue": "In June 1754, this colonel completed Fort Necessity but lost it to the French one month later",
                        "solution": "What is Washington"
                    },
                    {
                        "value": 1000,
                        "clue": "In 1704 this colony was allowed to form its own legislature separate from Pennsylvania",
                        "solution": "What is Delaware"
                    }
                ]
            },
            {
                "category": "GIANTS",
                "clues": [
                    {
                        "value": 200,
                        "clue": "Giant's line preceding \"I smell the blood of an Englishman\"",
                        "solution": "What is \"Fee-fi-fo-fum\""
                    },
                    {
                        "value": 400,
                        "clue": "Though normal-sized, he was a giant in Lilliput",
                        "solution": "What is Gulliver"
                    },
                    {
                        "value": 600,
                        "clue": "Statues of Gog & this guy were traditionally carried through London in the Lord Mayor's Show",
                        "solution": "What is Magog"
                    },
                    {
                        "value": 800,
                        "clue": "During his labors, Hercules shouldered this giant's load for a while",
                        "solution": "What is Atlas"
                    },
                    {
                        "value": 1000,
                        "clue": "This son of Gargantua was King of the Dipsodes",
                        "solution": "What is Pantagruel"
                    }
                ]
            }
        ],
        "final": {
            "category": "MUSICAL THEATER",
            "clue": "This lyricist was the grandson of a German-American opera impresario whose name he shared",
            "solution": "What is Oscar Hammerstein"
        }
    }
}