{
    "game": {
        "single": [
            {
                "category": "ANIMAL LIFE",
                "clues": [
                    {
                        "value": 200,
                        "clue": "This term for an elephant comes from the Greek for \"thick-skinned\"",
                        "solution": "What is pachyderm"
                    },
                    {
                        "value": 400,
                        "clue": "Panther is a term for a black one of these cats",
                        "solution": "What is jaguar/leopard"
                    },
                    {
                        "value": 600,
                        "clue": "The flippers of this large whale known for its \"songs\" may be a third as long as its body",
                        "solution": "What is humpback whale"
                    },
                    {
                        "value": 800,
                        "clue": "Unlike most fish, the orange species of this has a swim bladder filled with oil & wax, not gas",
                        "solution": "What is orange roughy"
                    },
                    {
                        "value": 1000,
                        "clue": "The dust type of this arachnid lives in homes, where it feeds on dust produced by animal & human skin",
                        "solution": "What is mite"
                    }
                ]
            },
            {
                "category": "MIKE TV",
                "clues": [
                    {
                        "value": 200,
                        "clue": "This actor copped out in \"The Streets of San Francisco\"",
                        "solution": "What is Michael Douglas"
                    },
                    {
                        "value": 400,
                        "clue": "Nefarious CEOs hide under their desks when this \"60 Minutes\" anchor comes knocking on their doors",
                        "solution": "What is Mike Wallace"
                    },
                    {
                        "value": 600,
                        "clue": "Contestant Michael Skupin suffered 2nd & 3rd degree burns to his hands on this show",
                        "solution": "What is Survivor"
                    },
                    {
                        "value": 800,
                        "clue": "Hey Hey, this Mike was a TV Monkee in 1966",
                        "solution": "What is Mike Nesmith"
                    },
                    {
                        "value": 1000,
                        "clue": "Darren McGavin, Rob Estes & Stacy Keach have all played this chain-smoking private investigator",
                        "solution": "What is Mike Hammer"
                    }
                ]
            },
            {
                "category": "ZERO",
                "clues": [
                    {
                        "value": 200,
                        "clue": "Zero is the innocent young farmboy in this military-set comic strip",
                        "solution": "What is Beetle Bailey"
                    },
                    {
                        "value": 400,
                        "clue": "Ok, 0 K is absolute zero on this scale",
                        "solution": "What is Kelvin"
                    },
                    {
                        "value": 600,
                        "clue": "The zero-coupon one of these sold by the Treasury doesn't make periodic interest payments like a regular one",
                        "solution": "What is bond"
                    },
                    {
                        "value": 800,
                        "clue": "\"My Hero, Zero\" was 1 of the 4 tunes used during the premiere weekend of these TV shorts January 6-7, 1973",
                        "solution": "What is Schoolhouse Rock"
                    },
                    {
                        "value": 1000,
                        "clue": "The zero came about in part as a way to indicate the unused levels on this beaded device",
                        "solution": "What is abacus"
                    }
                ]
            },
            {
                "category": "FUN WITH COLORS",
                "clues": [
                    {
                        "value": 200,
                        "clue": "At their Gettysburg home, Mamie Eisenhower's bathroom was pink & Ike's was this color (remember, he was a soldier)",
                        "solution": "What is green"
                    },
                    {
                        "value": 400,
                        "clue": "Jean Harlow was famous for having this silvery shade of blonde hair",
                        "solution": "What is platinum"
                    },
                    {
                        "value": 600,
                        "clue": "Cerulean is a shade of this color",
                        "solution": "What is blue"
                    },
                    {
                        "value": 800,
                        "clue": "It's official! In August 2002 this color joined the regular M&M line-up",
                        "solution": "What is purple"
                    },
                    {
                        "value": 1000,
                        "clue": "While raw sienna is still around, Crayola crayons has retired this other \"raw\" color",
                        "solution": "What is raw umber"
                    }
                ]
            },
            {
                "category": "\"MY\" OH, MY!",
                "clues": [
                    {
                        "value": 200,
                        "clue": "It's the medical term for nearsightedness",
                        "solution": "What is myopia"
                    },
                    {
                        "value": 400,
                        "clue": "Gore Vidal's Ms. Breckinridge",
                        "solution": "What is Myra"
                    },
                    {
                        "value": 600,
                        "clue": "These members of the starling family are known for their ability to mimic human speech",
                        "solution": "What is mynah birds"
                    },
                    {
                        "value": 800,
                        "clue": "Used in packaging, insulation & photography, it's a trademarked thin polyester film",
                        "solution": "What is mylar"
                    },
                    {
                        "value": 1000,
                        "clue": "This nation's capital city is Yangon",
                        "solution": "What is Myanmar"
                    }
                ]
            },
            {
                "category": "WHAT A PEASANT SURPRISE",
                "clues": [
                    {
                        "value": 200,
                        "clue": "This literary hero dedicates his deeds of valor to Aldonza, a peasant girl he calls Dulcinea",
                        "solution": "What is Don Quixote"
                    },
                    {
                        "value": 400,
                        "clue": "In 1381 Wat Tyler led a bloody peasant revolt in this country",
                        "solution": "What is England"
                    },
                    {
                        "value": 600,
                        "clue": "Czar Alexander II freed Russia's peasants from their \"serfitude\" in this year the U.S. Civil War began",
                        "solution": "What is 1861"
                    },
                    {
                        "value": 800,
                        "clue": "The third movement of his 1808 \"Pastoral\" Symphony is entitled \"Merry Gathering of the Peasants\"",
                        "solution": "What is Ludwig van Beethoven"
                    },
                    {
                        "value": 1000,
                        "clue": "According to legend, this European capital was founded by a peasant named Bucur",
                        "solution": "What is Bucharest, Romania"
                    }
                ]
            }
        ],
        "double": [
            {
                "category": "MUSICAL MATTERS",
                "clues": [
                    {
                        "value": 400,
                        "clue": "Many pianos have a middle or sostenuto one of these",
                        "solution": "What is pedal"
                    },
                    {
                        "value": 800,
                        "clue": "This tempo, from Italian for \"quick\", sounds like it could be the name of one of the Marx Brothers",
                        "solution": "What is presto"
                    },
                    {
                        "value": 1200,
                        "clue": "(Cheryl of the Clue Crew reports.) When I make my Carnegie Hall conducting debut, I'll begin with this stroke that begins each measure",
                        "solution": "What is downbeat"
                    },
                    {
                        "value": 1600,
                        "clue": "(Sofia of the Clue Crew) This type of chord is named for what your index finger forms across the strings",
                        "solution": "What is bar chord"
                    }
                ]
            },
            {
                "category": "OLD NEWSPAPERS",
                "clues": [
                    {
                        "value": 400,
                        "clue": "The first French daily newspaper was the Journal de this city, founded in 1777",
                        "solution": "What is Paris"
                    }
                ]
            },
            {
                "category": "PENNSYLVANIA",
                "clues": [
                    {
                        "value": 400,
                        "clue": "As a fundraising tool, this national organization began selling cookies in Philly in 1932",
                        "solution": "What is the Girl Scouts"
                    },
                    {
                        "value": 800,
                        "clue": "In the only trial of its kind in Pennsylvania history, Margaret Mattson was tried for this in February 1683",
                        "solution": "What is witchcraft"
                    },
                    {
                        "value": 1200,
                        "clue": "This president was the guest of honor at the opening of Pennsylvania's Centennial Exposition in 1876",
                        "solution": "What is Ulysses S. Grant"
                    },
                    {
                        "value": 1600,
                        "clue": "The \"free\" members of this group split from the mainline Pennsylvania faction to serve in the Revolution",
                        "solution": "What is Quakers"
                    },
                    {
                        "value": 2000,
                        "clue": "Though born in Pennsylvania, he wrote the classic western novel \"The Virginian\"",
                        "solution": "What is Owen Wister"
                    }
                ]
            },
            {
                "category": "SPORTS NAME SPELLING",
                "clues": [
                    {
                        "value": 400,
                        "clue": "Dale, who drove car No. 3",
                        "solution": "What is E-A-R-N-H-A-R-D-T"
                    },
                    {
                        "value": 800,
                        "clue": "1999 U.S. Open tennis champ Andre",
                        "solution": "What is A-G-A-S-S-I"
                    },
                    {
                        "value": 1200,
                        "clue": "Yankees lefty Andy",
                        "solution": "What is P-E-T-T-I-T-T-E"
                    },
                    {
                        "value": 1600,
                        "clue": "1999 100-meter dash record setter Maurice",
                        "solution": "What is G-R-E-E-N-E"
                    },
                    {
                        "value": 2000,
                        "clue": "The Minnesota Timberwolves' Szczerbiak",
                        "solution": "What is W-A-L-L-Y"
                    }
                ]
            },
            {
                "category": "\"P\"LAYS",
                "clues": [
                    {
                        "value": 400,
                        "clue": "Max & Leo sing \"We Can Do It\" in this Broadway hit",
                        "solution": "What is The Producers"
                    },
                    {
                        "value": 800,
                        "clue": "\"The Slave of Duty\" is the subtitle of this swashbuckling Gilbert & Sullivan work",
                        "solution": "What is The Pirates of Penzance"
                    },
                    {
                        "value": 1200,
                        "clue": "The preface to this play says English is \"not thus accessible even to Englishmen\"",
                        "solution": "What is Pygmalion"
                    },
                    {
                        "value": 1600,
                        "clue": "The title character of this Ibsen play is based on a Norwegian folk hero",
                        "solution": "What is Peer Gynt"
                    },
                    {
                        "value": 2000,
                        "clue": "\"They Call the Wind Maria\" is a song from this musical",
                        "solution": "What is Paint Your Wagon"
                    }
                ]
            },
            {
                "category": "ONE WORD OR TWO",
                "clues": [
                    {
                        "value": 400,
                        "clue": "The direction preceding \"Ho!\"; or, a hospital area named for film legend Mae",
                        "solution": "What is westward/west ward"
                    },
                    {
                        "value": 800,
                        "clue": "A gaunt monarch; or, the act of cogitation",
                        "solution": "What is thinking/thin king"
                    },
                    {
                        "value": 1200,
                        "clue": "Ordinary; or, a spot on a New England town square",
                        "solution": "What is commonplace/common place"
                    },
                    {
                        "value": 1600,
                        "clue": "A military prison; or, a fruit drink regularly for sale",
                        "solution": "What is stockade/stock ade"
                    },
                    {
                        "value": 2000,
                        "clue": "The relationship of twin girls; or, a wimple for a nun",
                        "solution": "What is sisterhood/sister hood"
                    }
                ]
            }
        ],
        "final": {
            "category": "THE GLOBE",
            "clue": "Of the more than a dozen countries through which the equator passes, this country stretches farthest south",
            "solution": "What is Brazil"
        }
    }
}