{
    "game": {
        "single": [
            {
                "category": "AMERICAN LIT",
                "clues": [
                    {
                        "value": 100,
                        "clue": "Mrs. Marie Louise Shew inspired this poet to write about the bells that annoyed him",
                        "solution": "What is Edgar Allan Poe"
                    },
                    {
                        "value": 200,
                        "clue": "In 1876 we saw \"The Adventures Of\" this character; in 1894 he went \"Abroad\" & in 1896 became a \"Detective\"",
                        "solution": "What is Tom Sawyer"
                    },
                    {
                        "value": 300,
                        "clue": "Like Jann Wenner, O.Henry ran a magazine called this",
                        "solution": "What is Rolling Stone"
                    },
                    {
                        "value": 400,
                        "clue": "In his 1823 book \"The Pioneers\", Judge Temple was based on his father William",
                        "solution": "What is James Fenimore Cooper"
                    },
                    {
                        "value": 500,
                        "clue": "This tough Irish-American lead character of 3 James T. Farrell novels of the '30s dies in the third one at 29",
                        "solution": "What is Studs Lonigan"
                    }
                ]
            },
            {
                "category": "MAY 1996",
                "clues": [
                    {
                        "value": 100,
                        "clue": "Kansas Lieutenant Governor Sheila Frahm was named to take his seat in the Senate until November's election",
                        "solution": "What is Bob Dole"
                    },
                    {
                        "value": 200,
                        "clue": "It wasn't nose to the grindstone, but Grindstone by a nose in this race May 4, 1996",
                        "solution": "What is Kentucky Derby"
                    },
                    {
                        "value": 300,
                        "clue": "The Keck II telescope sitting on an inactive volcano in this state was dedicated in May",
                        "solution": "What is Hawaii"
                    },
                    {
                        "value": 400,
                        "clue": "Evidence from an old diary seems to invalidate his claim of being first to fly over the North Pole",
                        "solution": "What is Richard Byrd"
                    },
                    {
                        "value": 500,
                        "clue": "The Sears Tower was bested in May 1996; the tallest building in the world is now in this Malaysian capital",
                        "solution": "What is Kuala Lumpur"
                    }
                ]
            },
            {
                "category": "FOOLS & FOLLIES",
                "clues": [
                    {
                        "value": 100,
                        "clue": "This country sold what's known as Seward's Folly",
                        "solution": "What is Russia"
                    },
                    {
                        "value": 200,
                        "clue": "A gowk is a person who is tricked on the Scottish equivalent of this U.S. observance",
                        "solution": "What is April Fool's Day"
                    },
                    {
                        "value": 300,
                        "clue": "Iron pyrite",
                        "solution": "What is Fool's gold"
                    },
                    {
                        "value": 400,
                        "clue": "Proper name of what's been called Fulton's Folly",
                        "solution": "What is The Clermont"
                    },
                    {
                        "value": 500,
                        "clue": "He wrote the songs for the 1971 musical \"Follies\"",
                        "solution": "What is Stephen Sondheim"
                    }
                ]
            },
            {
                "category": "U.S.A.",
                "clues": [
                    {
                        "value": 100,
                        "clue": "This state's motto is \"Agriculture And Commerce\", but it could be \"The Home Of Country Music\"",
                        "solution": "What is Tennessee"
                    },
                    {
                        "value": 200,
                        "clue": "The Jackson Zoo Blues is an annual music festival at the zoo in this state's capital city",
                        "solution": "What is Mississippi"
                    },
                    {
                        "value": 300,
                        "clue": "Appropriately, this Pine Tree State has a pine tree on its state flag",
                        "solution": "What is Maine"
                    },
                    {
                        "value": 400,
                        "clue": "Built in 1876, the Flying Horses Carousel on this Massachusetts island is a national historic landmark",
                        "solution": "What is Martha's Vineyard"
                    },
                    {
                        "value": 500,
                        "clue": "Exeter, capital of this state during the Revolutionary War, has an American independence museum",
                        "solution": "What is New Hampshire"
                    }
                ]
            },
            {
                "category": "SPORTS RULES",
                "clues": [
                    {
                        "value": 100,
                        "clue": "In hockey this player can't go to the bench to replace a broken stick until a stop in play",
                        "solution": "What is Goaltender"
                    },
                    {
                        "value": 200,
                        "clue": "If a \"lost ball\" is called in this British favorite, 6 runs minimum are scored",
                        "solution": "What is Cricket"
                    },
                    {
                        "value": 300,
                        "clue": "On an American football team, the only person not required to wear these is the kicker",
                        "solution": "What is Shoes"
                    },
                    {
                        "value": 400,
                        "clue": "In this sport, if a fault is committed by the serving team, a side-out is called",
                        "solution": "What is Volleyball"
                    },
                    {
                        "value": 500,
                        "clue": "Dives that begin in this acrobatic way are allowed only in platform events, not off boards",
                        "solution": "What is Handstand"
                    }
                ]
            },
            {
                "category": "FRUIT BOWL",
                "clues": [
                    {
                        "value": 100,
                        "clue": "Casaba, Cantaloupe, Honeydew",
                        "solution": "What is Melons"
                    },
                    {
                        "value": 200,
                        "clue": "Gala, Gravenstein, Rome Beauty",
                        "solution": "What is Apples"
                    },
                    {
                        "value": 300,
                        "clue": "Bosc, Comice, Asian",
                        "solution": "What is Pears"
                    },
                    {
                        "value": 400,
                        "clue": "Lambert, Amarelle, Duke",
                        "solution": "What is Cherries"
                    },
                    {
                        "value": 500,
                        "clue": "Brown Turkey, Kadota, Mission",
                        "solution": "What is Figs"
                    }
                ]
            }
        ],
        "double": [
            {
                "category": "ANCIENT EGYPT",
                "clues": [
                    {
                        "value": 200,
                        "clue": "Cheops' father, Snefru, had the first true one of these structures built at Dahshur",
                        "solution": "What is Pyramids"
                    },
                    {
                        "value": 400,
                        "clue": "The body of this wife of Akhenaten has never been found, but her bust is in Berlin",
                        "solution": "What is Nefertiti"
                    },
                    {
                        "value": 600,
                        "clue": "Imported from Punt, this sacred incense carried by the Magi was used for embalming",
                        "solution": "What is Myrrh"
                    },
                    {
                        "value": 800,
                        "clue": "Women used galena & later kohl as this part of their makeup kit",
                        "solution": "What is Eye Makeup (eyeliner, mascara)"
                    },
                    {
                        "value": 1000,
                        "clue": "This flower was the symbol of rebirth & of the god Re",
                        "solution": "What is Lotus"
                    }
                ]
            },
            {
                "category": "ORGANIZATIONS",
                "clues": [
                    {
                        "value": 200,
                        "clue": "This organization named for an ornithologist maintains more than 80 wildlife sanctuaries",
                        "solution": "What is The Audubon Society"
                    },
                    {
                        "value": 400,
                        "clue": "It's what NATO stands for",
                        "solution": "What is North Atlantic Treaty Organization"
                    },
                    {
                        "value": 600,
                        "clue": "Until 1950 this philanthropic org. founded by father & son automakers benefited mainly Michigan-based groups",
                        "solution": "What is The Ford Foundation"
                    },
                    {
                        "value": 800,
                        "clue": "Al-Anon was co-founded in the 1950s by the wife of one of the founders of this group",
                        "solution": "What is Alcoholics Anonymous"
                    },
                    {
                        "value": 1000,
                        "clue": "The United Daughters of the Confederacy is headquartered in this state capital",
                        "solution": "What is Richmond, Virginia"
                    }
                ]
            },
            {
                "category": "WORLD CITIES",
                "clues": [
                    {
                        "value": 200,
                        "clue": "Japan's imperial capital for over 1,000 years, its name is an anagram of Tokyo",
                        "solution": "What is Kyoto"
                    },
                    {
                        "value": 400,
                        "clue": "The Nobel Foundation, which oversees the awarding of the Nobel Prizes, is located in this capital",
                        "solution": "What is Stockholm"
                    },
                    {
                        "value": 600,
                        "clue": "Canada's main naval base on the eastern seaboard is in this Nova Scotia capital",
                        "solution": "What is Halifax"
                    },
                    {
                        "value": 800,
                        "clue": "This Ugandan capital was once the headquarters of the British East Africa Company",
                        "solution": "What is Kampala"
                    },
                    {
                        "value": 1000,
                        "clue": "Johann Sebastian Bach is buried in a church in this German city whose name is Slavonic for \"lime tree\"",
                        "solution": "What is Leipzig"
                    }
                ]
            },
            {
                "category": "JAZZ SINGERS",
                "clues": [
                    {
                        "value": 200,
                        "clue": "Known as \"Lady Day\", she began her recording career with Benny Goodman in November 1933",
                        "solution": "What is Billie Holiday"
                    },
                    {
                        "value": 400,
                        "clue": "In 1938 she had her first smash hit with Chick Webb's band, \"A-Tisket A-Tasket\"",
                        "solution": "What is Ella Fitzgerald"
                    },
                    {
                        "value": 600,
                        "clue": "The father of this \"Don't Worry, Be Happy\" singer provided Sidney Poitier's singing voice in \"Porgy And Bess\"",
                        "solution": "What is Bobby McFerrin"
                    },
                    {
                        "value": 800,
                        "clue": "In 1970 Janis Joplin helped pay for a gravestone for this \"World's Greatest Blues Singer\"",
                        "solution": "What is Bessie Smith"
                    },
                    {
                        "value": 1000,
                        "clue": "This jazz guitarist has had several pop vocal hits including \"This Masquerade\" & \"Give Me The Night\"",
                        "solution": "What is George Benson"
                    }
                ]
            },
            {
                "category": "ZOOLOGY",
                "clues": [
                    {
                        "value": 200,
                        "clue": "This slow-moving South American mammal eats, sleeps, mates & gives birth while hanging upside down in a tree",
                        "solution": "What is Sloth"
                    },
                    {
                        "value": 400,
                        "clue": "A zedonk is the hybrid of these 2 animals",
                        "solution": "What is Zebra & Donkey"
                    },
                    {
                        "value": 600,
                        "clue": "Having tiny eyes & poor vision, these small, flightless New Zealand birds hunt by scent",
                        "solution": "What is Kiwi"
                    },
                    {
                        "value": 800,
                        "clue": "When this fish first leaves fresh water for the sea, it's called a smolt",
                        "solution": "What is Salmon"
                    },
                    {
                        "value": 1000,
                        "clue": "Named for a people of Siberia, this pet pooch has been called \"the white dog with the smiling face\"",
                        "solution": "What is Samoyed"
                    }
                ]
            },
            {
                "category": "SHAKESPEAREAN POTPOURRI",
                "clues": [
                    {
                        "value": 200,
                        "clue": "He probably studied the classics, but Ben Jonson implied he had \"small Latin and less\" this language",
                        "solution": "What is Greek"
                    },
                    {
                        "value": 400,
                        "clue": "Peter Brook's unusual 1970 production of this comedy featured Oberon & Puck on trapezes",
                        "solution": "What is \"A Midsummer Night's Dream\""
                    },
                    {
                        "value": 600,
                        "clue": "In \"The Merchant of Venice\", his daughter Jessica elopes with Bassanio's friend Lorenzo",
                        "solution": "What is Shylock"
                    },
                    {
                        "value": 800,
                        "clue": "Laertes' last line in this play is \"Mine and my father's death come not upon thee, nor thine on me!\"",
                        "solution": "What is \"Hamlet\""
                    },
                    {
                        "value": 1000,
                        "clue": "\"Umabatha\", a Zulu production of this \"bewitching\" tragedy, appeared in London in 1972",
                        "solution": "What is \"Macbeth\""
                    }
                ]
            }
        ],
        "final": {
            "category": "THE WESTERN HEMISPHERE",
            "clue": "This country won independence from Spain in 1821 & from France in 1867",
            "solution": "What is Mexico"
        }
    }
}