{
    "game": {
        "single": [
            {
                "category": "SPOT THE MAMMAL",
                "clues": [
                    {
                        "value": 200,
                        "clue": "Turkey, marten, sponge",
                        "solution": "What is a marten"
                    },
                    {
                        "value": 400,
                        "clue": "Kiwi, kinkajou, kookaburra",
                        "solution": "What is kinkajou"
                    },
                    {
                        "value": 600,
                        "clue": "Shoebill, sea horse, narwhal",
                        "solution": "What is the narwhal"
                    },
                    {
                        "value": 800,
                        "clue": "Hyrax, pterodactyl, barracuda",
                        "solution": "What is hyrax"
                    },
                    {
                        "value": 1000,
                        "clue": "Albatross, pangolin, darter",
                        "solution": "What is the pangolin"
                    }
                ]
            },
            {
                "category": "11-LETTER WORDS",
                "clues": [
                    {
                        "value": 200,
                        "clue": "The doctor will hear you now—this instrument is used to listen to chest sounds",
                        "solution": "What is a stethoscope"
                    },
                    {
                        "value": 400,
                        "clue": "Pertaining to a pay raise effective as of a past date",
                        "solution": "What is retroactive"
                    },
                    {
                        "value": 600,
                        "clue": "To set the time on your watch to match another's",
                        "solution": "What is to synchronize"
                    },
                    {
                        "value": 800,
                        "clue": "A leadership of 3 people working jointly; Caesar was in \"the first\" one",
                        "solution": "What is a triumvirate"
                    },
                    {
                        "value": 1000,
                        "clue": "The ability to set things on fire by psychic power",
                        "solution": "What is pyrokinesis"
                    }
                ]
            },
            {
                "category": "ARRESTED DEVELOPMENT",
                "clues": [
                    {
                        "value": 200,
                        "clue": "Altogether, this \"great soul\" of India spent 7 years in prison for political activity",
                        "solution": "What is Gandhi"
                    },
                    {
                        "value": 400,
                        "clue": "The business sense of this naturalist & painter was for the birds; he was jailed for debt in 1819",
                        "solution": "What is (John James) Audubon"
                    },
                    {
                        "value": 600,
                        "clue": "This author's crime? Discussing banned books in the Petrashevsky Circle group in 1849; punishment? 4 years in Siberia",
                        "solution": "What is Dostoyevsky"
                    },
                    {
                        "value": 800,
                        "clue": "In 1944 Himmler tried to take over the German rocket program & jailed this V-2 rocket scientist who didn't cooperate",
                        "solution": "What is von Braun"
                    },
                    {
                        "value": 1000,
                        "clue": "In May 1895 this author was sentenced to 2 years at hard labor, mostly served at Reading Gaol",
                        "solution": "What is Oscar Wilde"
                    }
                ]
            },
            {
                "category": "MEASURING DEVICES",
                "clues": [
                    {
                        "value": 200,
                        "clue": "The name of this automobile instrument comes from the Greek for \"measure\" & \"way\"",
                        "solution": "What is odometer"
                    },
                    {
                        "value": 600,
                        "clue": "When making beer or wine, you might want to use a saccharometer to measure the concentration of this in a solution",
                        "solution": "What is sugar"
                    },
                    {
                        "value": 800,
                        "clue": "To measure curvature, a doctor places a scoliometer on this body part",
                        "solution": "What is the spine"
                    },
                    {
                        "value": 1000,
                        "clue": "An ebullioscope is used to determine this in liquids",
                        "solution": "What is the boiling point"
                    }
                ]
            },
            {
                "category": "POP CULTURE COLLEGE COURSES",
                "clues": [
                    {
                        "value": 200,
                        "clue": "You could boldly go to PHIL-180, \"Philosophy and Star Trek\", at this Catholic university in D.C.",
                        "solution": "What is Georgetown"
                    },
                    {
                        "value": 400,
                        "clue": "Columbia College Chicago dealt with these creatures \"in Popular Media\"; some say they're the new vampires",
                        "solution": "What is zombies"
                    },
                    {
                        "value": 600,
                        "clue": "M.I.T. offered \"Topics in Comparative Media: American Pro\" this; I'll break a folding chair on your head if you mess up!",
                        "solution": "What is Wrestling"
                    },
                    {
                        "value": 800,
                        "clue": "Northwestern took on \"Consumerism and Social Change in\" this AMC drama \"America, 1960-1965\"",
                        "solution": "What is Mad Men"
                    },
                    {
                        "value": 1000,
                        "clue": "But I would not feel so all alone at Connecticut College; everybody must know English 213B was on this singer",
                        "solution": "What is Bob Dylan"
                    }
                ]
            },
            {
                "category": "\"AMEN\"",
                "clues": [
                    {
                        "value": 200,
                        "clue": "A mournful poem or hymn for the departed",
                        "solution": "What is a lament"
                    },
                    {
                        "value": 400,
                        "clue": "The Diet or the Knesset",
                        "solution": "What is a parliament"
                    },
                    {
                        "value": 600,
                        "clue": "Energetic music & dance style of Andalusia",
                        "solution": "What is flamenco"
                    },
                    {
                        "value": 800,
                        "clue": "A difficult or unpleasant situation that is not easy to get out of",
                        "solution": "What is predicament"
                    },
                    {
                        "value": 1000,
                        "clue": "Catholicism has life covered with the 7 of these; they include baptism & anointing of the sick",
                        "solution": "What is the sacraments"
                    }
                ]
            }
        ],
        "double": [
            {
                "category": "LONDON SPRAWLING",
                "clues": [
                    {
                        "value": 400,
                        "clue": "This inner London borough is home to Buckingham Palace & Victoria Station, not just an abbey",
                        "solution": "What is Westminster"
                    },
                    {
                        "value": 800,
                        "clue": "Run away & join this neon-lit intersection of 4 London streets first formed in 1819",
                        "solution": "What is Piccadilly Circus"
                    },
                    {
                        "value": 1200,
                        "clue": "The British Museum is in this London neighborhood once home to a famous writers' \"group\"",
                        "solution": "What is Bloomsbury"
                    },
                    {
                        "value": 1600,
                        "clue": "A post-WWII planning act surrounded London with a ring of open land known by this colorful name",
                        "solution": "What is the Green Belt"
                    },
                    {
                        "value": 2000,
                        "clue": "This London neighborhood took its name from an old hunting cry; the one in NYC, from a street & a direction",
                        "solution": "What is Soho"
                    }
                ]
            },
            {
                "category": "SYNONYMS",
                "clues": [
                    {
                        "value": 400,
                        "clue": "\"Fringe\" is a synonym for this, hair that's combed over the forehead",
                        "solution": "What is bangs"
                    },
                    {
                        "value": 800,
                        "clue": "This synonym for \"voluptuous\" is named for a Flemish painter",
                        "solution": "What is Rubenesque"
                    },
                    {
                        "value": 1200,
                        "clue": "\"To moo like a cow\" & \"degraded\" are synonyms for 2 different definitions of this 3-letter word",
                        "solution": "What is low"
                    },
                    {
                        "value": 1600,
                        "clue": "\"Apex\" is from the Latin; this 4-letter synonym is from the Greek for \"point\"",
                        "solution": "What is acme"
                    },
                    {
                        "value": 2000,
                        "clue": "Another name for a wine steward is this French word",
                        "solution": "What is a sommelier"
                    }
                ]
            },
            {
                "category": "NURSERY RHYME CATS",
                "clues": [
                    {
                        "value": 400,
                        "clue": "After the Owl & the Pussy-cat were married, \"they danced by the light of\" this",
                        "solution": "What is the moon"
                    },
                    {
                        "value": 800,
                        "clue": "\"Little Robin\" this \"sat upon a tree, up went Pussycat and down went he\"",
                        "solution": "What is Redbreast"
                    },
                    {
                        "value": 1200,
                        "clue": "For losing their mittens, the 3 little kittens \"began to cry\" & were denied this dessert by their mother",
                        "solution": "What is pie"
                    },
                    {
                        "value": 1600,
                        "clue": "With a crooked one of these coins, the crooked man \"bought a crooked cat, which caught a crooked mouse\"",
                        "solution": "What is a sixpence"
                    },
                    {
                        "value": 2000,
                        "clue": "\"The gingham dog and\" this feline \"side by side on the table sat\"",
                        "solution": "What is the calico cat"
                    }
                ]
            },
            {
                "category": "NONFICTION BOOKS ON THE BIG SCREEN",
                "clues": [
                    {
                        "value": 400,
                        "clue": "This 2005 film about Johnny Cash comes from his autobiography \"Man in Black\"",
                        "solution": "What is Walk the Line"
                    },
                    {
                        "value": 800,
                        "clue": "\"See No Evil\", about the CIA in the Middle East, became \"Syriana\", which won an Oscar for this actor",
                        "solution": "What is (George) Clooney"
                    },
                    {
                        "value": 1200,
                        "clue": "\"Lost Moon\" followed this ill-fated space mission",
                        "solution": "What is Apollo 13"
                    },
                    {
                        "value": 1600,
                        "clue": "\"A Mighty Heart\" was the story of Daniel Pearl, a reporter for this newspaper who was killed in Pakistan",
                        "solution": "What is The Wall Street Journal"
                    },
                    {
                        "value": 2000,
                        "clue": "Tina Fey used \"Queen Bees and Wannabes\" as fodder to write this Lindsay Lohan film",
                        "solution": "What is Mean Girls"
                    }
                ]
            },
            {
                "category": "THE WEST",
                "clues": [
                    {
                        "value": 800,
                        "clue": "This state capital came into being in one day, on April 22, 1889, when 50,000 swarmed onto 2 million acres",
                        "solution": "What is Oklahoma City"
                    },
                    {
                        "value": 1200,
                        "clue": "(Kelly of the Clue Crew shows a map on the monitor.) In 1863, the Central Pacific Railroad broke ground in Sacramento, & the Union Pacific Railroad did the same in Omaha. The 1869 joining of the two in Promontory, Utah, was symbolized by this 2-word item",
                        "solution": "What is the Golden Spike"
                    },
                    {
                        "value": 1600,
                        "clue": "Published in 1810, this explorer's journals \"peaked\" interest with the first descriptions of the Southern Plains & Rockies",
                        "solution": "What is (Zebulon) Pike"
                    },
                    {
                        "value": 2000,
                        "clue": "Though he had a Native American wife, Kit Carson followed orders to subdue this people & relocate 8,000 in New Mexico",
                        "solution": "What is the Navajo"
                    }
                ]
            },
            {
                "category": "\"Y\": ME",
                "clues": [
                    {
                        "value": 400,
                        "clue": "When President Buchanan (a man with no wives!) removed me as Utah governor, hostilities ensued",
                        "solution": "What is (Brigham) Young"
                    },
                    {
                        "value": 800,
                        "clue": "My pop song parodies include polkas, & I have the same last name as the winner of the first polka Grammy",
                        "solution": "What is \"Weird Al\" Yankovic"
                    },
                    {
                        "value": 1200,
                        "clue": "I starred in \"The Three Musketeers\", \"The Four Musketeers\", \"The Return of the Musketeers\" & \"Austin Powers\"",
                        "solution": "What is Michael York"
                    },
                    {
                        "value": 1600,
                        "clue": "I was a humble 19th century Japanese organ maker, yet today my name is on guitars, MP3 players & motorcycles",
                        "solution": "What is (Torakusu) Yamaha"
                    },
                    {
                        "value": 2000,
                        "clue": "In 1713 I gave a bunch of books to a school at Saybrook, Connecticut",
                        "solution": "What is (Elihu) Yale"
                    }
                ]
            }
        ],
        "final": {
            "category": "CONSTITUTIONAL MONARCHIES",
            "clue": "The constitution of this country allows the monarch to abdicate, which has happened in 1948, 1980 & 2013",
            "solution": "What is the Netherlands"
        }
    }
}