{
    "game": {
        "single": [
            {
                "category": "INSECTS",
                "clues": [
                    {
                        "value": 100,
                        "clue": "Some species of this insect obtain their cellulose from grass & humus in the soil rather than from wood",
                        "solution": "What is termites"
                    },
                    {
                        "value": 200,
                        "clue": "The chief insect carriers of encephalitis are the Culex & Aedes types of this insect",
                        "solution": "What is mosquitoes"
                    },
                    {
                        "value": 300,
                        "clue": "These 2 insects make up the order Lepidoptera, the second largest order of insects",
                        "solution": "What is moths & butterflies"
                    },
                    {
                        "value": 400,
                        "clue": "June, Japanese & dung are types of this insect, from its scarab family",
                        "solution": "What is beetles"
                    },
                    {
                        "value": 500,
                        "clue": "Pediculus capitis, a species of this blood-eating insect, lays its eggs on the hair of humans & other mammals",
                        "solution": "What is lice"
                    }
                ]
            },
            {
                "category": "FAMOUS WOMEN",
                "clues": [
                    {
                        "value": 100,
                        "clue": "Frank Butler married this markswoman after she beat him in a shooting contest",
                        "solution": "What is Annie Oakley"
                    },
                    {
                        "value": 200,
                        "clue": "Designers Liz Claiborne & Diane von Furstenberg were born in this Belgian capital",
                        "solution": "What is Brussels"
                    },
                    {
                        "value": 300,
                        "clue": "This lady who sang the blues was born Eleanora Fagan in 1915",
                        "solution": "What is Billie Holiday"
                    },
                    {
                        "value": 400,
                        "clue": "She received a doctorate from Cambridge in 1965 after doing a thesis on chimpanzee behavior",
                        "solution": "What is Jane Goodall"
                    },
                    {
                        "value": 500,
                        "clue": "In 1939 she was named honorary pres. of what became Planned Parenthood Federation of America",
                        "solution": "What is Margaret Sanger"
                    }
                ]
            },
            {
                "category": "HERALDRY",
                "clues": [
                    {
                        "value": 100,
                        "clue": "2 of these striped animals grace Botswana's coat of arms",
                        "solution": "What is zebras"
                    },
                    {
                        "value": 200,
                        "clue": "A heraldic charge called a label often represents the eldest one of these in an English family",
                        "solution": "What is son"
                    },
                    {
                        "value": 300,
                        "clue": "On a shield, a mullet isn't a fish but one of these that usually has 5 points",
                        "solution": "What is star"
                    },
                    {
                        "value": 400,
                        "clue": "Erminois, a heraldic fur, consists of spots of this color on a field of gold",
                        "solution": "What is black"
                    },
                    {
                        "value": 500,
                        "clue": "Albania's coat of arms boasts a double one of these birds; Mexico's, a single one with a snake in its mouth",
                        "solution": "What is eagle"
                    }
                ]
            },
            {
                "category": "UNOFFICIAL STATE NICKNAMES",
                "clues": [
                    {
                        "value": 100,
                        "clue": "It's the \"Land of the Mormons\"",
                        "solution": "What is Utah"
                    },
                    {
                        "value": 200,
                        "clue": "Because of its violent storms, it's sometimes called the \"Cyclone State\"",
                        "solution": "What is Kansas"
                    },
                    {
                        "value": 300,
                        "clue": "It once had many Apache inhabitants, so it was nicknamed the \"Apache State\"",
                        "solution": "What is Arizona"
                    },
                    {
                        "value": 400,
                        "clue": "Because it was named for Queen Henrietta Maria, it's sometimes called the \"Queen State\"",
                        "solution": "What is Maryland"
                    },
                    {
                        "value": 500,
                        "clue": "Officially, it's the \"Land of Enchantment\", unofficially, it's the \"Land of Heart's Desire\"",
                        "solution": "What is New Mexico"
                    }
                ]
            },
            {
                "category": "IN THE \"PINK\"",
                "clues": [
                    {
                        "value": 100,
                        "clue": "The little finger",
                        "solution": "What is pinky"
                    },
                    {
                        "value": 200,
                        "clue": "One who is dismissed from a job is said to have received this",
                        "solution": "What is pink slip"
                    },
                    {
                        "value": 300,
                        "clue": "Since 1980 Owens-Corning Fiberglass has used this cartoon character in its advertising",
                        "solution": "What is the Pink Panther"
                    },
                    {
                        "value": 400,
                        "clue": "In sewing this tool is used to give a zigzag edge to cloth",
                        "solution": "What is pinking shears"
                    },
                    {
                        "value": 500,
                        "clue": "\"Another Brick in the Wall\" in 1980 was this group's only No. 1 single",
                        "solution": "What is Pink Floyd"
                    }
                ]
            },
            {
                "category": "LEFTOVERS",
                "clues": [
                    {
                        "value": 100,
                        "clue": "The most complete collection of El Greco's work is in this Spanish museum",
                        "solution": "What is the Prado"
                    },
                    {
                        "value": 200,
                        "clue": "This co-author of \"The Federalist\" was the only signer of the Constitution from New York state",
                        "solution": "What is (Alexander) Hamilton"
                    },
                    {
                        "value": 300,
                        "clue": "This \"pure\" 1906 act followed complaints about harmful chemical food additives",
                        "solution": "What is The Pure Food and Drug Act"
                    },
                    {
                        "value": 400,
                        "clue": "These canals on the U.S.-Canada border connect lakes Huron & Superior",
                        "solution": "What is the Soo Canals"
                    },
                    {
                        "value": 500,
                        "clue": "In 1987 this Nordic nation began exporting Elduris vodka to the U.S.; its name means \"fire-ice\"",
                        "solution": "What is Iceland"
                    }
                ]
            }
        ],
        "double": [
            {
                "category": "HISTORY",
                "clues": [
                    {
                        "value": 200,
                        "clue": "In this 11th century battle, the Normans defeated the Saxons",
                        "solution": "What is Battle of Hastings"
                    },
                    {
                        "value": 400,
                        "clue": "Prince Potemkin allegedly built artificial villages for this empress' 1787 tour of the Crimea",
                        "solution": "What is Catherine"
                    },
                    {
                        "value": 600,
                        "clue": "Marco Polo described this Mongol ruler as \"fair and ruddy like a rose\"",
                        "solution": "What is Kublai Khan"
                    },
                    {
                        "value": 800,
                        "clue": "In 1970 he became president of Chile on his 4th try; in 1973 he was overthrown in a coup",
                        "solution": "What is Salvador Allende"
                    },
                    {
                        "value": 1000,
                        "clue": "In 1960 Belgium's King Baudouin I turned over rule of this country to Patrice Lumumba",
                        "solution": "What is the Congo"
                    }
                ]
            },
            {
                "category": "TYCOONS",
                "clues": [
                    {
                        "value": 200,
                        "clue": "This presidential candidate came in 19th on the 1992 Forbes list of the 400 richest people in the U.S.",
                        "solution": "What is Ross Perot"
                    },
                    {
                        "value": 400,
                        "clue": "William Cook, the richest person in Indiana, made his fortune from these tubes that are inserted into veins",
                        "solution": "What is catheters"
                    },
                    {
                        "value": 600,
                        "clue": "Last name of New York publishers Donald & S.I., whose combined fortunes total over $6 billion",
                        "solution": "What is Newhouse"
                    },
                    {
                        "value": 800,
                        "clue": "The richest people in Delaware are associated with this family",
                        "solution": "What is the Du Ponts"
                    },
                    {
                        "value": 1000,
                        "clue": "The richest people in Arkansas & California got their money from this store chain",
                        "solution": "What is Wal-Mart"
                    }
                ]
            },
            {
                "category": "ART",
                "clues": [
                    {
                        "value": 200,
                        "clue": "His famous 1872 painting of the Cotton Exchange in New Orleans doesn't depict any ballet dancers",
                        "solution": "What is (Edgar) Degas"
                    },
                    {
                        "value": 400,
                        "clue": "Gauguin painted this friend of his \"Painting Sunflowers\" in 1888",
                        "solution": "What is Vincent Van Gogh"
                    },
                    {
                        "value": 600,
                        "clue": "Donatello created a marble statue of this biblical youth before his more famous bronze one",
                        "solution": "What is David"
                    },
                    {
                        "value": 800,
                        "clue": "Van Dyck painted some of his finest portraits in this city, Columbus' hometown",
                        "solution": "What is Genoa"
                    },
                    {
                        "value": 1000,
                        "clue": "Aubrey Beardsley's 1st commission was to illustrate a new edition of this author's \"Morte d'Arthur\"",
                        "solution": "What is (SIr Thomas) Malory"
                    }
                ]
            },
            {
                "category": "HOLLYWOOD IN THE '30s",
                "clues": [
                    {
                        "value": 200,
                        "clue": "This Swede reportedly said Hollywood \"is the only place in the world where I can be left alone!\"",
                        "solution": "What is Greta Garbo"
                    },
                    {
                        "value": 400,
                        "clue": "Hollywood grieved when this great silent film swashbuckler died suddenly on December 12, 1939",
                        "solution": "What is Douglas Fairbanks (Sr.)"
                    },
                    {
                        "value": 600,
                        "clue": "When this \"newsworthy\" producer was hit by hard times, Marion Davies loaned him a million dollars",
                        "solution": "What is (William Randolph) Hearst"
                    },
                    {
                        "value": 800,
                        "clue": "This tool company heir was only 24 when he made teenaged Jean Harlow a star in his film \"Hell's Angels\"",
                        "solution": "What is Howard Hughes"
                    },
                    {
                        "value": 1000,
                        "clue": "This blonde was still married to Jackie Coogan when she co-starred with him in \"Million Dollar Legs\"",
                        "solution": "What is Betty Grable"
                    }
                ]
            },
            {
                "category": "POLITICAL TERMS",
                "clues": [
                    {
                        "value": 200,
                        "clue": "The Stalwarts of this political party opposed President Garfield's civil service reforms",
                        "solution": "What is Republican"
                    },
                    {
                        "value": 400,
                        "clue": "\"Sartorial\" term for the ability of a popular candidate to pull up those lower on the ticket",
                        "solution": "What is coattails"
                    },
                    {
                        "value": 600,
                        "clue": "An auto da fe was the cermony accompanying the execution of heretics by this tribunal",
                        "solution": "What is the Spanish Inquisition"
                    },
                    {
                        "value": 800,
                        "clue": "The government of this empire was sometimes called the Sublime Porte after a gate in Constantinople",
                        "solution": "What is Ottoman Empire"
                    },
                    {
                        "value": 1000,
                        "clue": "This nickname of Francois du Tremblay, secretary to Cardinal Richelieu, means \"grey eminence\"",
                        "solution": "What is eminence grise"
                    }
                ]
            },
            {
                "category": "AUTHORS' BIRTHPLACES",
                "clues": [
                    {
                        "value": 200,
                        "clue": "He was from St. Mary's County, Maryland, but set Sam Spade's office in San Francisco",
                        "solution": "What is Dashiell Hammett"
                    },
                    {
                        "value": 400,
                        "clue": "A Philadelphian by birth, she wrote about \"Coming of Age in Samoa\"",
                        "solution": "What is Margaret Mead"
                    },
                    {
                        "value": 600,
                        "clue": "Theodore Dreiser was born in this Indiana city, presumably on \"high ground\"",
                        "solution": "What is Terre Haute"
                    },
                    {
                        "value": 800,
                        "clue": "Her father was a Hungarian immigrant & this \"Show Boat\" author was a gal from Kalamazoo",
                        "solution": "What is Edna Ferber"
                    },
                    {
                        "value": 1000,
                        "clue": "Though he later became a Swiss citizen, this \"Steppenwolf\" author was from the Black Forest",
                        "solution": "What is Hermann Hesse"
                    }
                ]
            }
        ],
        "final": {
            "category": "SOUTH AMERICA",
            "clue": "The name of this capital city is a corruption of Rimac, the river on which it lies",
            "solution": "What is Lima, Peru"
        }
    }
}