{
    "game": {
        "single": [
            {
                "category": "LAKES & RIVERS",
                "clues": [
                    {
                        "value": 100,
                        "clue": "Only Great Lake with an outlet to the St. Lawrence River",
                        "solution": "What is Lake Ontario"
                    },
                    {
                        "value": 400,
                        "clue": "World leader whose summer home is at Castel Gandolfo on Lake Albano",
                        "solution": "What is Pope John Paul"
                    },
                    {
                        "value": 500,
                        "clue": "Continent whose major river system is the Murray",
                        "solution": "What is Australia"
                    }
                ]
            },
            {
                "category": "RADIO",
                "clues": [
                    {
                        "value": 100,
                        "clue": "3-letter word which is the general topic of Dr. Ruth Westheimer's radio call-in show",
                        "solution": "What is sex"
                    },
                    {
                        "value": 200,
                        "clue": "Comic strip heroine whose radio theme began, \"Who's that little chatterbox...\"",
                        "solution": "What is Little Orphan Annie"
                    },
                    {
                        "value": 300,
                        "clue": "Los Angeles D.J. who took over the hosting job this season on TV's \"Solid Gold\"",
                        "solution": "What is Rick Dees"
                    },
                    {
                        "value": 500,
                        "clue": "Name under which Barry Hansen \"doctors\" up popular weird song radio show",
                        "solution": "What is Dr. Demento"
                    }
                ]
            },
            {
                "category": "POTENT POTABLES",
                "clues": [
                    {
                        "value": 100,
                        "clue": "The most common of these used today is Angostura",
                        "solution": "What is bitters"
                    },
                    {
                        "value": 200,
                        "clue": "This peach-flavored bourbon is popular on both sides of the Mason-Dixon Line",
                        "solution": "What is Southern Comfort"
                    },
                    {
                        "value": 300,
                        "clue": "Liquor that this song's about: \"Jose Cuervo you are a friend of mine / I like to drink you with a little salt and lime / Did I kiss all the cowboys? / Did I shoot out the lights? / Did I dance on the bar? / Did I start a fight?\"",
                        "solution": "What is tequila"
                    },
                    {
                        "value": 400,
                        "clue": "European country that produces the most wine",
                        "solution": "What is Italy"
                    },
                    {
                        "value": 500,
                        "clue": "It's done to spiced wine to make it \"mulled\"",
                        "solution": "What is you heat it"
                    }
                ]
            },
            {
                "category": "5-LETTER WORDS",
                "clues": [
                    {
                        "value": 100,
                        "clue": "The space on the paper to be filled in",
                        "solution": "What is blank"
                    },
                    {
                        "value": 200,
                        "clue": "The \"courage\" to pull out a feather",
                        "solution": "What is pluck"
                    },
                    {
                        "value": 300,
                        "clue": "You do it to grapes, doorbells & ducks",
                        "solution": "What is press"
                    }
                ]
            },
            {
                "category": "COUNTRY MUSIC",
                "clues": [
                    {
                        "value": 100,
                        "clue": "His '64 film biography was called \"Your Cheatin' Heart\"",
                        "solution": "What is Hank Williams"
                    },
                    {
                        "value": 200,
                        "clue": "Carl Perkins, Johnny Cash & Elvis Presley all got their start with this Memphis recording co.",
                        "solution": "What is Sun Records"
                    },
                    {
                        "value": 300,
                        "clue": "Guitarist who won \"Cashbox's\" best instrumentalist award 19 years straight",
                        "solution": "What is Chester (Chet) Atkins"
                    },
                    {
                        "value": 400,
                        "clue": "This former pro ballplayer is country's top Black star",
                        "solution": "What is Charley Pride"
                    }
                ]
            },
            {
                "category": "ETIQUETTE",
                "clues": [
                    {
                        "value": 100,
                        "clue": "This etiquette expert is really Judith Martin",
                        "solution": "What is Miss Manners"
                    },
                    {
                        "value": 500,
                        "clue": "In the U.S., an invitation to dinner here is akin to a command & other plans should be cancelled",
                        "solution": "What is the White House"
                    }
                ]
            }
        ],
        "double": [
            {
                "category": "MEDICAL HISTORY",
                "clues": [
                    {
                        "value": 200,
                        "clue": "French medical pioneer who developed rabies vaccine",
                        "solution": "What is Pasteur"
                    },
                    {
                        "value": 400,
                        "clue": "Known as consumption in the 19th century, this disease, not a six-gun, killed Doc Holliday",
                        "solution": "What is tuberculosis"
                    },
                    {
                        "value": 600,
                        "clue": "The 1st surgical anesthetic, it's been in use since 1842",
                        "solution": "What is ether"
                    },
                    {
                        "value": 800,
                        "clue": "Empowered by a 1938 act of Cong., this agency guards against snake oil cures & excess rat hairs in food",
                        "solution": "What is the Food and Drug Administration (the FDA)"
                    },
                    {
                        "value": 1000,
                        "clue": "Discovered in 1957, this antiviral protein is useful in treating some cancers",
                        "solution": "What is interferon"
                    }
                ]
            },
            {
                "category": "THEATER",
                "clues": [
                    {
                        "value": 200,
                        "clue": "Muslin-covered, wooden-framed set piece, or how Joan Rivers refers to her chest",
                        "solution": "What is a flat"
                    },
                    {
                        "value": 400,
                        "clue": "In O'Neill play, a passionate stepmother & stepson found \"Desire\" there",
                        "solution": "What is Under The Elms"
                    },
                    {
                        "value": 600,
                        "clue": "Brother of the notorious John Wilkes, he played the finest Hamlet of his time",
                        "solution": "What is Edwin Booth"
                    },
                    {
                        "value": 800,
                        "clue": "The stage is dressed but the actors aren't in this musical with sketches by Jules Feiffer & John Lennon",
                        "solution": "What is Oh, Calcutta!"
                    },
                    {
                        "value": 1000,
                        "clue": "\"Learn the lines & don't bump into the furniture,\" advised this Brit. author of \"Blithe Spirit\"",
                        "solution": "What is Noel Coward"
                    }
                ]
            },
            {
                "category": "RELIGION",
                "clues": [
                    {
                        "value": 200,
                        "clue": "In Catholicism, the dead make amends here for their sins before entering heaven",
                        "solution": "What is purgatory"
                    },
                    {
                        "value": 400,
                        "clue": "Rastafarians worship this late Ethiopian emperor as God",
                        "solution": "What is Haile Selassie"
                    },
                    {
                        "value": 600,
                        "clue": "They started publishing their \"Watchtower\" magazine in 1879, the year they were organized",
                        "solution": "What is the Jehovah's Witnesses"
                    },
                    {
                        "value": 800,
                        "clue": "Daughter of this congressman murdered by Jonestown cult is member of Rajneesh cult in Oregon",
                        "solution": "What is (Leo) Ryan"
                    }
                ]
            },
            {
                "category": "1940",
                "clues": [
                    {
                        "value": 200,
                        "clue": "German saturation bombing of this courageous city was called \"The Blitz\"",
                        "solution": "What is London"
                    },
                    {
                        "value": 400,
                        "clue": "This industry became the 1st form of U.S. transport to pass a year without a fatality",
                        "solution": "What is aviation"
                    },
                    {
                        "value": 600,
                        "clue": "This du Maurier story was Hitchcock's U.S. directing debut & 1940's Best Picture",
                        "solution": "What is Rebecca"
                    }
                ]
            },
            {
                "category": "FAMOUS FOLKS",
                "clues": [
                    {
                        "value": 200,
                        "clue": "Vietnam commander Wm. Westmoreland sued CBS over remarks made on this show",
                        "solution": "What is 60 Minutes"
                    },
                    {
                        "value": 400,
                        "clue": "After starring with Gene Wilder in \"Woman in Red\", she married him",
                        "solution": "What is Gilda Radner"
                    },
                    {
                        "value": 600,
                        "clue": "U.S. secretary of transportation who's married to the Senate majority leader",
                        "solution": "What is Elizabeth Dole"
                    },
                    {
                        "value": 800,
                        "clue": "Paralleling Westmoreland case, this Israeli general & former defense minister sued \"Time\"",
                        "solution": "What is Ariel Sharon"
                    },
                    {
                        "value": 1000,
                        "clue": "Former Baptist preacher & LBJ White House press sec'y, now commentator on \"CBS Evening News\"",
                        "solution": "What is Bill Moyers"
                    }
                ]
            },
            {
                "category": "LAST WORDS",
                "clues": [
                    {
                        "value": 200,
                        "clue": "Actor Robert Armstrong said of his demise, \"twas beauty killed the beast\"",
                        "solution": "What is King Kong"
                    },
                    {
                        "value": 400,
                        "clue": "She closed her '50s variety hour with a big \"Mmmm-wah!\" to the audience",
                        "solution": "What is Dinah Shore"
                    },
                    {
                        "value": 600,
                        "clue": "In Shakespeare, Julius Caesar's accusatory adieu",
                        "solution": "What is \"et tu, Brutus\""
                    },
                    {
                        "value": 800,
                        "clue": "As they both lay dying July 4, 1826, his last words were \"Jefferson still survives\"",
                        "solution": "What is John Adams"
                    },
                    {
                        "value": 1000,
                        "clue": "This British Restoration king's last concern was for his mistress: \"Let not poor Nelly starve\"",
                        "solution": "What is Charles II"
                    }
                ]
            }
        ],
        "final": {
            "category": "THE AUTOMOBILE",
            "clue": "In 1972, it surpassed the Model T to become largest single car model ever sold",
            "solution": "What is Volkswagen Beetle"
        }
    }
}