{
    "game": {
        "single": [
            {
                "category": "INSECTS",
                "clues": [
                    {
                        "value": 200,
                        "clue": "The evocatively named sticktight is one of these pet-tormenting parasites",
                        "solution": "What is a flea"
                    },
                    {
                        "value": 400,
                        "clue": "The Colorado type of this plentiful insect is the terror of potato growers",
                        "solution": "What is the potato beetle"
                    },
                    {
                        "value": 600,
                        "clue": "The Viceroy butterfly does its best to look like this bad-tasting butterfly",
                        "solution": "What is the monarch"
                    },
                    {
                        "value": 800,
                        "clue": "Some solitary ones make their nests out of mud; social ones, usually from paper",
                        "solution": "What is wasps"
                    },
                    {
                        "value": 1000,
                        "clue": "A mosquito at this life stage is called a wriggler",
                        "solution": "What is a larva"
                    }
                ]
            },
            {
                "category": "QUOTABLE CINEMA",
                "clues": [
                    {
                        "value": 200,
                        "clue": "1939: \"I'll get you, my pretty, and your little dog, too!\"",
                        "solution": "What is The Wizard of Oz"
                    },
                    {
                        "value": 400,
                        "clue": "1933: \"Oh, no. It wasn't the airplanes. It was Beauty killed the Beast\"",
                        "solution": "What is King Kong"
                    },
                    {
                        "value": 600,
                        "clue": "1976: \"I'm as mad as hell, and I'm not going to take this anymore!\"",
                        "solution": "What is Network"
                    },
                    {
                        "value": 800,
                        "clue": "1989: \"I'll have what she's having\"",
                        "solution": "What is When Harry Met Sally..."
                    },
                    {
                        "value": 1000,
                        "clue": "1967: \"They call me Mr. Tibbs!\"",
                        "solution": "What is In the Heat of the Night"
                    }
                ]
            },
            {
                "category": "AMERICANA",
                "clues": [
                    {
                        "value": 200,
                        "clue": "Rhode Island is nicknamed \"Little Rhody\", & this state is \"Little Ida\"",
                        "solution": "What is Idaho"
                    },
                    {
                        "value": 400,
                        "clue": "The fabulous Hawaiian estate of heiress Doris Duke is now a tourist attraction near Diamond Head on this island",
                        "solution": "What is Oahu"
                    },
                    {
                        "value": 600,
                        "clue": "This Chicago cemetery is the final resting place of Mies van der Rohe, but not—despite its name—of Elvis",
                        "solution": "What is Graceland"
                    },
                    {
                        "value": 800,
                        "clue": "You don't have to be in spitting distance to know that N.C. has 3 official festivals; 2 of them honor this fruit",
                        "solution": "What is the watermelon"
                    },
                    {
                        "value": 1000,
                        "clue": "Love was in the air in 1969 when this state adopted the tourism slogan that says it \"is for lovers\"",
                        "solution": "What is Virginia"
                    }
                ]
            },
            {
                "category": "HARLEY-DAVIDSON",
                "clues": [
                    {
                        "value": 200,
                        "clue": "(Sarah of the Clue Crew reports from Harley-Davidson in Wisconsin.) This very first Harley from 1903 had a production run of 3; 3 was also the number of these units it put out, while today's bikes are often 125",
                        "solution": "What is horsepower"
                    },
                    {
                        "value": 400,
                        "clue": "The 1960 \"Topper\" was Harley's version of this type of bike made by Italian companies like Vespa",
                        "solution": "What is a scooter"
                    },
                    {
                        "value": 600,
                        "clue": "(Kelly of the Clue Crew reports from Harley-Davidson in Wisconsin.) The 1990 \"Fat Boy\" featured in \"Terminator 2\" is a fitting model whose bikes go by this famous nickname",
                        "solution": "What is \"Hogs\""
                    },
                    {
                        "value": 800,
                        "clue": "In 1980 Harley released a bike named for this Black Hills Motorcycle Rally site",
                        "solution": "What is Sturgis (South Dakota)"
                    },
                    {
                        "value": 1000,
                        "clue": "(Jimmy of the Clue Crew reports from Harley-Davidson in Wisconsin.) This is a World War I-era Harley, like the ones this general's forces rode in pursuit of Pancho Villa",
                        "solution": "What is Pershing"
                    }
                ]
            },
            {
                "category": "A LIFE OF CRIME",
                "clues": [
                    {
                        "value": 200,
                        "clue": "One of the most famous fictional crimesolvers ever, he also played the violin & used cocaine",
                        "solution": "What is Sherlock Holmes"
                    },
                    {
                        "value": 400,
                        "clue": "About 63% of the people in U.S. federal prisons are there on offenses relating to these",
                        "solution": "What is drugs"
                    },
                    {
                        "value": 600,
                        "clue": "In the film \"Bugsy\" Ben Kingsley played this Jewish syndicate leader & founder of Murder, Inc.",
                        "solution": "What is Meyer Lansky"
                    },
                    {
                        "value": 800,
                        "clue": "Hanged in 1912, Thomas Jennings was the USA's first criminal convicted using this evidence unique to each of us",
                        "solution": "What is fingerprints"
                    },
                    {
                        "value": 1000,
                        "clue": "On Sept. 26, 1933 he dropped his namesake gun & told the police, \"I've been waiting all night for you\"",
                        "solution": "What is \"Machine Gun\" Kelly"
                    }
                ]
            },
            {
                "category": "\"RAP\" SHEET",
                "clues": [
                    {
                        "value": 200,
                        "clue": "In city names, they can be Grand or Cedar",
                        "solution": "What is Rapids"
                    },
                    {
                        "value": 400,
                        "clue": "A natural, friendly liking for someone based on mutual trust",
                        "solution": "What is rapport"
                    },
                    {
                        "value": 600,
                        "clue": "Toronto pro team",
                        "solution": "What is the Raptors"
                    },
                    {
                        "value": 800,
                        "clue": "\"I'm Not\" this guy in a Tony Award-winning play from 1986",
                        "solution": "What is Rappaport"
                    },
                    {
                        "value": 1000,
                        "clue": "This archaic term for a mischievous or annoying child can also mean a rogue or scamp",
                        "solution": "What is a rapscallion"
                    }
                ]
            }
        ],
        "double": [
            {
                "category": "TAKE ME TO YOUR LEADER",
                "clues": [
                    {
                        "value": 400,
                        "clue": "In 1961 this country's P.W. Botha assumed his first cabinet position—Minister of Coloured Affairs",
                        "solution": "What is South Africa"
                    },
                    {
                        "value": 800,
                        "clue": "Though his Fatah party lost in 2006 Palestinian elections, he remained president",
                        "solution": "What is Abbas"
                    },
                    {
                        "value": 1200,
                        "clue": "In 1984 Louis Gossett Jr. was nominated for an Emmy for his portrayal of this assassinated Egyptian leader",
                        "solution": "What is Sadat"
                    },
                    {
                        "value": 1600,
                        "clue": "Nana Sahib was an important leader of these rebels in 1857 India",
                        "solution": "What is the Sepoys"
                    },
                    {
                        "value": 2000,
                        "clue": "Indonesia's President Sukarno was the father of this woman who also became president of Indonesia",
                        "solution": "What is Megawarti Sukarnoputri"
                    }
                ]
            },
            {
                "category": "I MARRIED ELIZABETH TAYLOR",
                "clues": [
                    {
                        "value": 400,
                        "clue": "This actor married Ms. Taylor in 1964 (& was divorced from her in 1974)",
                        "solution": "What is Richard Burton"
                    },
                    {
                        "value": 800,
                        "clue": "This actor married Ms. Taylor in 1975 (& was divorced from her in 1976)",
                        "solution": "What is Richard Burton"
                    },
                    {
                        "value": 1200,
                        "clue": "Paul Simon's ex-father-in-law, he co-starred with Elizabeth in \"BUtterfield 8\"",
                        "solution": "What is Eddie Fisher"
                    },
                    {
                        "value": 1600,
                        "clue": "He was first elected as a Virginia senator in 1978",
                        "solution": "What is John Warner"
                    },
                    {
                        "value": 2000,
                        "clue": "Married in 1991, this construction worker... aw heck, either you know this guy or you don't",
                        "solution": "What is Fortensky"
                    }
                ]
            },
            {
                "category": "THE NORTHERNMOST CAPITAL CITY",
                "clues": [
                    {
                        "value": 400,
                        "clue": "Cairo, Copenhagen, Canberra",
                        "solution": "What is Copenhagen"
                    },
                    {
                        "value": 800,
                        "clue": "Brasilia, Bogota, Buenos Aires",
                        "solution": "What is Bogota"
                    },
                    {
                        "value": 1200,
                        "clue": "Wellington, Warsaw, Washington, D.C.",
                        "solution": "What is Warsaw"
                    },
                    {
                        "value": 1600,
                        "clue": "Oslo, Ottawa, Osmara",
                        "solution": "What is Oslo"
                    },
                    {
                        "value": 2000,
                        "clue": "Bridgetown, Brussels, Belmopan",
                        "solution": "What is Brussels"
                    }
                ]
            },
            {
                "category": "MEN OF THE \"C\"",
                "clues": [
                    {
                        "value": 400,
                        "clue": "Sho' nuff! He's the American author & cartoonist best known for \"Li'l Abner\"",
                        "solution": "What is (Al) Capp"
                    },
                    {
                        "value": 800,
                        "clue": "He wrote the immortal words \"he took his Vorpal sword in hand: long time the manxome foe he sought\"",
                        "solution": "What is (Lewis) Carroll"
                    },
                    {
                        "value": 1200,
                        "clue": "This turn-of-the-century magician's instruction manual for witches is known as \"The Book of Shadows\"",
                        "solution": "What is (Aleister) Crowley"
                    },
                    {
                        "value": 1600,
                        "clue": "While in the service of Spain in 1542, this Portuguese explorer discovered California",
                        "solution": "What is Juan Rodriguez Cabrillo"
                    },
                    {
                        "value": 2000,
                        "clue": "On July 18, 1938 he was questioned by police after a 28-hour, 13-minute airplane flight",
                        "solution": "What is \"Wrong Way\" Corrigan"
                    }
                ]
            },
            {
                "category": "LITERATURE",
                "clues": [
                    {
                        "value": 400,
                        "clue": "In the 1600s Basho wrote a famous hard-to-translate haiku about this creature jumping into a pond",
                        "solution": "What is a frog"
                    },
                    {
                        "value": 800,
                        "clue": "The infamous Lowood School in this novel was based on a real school that Charlotte Bronte attended at age 8",
                        "solution": "What is Jane Eyre"
                    },
                    {
                        "value": 1200,
                        "clue": "This Jane Austen novel begins, \"The family of Dashwood had been long settled in Sussex\"",
                        "solution": "What is Sense and Sensibility"
                    },
                    {
                        "value": 1600,
                        "clue": "After Christian's death in an 1897 drama, this title character still acts as a platonic friend to the widow",
                        "solution": "What is Cyrano de Bergerac"
                    },
                    {
                        "value": 2000,
                        "clue": "Tolstoy wrote this character's \"life had been most simple and most ordinary and therefore most terrible\"",
                        "solution": "What is Ivan Ilyich"
                    }
                ]
            },
            {
                "category": "WORD ORIGINS",
                "clues": [
                    {
                        "value": 400,
                        "clue": "If you're schussing around on these, remember that their name comes from old Norse for \"sticks\"",
                        "solution": "What is skis"
                    },
                    {
                        "value": 800,
                        "clue": "The minute you walked in the joint, you knew the name of this body part was from the old English \"elnboga\"",
                        "solution": "What is elbow"
                    },
                    {
                        "value": 1200,
                        "clue": "It's no Greek myth: this big South American bird was probably named for the wife of Cronus",
                        "solution": "What is the rhea"
                    },
                    {
                        "value": 1600,
                        "clue": "This word for what one often does to red wine before serving comes from a Latin word for an iron ring",
                        "solution": "What is decant"
                    },
                    {
                        "value": 2000,
                        "clue": "The name of this greenish patina that forms on copper comes from Old French for \"green of Greece\"",
                        "solution": "What is verdigris"
                    }
                ]
            }
        ],
        "final": {
            "category": "HISTORIC NAMES",
            "clue": "When Alexander Hamilton & James Monroe nearly met in a duel, this man interceded & defused the situation",
            "solution": "What is Aaron Burr"
        }
    }
}