{
    "game": {
        "single": [
            {
                "category": "WHAT'S THE POINT?",
                "clues": [
                    {
                        "value": 200,
                        "clue": "The deepest part of the Mississippi River is 200 feet at Algiers Point across from the French Quarter in this city",
                        "solution": "What is New Orleans"
                    },
                    {
                        "value": 400,
                        "clue": "Point Pelee, the southernmost point in Canada, is a peninsula in Ontario that juts into this Great Lake",
                        "solution": "What is Lake Erie"
                    },
                    {
                        "value": 600,
                        "clue": "Point Success is one of the 3 named summits of this mountain in Washington State",
                        "solution": "What is Mount Rainier"
                    },
                    {
                        "value": 800,
                        "clue": "This Caribbean nation's oldest lighthouse sits on Morant Point about 40 miles from Kingston",
                        "solution": "What is Jamaica"
                    },
                    {
                        "value": 1000,
                        "clue": "The USA's northernmost point, it was named for the founder of the Royal Geographic Society",
                        "solution": "What is Point Barrow (Alaska)"
                    }
                ]
            },
            {
                "category": "SURFIN' SAFARI",
                "clues": [
                    {
                        "value": 200,
                        "clue": "This light wood used to make toy airplanes was a standard material for surfboard manufacture through the 1950s",
                        "solution": "What is balsa"
                    },
                    {
                        "value": 400,
                        "clue": "Seal skin is a slang term for a very thick or heavy one of these that you'd wear surfing",
                        "solution": "What is a wetsuit"
                    },
                    {
                        "value": 600,
                        "clue": "This 2-word term means all your toes are on the nose of the surfboard",
                        "solution": "What is hang ten"
                    },
                    {
                        "value": 800,
                        "clue": "A classic surfing documentary is 1966's \"Endless\" this, what all surfers hope for",
                        "solution": "What is Summer"
                    },
                    {
                        "value": 1000,
                        "clue": "(Jimmy of the Clue Crew shows some fin models on the monitor.) Surfboards once used boat rudders as fins; the first high-aspect-ratio fin was created in the '60s using a template from the tail fin of this colorful fish",
                        "solution": "What is a bluefin tuna"
                    }
                ]
            },
            {
                "category": "WE'VE GOT YOUR NUMBER",
                "clues": [
                    {
                        "value": 200,
                        "clue": "During WWII, the total number of stars on the U.S. flag",
                        "solution": "What is 48"
                    },
                    {
                        "value": 400,
                        "clue": "This \"sweet\" age is the legal drinking one in Belgium",
                        "solution": "What is 16"
                    },
                    {
                        "value": 600,
                        "clue": "In the Great Seal of the U.S., an eagle's right talon holds an olive branch with this many leaves",
                        "solution": "What is 13"
                    },
                    {
                        "value": 800,
                        "clue": "Playing blackjack at Caesar's in Vegas, the highest number the dealers have to take a hit on is a soft this",
                        "solution": "What is 17"
                    },
                    {
                        "value": 1000,
                        "clue": "Number of theses Martin Luther posted on a church door in 1517",
                        "solution": "What is 95"
                    }
                ]
            },
            {
                "category": "HISTORIC FIGURES SPEAK",
                "clues": [
                    {
                        "value": 200,
                        "clue": "I wrote a book about serving Kublai Khan, but if I hear one more kid scream my name playing in a pool, I'm gonna lose it!",
                        "solution": "What is Marco Polo"
                    },
                    {
                        "value": 400,
                        "clue": "I made a women's branch of my hubby's political party in 1949 but died 3 years later; still, don't cry for me, Argentina",
                        "solution": "What is Evita Perón"
                    },
                    {
                        "value": 600,
                        "clue": "I disagree with the Supreme Court's dissolving my Standard Oil Co., but I'm not mad; here's $530 million for charity",
                        "solution": "What is John D. Rockefeller"
                    },
                    {
                        "value": 800,
                        "clue": "France, you refused my proposals for constitutional changes in 1969, so I quit as pres.! Bonne chance!",
                        "solution": "What is de Gaulle"
                    },
                    {
                        "value": 1000,
                        "clue": "The Communist Party booting me in '27 wasn't so bad; I intend to live in Mexico, which has no ax to grind with me",
                        "solution": "What is Trotsky"
                    }
                ]
            },
            {
                "category": "PARTS OF A SHIP",
                "clues": [
                    {
                        "value": 200,
                        "clue": "A pack of playing cards",
                        "solution": "What is a deck"
                    },
                    {
                        "value": 400,
                        "clue": "With \"and scrape\", it means to be excessively polite",
                        "solution": "What is bow"
                    },
                    {
                        "value": 600,
                        "clue": "Radio's Howard knows it means harsh, severe or firm",
                        "solution": "What is stern"
                    },
                    {
                        "value": 800,
                        "clue": "If you faint due to the heat, you're said to do this 4-letter word \"over\"",
                        "solution": "What is keel"
                    },
                    {
                        "value": 1000,
                        "clue": "A fortified wine from the Douro Valley",
                        "solution": "What is port"
                    }
                ]
            },
            {
                "category": "ENDS WITH THE SAME 2 LETTERS",
                "clues": [
                    {
                        "value": 200,
                        "clue": "An ovum",
                        "solution": "What is egg"
                    },
                    {
                        "value": 400,
                        "clue": "Buried by Vesuvius in 79 A.D.",
                        "solution": "What is Pompeii"
                    },
                    {
                        "value": 600,
                        "clue": "To recede from the land, like the tide",
                        "solution": "What is ebb"
                    },
                    {
                        "value": 800,
                        "clue": "Any bishop, but especially the pope",
                        "solution": "What is pontiff"
                    },
                    {
                        "value": 1000,
                        "clue": "The pilgrimage to Mecca for Muslims",
                        "solution": "What is hajj"
                    }
                ]
            }
        ],
        "double": [
            {
                "category": "LITERARY SEQUELS",
                "clues": [
                    {
                        "value": 400,
                        "clue": "She didn't write the original, but Helen Halstead did write a sequel to this novel—\"Mr. Darcy Presents his Bride\"",
                        "solution": "What is Pride and Prejudice"
                    },
                    {
                        "value": 800,
                        "clue": "\"The Lost World\" was Michael Crichton's sequel to this No. 1 bestseller",
                        "solution": "What is Jurassic Park"
                    },
                    {
                        "value": 1200,
                        "clue": "In \"Closing Time\", the sequel to this novel, Yossarian lives in Manhattan, not far from Milo Minderbinder",
                        "solution": "What is Catch-22"
                    },
                    {
                        "value": 1600,
                        "clue": "\"Catriona\", a sequel to this Stevenson novel, follows the further adventures of David Balfour",
                        "solution": "What is Kidnapped"
                    },
                    {
                        "value": 2000,
                        "clue": "Irwin Shaw continued the story of the Jordache family in this 1977 sequel to \"Rich Man, Poor Man\"",
                        "solution": "What is Beggarman, Thief"
                    }
                ]
            },
            {
                "category": "2008 BLOCKBUSTER MOVIES",
                "clues": [
                    {
                        "value": 400,
                        "clue": "When does 22 equal 600 million? This film's 22 ABBA hits helped it rake in $600 million",
                        "solution": "What is Mamma Mia!"
                    },
                    {
                        "value": 800,
                        "clue": "Would you believe I have 99 reasons this comic spy film made $230 million? Would you believe 86?",
                        "solution": "What is Get Smart"
                    },
                    {
                        "value": 1200,
                        "clue": "Mr. Bond could take a little comfort in the fact that this film about his quest for vengeance took in $570 million",
                        "solution": "What is Quantum of Solace"
                    },
                    {
                        "value": 1600,
                        "clue": "With an estimated budget of $37 million & a gross of $351 million, expect a few sequels to this vampire flick",
                        "solution": "What is Twilight"
                    },
                    {
                        "value": 2000,
                        "clue": "Reality & Hollywood collide in this Ben Stiller-directed film that made $185 million",
                        "solution": "What is Tropic Thunder"
                    }
                ]
            },
            {
                "category": "DUTCH & FLEMISH PAINTERS",
                "clues": [
                    {
                        "value": 400,
                        "clue": "He painted his first major work, \"The Potato Eaters\", in 1885 while living with his parents in Nuenen",
                        "solution": "What is Van Gogh"
                    },
                    {
                        "value": 800,
                        "clue": "His 1653 work \"Aristotle with a Bust of Homer\" was one of the few sent abroad during his lifetime",
                        "solution": "What is Rembrandt"
                    },
                    {
                        "value": 1200,
                        "clue": "In 1632 Charles I gave this Dutch master known for his beard a house in London & a summer residence in Kent",
                        "solution": "What is Van Dyck"
                    },
                    {
                        "value": 1600,
                        "clue": "As a diplomat in the 1620s, this 3-named artist helped negotiate a treaty between England & Spain",
                        "solution": "What is Peter Paul Rubens"
                    },
                    {
                        "value": 2000,
                        "clue": "In 1917 this \"square\" Dutch Neoplasticist founded the art magazine De Stijl",
                        "solution": "What is (Piet) Mondrian"
                    }
                ]
            },
            {
                "category": "MYTHING VOWELS",
                "clues": [
                    {
                        "value": 400,
                        "clue": "Roman: MNRV",
                        "solution": "What is Minerva"
                    },
                    {
                        "value": 800,
                        "clue": "Toltec Indians: QTZLCTL",
                        "solution": "What is Quetzalcoatl"
                    },
                    {
                        "value": 1200,
                        "clue": "Norse: LK",
                        "solution": "What is Loki"
                    },
                    {
                        "value": 1600,
                        "clue": "Egyptian: SRS",
                        "solution": "What is Osiris"
                    },
                    {
                        "value": 2000,
                        "clue": "Greek: LS (This one's rough, so we'll tell you he's the keeper of the winds)",
                        "solution": "What is Aeolus"
                    }
                ]
            },
            {
                "category": "\"FRAN\"S",
                "clues": [
                    {
                        "value": 400,
                        "clue": "Goya or Pizarro",
                        "solution": "What is Francisco"
                    },
                    {
                        "value": 800,
                        "clue": "Marked by uncontrollable excitement or emotion",
                        "solution": "What is frantic"
                    },
                    {
                        "value": 1200,
                        "clue": "An admirer of all things French",
                        "solution": "What is francophile"
                    },
                    {
                        "value": 1600,
                        "clue": "This 1961 Salinger work was adapted from 2 New Yorker stories",
                        "solution": "What is Franny and Zooey"
                    },
                    {
                        "value": 2000,
                        "clue": "Gray-cloaked Catholic monastic order",
                        "solution": "What is the Franciscans"
                    }
                ]
            },
            {
                "category": "LIST",
                "clues": [
                    {
                        "value": 400,
                        "clue": "Animals on the endangered species list may be listed as \"E\", endangered, or \"T\", this",
                        "solution": "What is threatened"
                    },
                    {
                        "value": 800,
                        "clue": "This alphabetical roster of top-level celebs is the title of a book series by Zoey Dean",
                        "solution": "What is the A-list"
                    },
                    {
                        "value": 1200,
                        "clue": "Lists were roped-off enclosures where mounted medieval knights did this",
                        "solution": "What is joust"
                    },
                    {
                        "value": 1600,
                        "clue": "In a restaurant this menu might include a nice Poully-Fuisse",
                        "solution": "What is the wine list"
                    },
                    {
                        "value": 2000,
                        "clue": "I pulled a groin running out that grounder—put me on the 15-day this",
                        "solution": "What is disabled list"
                    }
                ]
            }
        ],
        "final": {
            "category": "ASTRONOMY",
            "clue": "Sir William Herschel coined this word in 1802 writing, \"They resemble small stars so much...\"",
            "solution": "What is asteroid"
        }
    }
}