{
    "game": {
        "single": [
            {
                "category": "DING DONG",
                "clues": [
                    {
                        "value": 200,
                        "clue": "Continuing the alliteration, it follows \"ding-dong\" in a kid's prank that involves ringing a doorbell & running away",
                        "solution": "What is dash (ditch)"
                    },
                    {
                        "value": 400,
                        "clue": "\"Ding dong\", it's this company \"calling\"; how about some lipstick or other cosmetic?",
                        "solution": "What is Avon"
                    },
                    {
                        "value": 600,
                        "clue": "In a song from this musical, \"We go together like rama lama lama ka dinga da dinga dong\"",
                        "solution": "What is Grease"
                    },
                    {
                        "value": 800,
                        "clue": "Ding Dongs are individually wrapped chocolate cakes from this company",
                        "solution": "What is Hostess"
                    },
                    {
                        "value": 1000,
                        "clue": "Judy Garland's \"Ding Dong! The Witch Is Dead\" surged on U.K. iTunes after this former prime minister passed away",
                        "solution": "What is Margaret Thatcher"
                    }
                ]
            },
            {
                "category": "THE WITCH IS DEAD",
                "clues": [
                    {
                        "value": 200,
                        "clue": "In this Grimm Brothers tale, the wicked witch met her end after being pushed into an oven",
                        "solution": "What is \"Hansel and Gretel\""
                    },
                    {
                        "value": 400,
                        "clue": "In a Roald Dahl book, the title witches get \"smashed and bashed and chopped up\" after being turned into these creatures",
                        "solution": "What is mice"
                    },
                    {
                        "value": 600,
                        "clue": "Agnes Nutter, a 17th century witch whose predictions are central to the plot in \"Good Omens\", gets punished in this predictable way",
                        "solution": "What is by being burned at the stake"
                    },
                    {
                        "value": 800,
                        "clue": "The White Witch Jadis was killed in battle by this character who appeared to be dead a short time before",
                        "solution": "What is Aslan"
                    },
                    {
                        "value": 1000,
                        "clue": "A death eater & dark witch, Bellatrix Lestrange killed Dobby before being killed herself by Molly Weasley in this book",
                        "solution": "What is Harry Potter and the Deathly Hallows"
                    }
                ]
            },
            {
                "category": "TRUCE!",
                "clues": [
                    {
                        "value": 200,
                        "clue": "British & German troops traded gifts & even played soccer between the trenches during the Christmas truce of this first year of World War I",
                        "solution": "What is 1914"
                    },
                    {
                        "value": 400,
                        "clue": "No countries signed the 1953 armistice ending the Korean War—only generals representing North Korea & this intl. organization",
                        "solution": "What is the UN"
                    },
                    {
                        "value": 600,
                        "clue": "Fighting was forbidden during weekends & religious festivals according to the medieval Treuga Dei, or Truce of this",
                        "solution": "What is God"
                    },
                    {
                        "value": 800,
                        "clue": "A 1949 ceasefire brought an end (for a while) to a war between India & Pakistan over this territory",
                        "solution": "What is Kashmir"
                    },
                    {
                        "value": 1000,
                        "clue": "The 12 years' Truce of 1609 to 1621 interrupted the Netherlands' lengthy struggle with this country",
                        "solution": "What is Spain"
                    }
                ]
            },
            {
                "category": "READING MATERIAL",
                "clues": [
                    {
                        "value": 200,
                        "clue": "Look, nothing's written in this—well, the tablet of Assyrian King Tukulti-Ninurta from the 1200s B.C. is",
                        "solution": "What is stone"
                    },
                    {
                        "value": 400,
                        "clue": "The high-end Oasis in this brand of e-readers has a glass rather than a plastic screen",
                        "solution": "What is a Kindle"
                    },
                    {
                        "value": 600,
                        "clue": "The nearly translucent paper called this kind of \"skin\" was once popular for air mail, where every ounce counted",
                        "solution": "What is onion"
                    },
                    {
                        "value": 800,
                        "clue": "Combine 2 words in the New York Times' slogan & get the name of this light, pulpy paper it comes on",
                        "solution": "What is newsprint"
                    },
                    {
                        "value": 1000,
                        "clue": "A version of the Book of the Dead, including a hymn to Ra, is called the this plant material \"of Ani\"",
                        "solution": "What is papyrus"
                    }
                ]
            },
            {
                "category": "POP CULTURE",
                "clues": [
                    {
                        "value": 200,
                        "clue": "She closed out the 2021 inauguration celebration by singing \"Firework\" as fireworks shot across the sky",
                        "solution": "What is Katy Perry"
                    },
                    {
                        "value": 400,
                        "clue": "Suites based on shows like \"Adventure Time\" & \"Ben 10\" are at the hotel named for this network",
                        "solution": "What is Cartoon Network"
                    },
                    {
                        "value": 600,
                        "clue": "To promote his album \"The Life of Pablo\", this rapper opened a series of pop-up stores around the world",
                        "solution": "What is Kanye West"
                    },
                    {
                        "value": 800,
                        "clue": "An industrious raccoon named Tom Nook runs the in-game business in this Nintendo game: \"New Horizons\"",
                        "solution": "What is Animal Crossing"
                    },
                    {
                        "value": 1000,
                        "clue": "Mobster & assassin Frank Sheeran is the title character of this 2019 Martin Scorsese mob epic",
                        "solution": "What is The Irishman"
                    }
                ]
            },
            {
                "category": "CROSSWORD CLUES \"F\"",
                "clues": [
                    {
                        "value": 200,
                        "clue": "Spurious synonym (4 letters)",
                        "solution": "What is fake"
                    },
                    {
                        "value": 400,
                        "clue": "An Armada (5 letters)",
                        "solution": "What is a fleet"
                    },
                    {
                        "value": 600,
                        "clue": "Countertop laminate, 1960s style (7 letters)",
                        "solution": "What is Formica"
                    },
                    {
                        "value": 800,
                        "clue": "A vestibule (5 letters)",
                        "solution": "What is foyer"
                    },
                    {
                        "value": 1000,
                        "clue": "A Davenport or a lowboy, for example (9 letters)",
                        "solution": "What is furniture"
                    }
                ]
            }
        ],
        "double": [
            {
                "category": "BRITS IN BOATS",
                "clues": [
                    {
                        "value": 400,
                        "clue": "After being cast adrift by the rebellious crew of the Bounty, this captain & his men eventually made it to Indonesia",
                        "solution": "What is Captain Bligh"
                    },
                    {
                        "value": 800,
                        "clue": "The boat in which he & companions made an epic 800-mile Antarctic journey in 1916 is now at his alma mater, Dulwich College",
                        "solution": "What is Shackleton"
                    },
                    {
                        "value": 1200,
                        "clue": "This British force, which unlike the USA's is just one word, was founded in 1822 as 3 anti-smuggling services merged",
                        "solution": "What is the coastguard"
                    },
                    {
                        "value": 1600,
                        "clue": "In 2010 Philip Beale sailed around Africa in a replica of a vessel used by this renowned ancient seafaring people",
                        "solution": "What is the Phoenicians"
                    },
                    {
                        "value": 2000,
                        "clue": "A boating area on the the Thames gave Kenneth Grahame childhood memories he used in this book about Rat & Mole",
                        "solution": "What is The Wind in the Willows"
                    }
                ]
            },
            {
                "category": "20th CENTURY NAMES",
                "clues": [
                    {
                        "value": 400,
                        "clue": "For a study on space & the aging process, he went back into space in 1998, 36 years after his first trip",
                        "solution": "What is John Glenn"
                    },
                    {
                        "value": 800,
                        "clue": "He was named the Canadian Press' Newsmaker of the Year every year from 1968 to 1975",
                        "solution": "What is Pierre Trudeau"
                    },
                    {
                        "value": 1200,
                        "clue": "When this Girl Scouts founder died in 1927, she was buried in her uniform, as per her request",
                        "solution": "What is Juliette Gordon Low"
                    },
                    {
                        "value": 1600,
                        "clue": "In 1967 this South African surgeon led a team in performing the world's first human heart transplant",
                        "solution": "What is Christiaan Barnard"
                    },
                    {
                        "value": 2000,
                        "clue": "In 1970 this pair followed up \"Human Sexual Response\" with \"Human Sexual Inadequacy\"",
                        "solution": "What is Masters & Johnson"
                    }
                ]
            },
            {
                "category": "FACTS ABOUT COUNTRIES",
                "clues": [
                    {
                        "value": 400,
                        "clue": "Denmark connects to continental Europe through its 42-mile border with this other 7-letter country",
                        "solution": "What is Germany"
                    },
                    {
                        "value": 800,
                        "clue": "First found in Nigeria in 1956, it's the nation's most important source of government revenue",
                        "solution": "What is oil"
                    },
                    {
                        "value": 1200,
                        "clue": "Smaller islands under the jurisdiction of this island country include Lyudao & Quemoy",
                        "solution": "What is Taiwan"
                    },
                    {
                        "value": 1600,
                        "clue": "The longest river in Ireland, it flows 220 miles to reach the Atlantic Ocean near Limerick",
                        "solution": "What is the Shannon"
                    },
                    {
                        "value": 2000,
                        "clue": "Like its neighbor to the north Rwanda, this landlocked country is home to Hutus & Tutsis",
                        "solution": "What is Burundi"
                    }
                ]
            },
            {
                "category": "AMERICAN MUSIC",
                "clues": [
                    {
                        "value": 400,
                        "clue": "This 10-letter term for a mix of rock & roll & country was likely coined to describe the music of Elvis Presley",
                        "solution": "What is rockabilly"
                    },
                    {
                        "value": 800,
                        "clue": "The polka-influenced waila music of Arizona Native Americans is also known by this poultry term for bad handwriting",
                        "solution": "What is chicken scratch"
                    },
                    {
                        "value": 1200,
                        "clue": "At the beginning of the 20th century, jazz flourished in Storyville, the red light district of this southern city",
                        "solution": "What is New Orleans"
                    },
                    {
                        "value": 1600,
                        "clue": "The Grammys' American Roots music field includes album awards for blues, folk & this Kentucky-named music",
                        "solution": "What is bluegrass"
                    },
                    {
                        "value": 2000,
                        "clue": "A type of choral music is called this-note singing, where the notes are printed as ovals, triangles, diamonds & rectangles",
                        "solution": "What is shape-note singing"
                    }
                ]
            },
            {
                "category": "PLAYING POPE",
                "clues": [
                    {
                        "value": 400,
                        "clue": "Benedict XVI expressed admiration for Piotr Adamczyk's portrayal of this man in \"Karol, a Man Who Became Pope\"",
                        "solution": "What is John Paul II"
                    },
                    {
                        "value": 800,
                        "clue": "This actor has tremendous range, from TV's Dan Conner to Pope Sergius in the 2009 film \"Pope Joan\"",
                        "solution": "What is John Goodman"
                    },
                    {
                        "value": 1200,
                        "clue": "In \"The Agony & the Ecstasy\" Rex Harrison played Pope Julius II taking on Charlton Heston as this artist",
                        "solution": "What is Michelangelo"
                    },
                    {
                        "value": 1600,
                        "clue": "In 2003 Bob Hoskins was \"The Good Pope\", this name XXIII, who served from 1958 to 1963",
                        "solution": "What is John XXIII"
                    }
                ]
            },
            {
                "category": "PRONOUNS",
                "clues": [
                    {
                        "value": 800,
                        "clue": "It's a homophone of a song such as \"Abide With Me\"",
                        "solution": "What is him"
                    },
                    {
                        "value": 1200,
                        "clue": "In 2019 singer Sam Smith announced, \"I am changing my pronouns to\" this genderless pair",
                        "solution": "What is they/them"
                    },
                    {
                        "value": 1600,
                        "clue": "It's the last word of \"O Canada\"",
                        "solution": "What is thee"
                    },
                    {
                        "value": 2000,
                        "clue": "In an epic move, Odysseus gave this as his name when asked by the Cyclops",
                        "solution": "What is No One"
                    }
                ]
            }
        ],
        "final": {
            "category": "WORLD LITERATURE",
            "clue": "This 1970s memoir told of harsh places that metaphorically were like an island chain \"from the Bering Strait almost to the Bosporus\"",
            "solution": "What is The Gulag Archipelago"
        }
    }
}