{
    "game": {
        "single": [
            {
                "category": "IT HAPPENED ON HALLOWEEN",
                "clues": [
                    {
                        "value": 200,
                        "clue": "1998: This Mideast nation announces it will no longer cooperate with U.N. weapons inspectors",
                        "solution": "What is Iraq"
                    },
                    {
                        "value": 400,
                        "clue": "1926: There's no escape for this magician who dies following a rupture of his appendix",
                        "solution": "What is Harry Houdini"
                    },
                    {
                        "value": 600,
                        "clue": "1846: Heavy snowfall traps this carnivorous \"Party\" in the Sierra Nevada mountains",
                        "solution": "What is the Donner Party"
                    },
                    {
                        "value": 800,
                        "clue": "1961: This man's body is removed from Lenin's tomb",
                        "solution": "What is Stalin"
                    },
                    {
                        "value": 1000,
                        "clue": "1956: The Brits & the French invade Egypt in response to the nationalization of this",
                        "solution": "What is the Suez Canal"
                    }
                ]
            },
            {
                "category": "MONSTER MASH",
                "clues": [
                    {
                        "value": 200,
                        "clue": "In Haiti & parts of West Africa, it's a corpse brought back to life",
                        "solution": "What is a zombie"
                    },
                    {
                        "value": 400,
                        "clue": "Also known as a lycanthrope, this beastly monster can be killed by a silver bullet or other silver weapon",
                        "solution": "What is a werewolf"
                    },
                    {
                        "value": 600,
                        "clue": "In Egypt, it had the body of a lion & head of a man; in Greece it had the head of a woman & wings",
                        "solution": "What is the Sphinx"
                    },
                    {
                        "value": 800,
                        "clue": "Half-man, half-beast son of the Queen of Crete",
                        "solution": "What is the Minotaur"
                    },
                    {
                        "value": 1000,
                        "clue": "This other word for a vampire may come from the Greek word \"nosophoros\", or plague-carrier",
                        "solution": "What is Nosferatu"
                    }
                ]
            },
            {
                "category": "SCARY PLACES",
                "clues": [
                    {
                        "value": 200,
                        "clue": "Planes & ships have been lost in this mysterious Atlantic region off the coast of Florida since the mid-19th century",
                        "solution": "What is the Bermuda Triangle"
                    },
                    {
                        "value": 400,
                        "clue": "11 people perished climbing this mountain in 2006, its deadliest season since 15 died in 1996",
                        "solution": "What is Everest"
                    },
                    {
                        "value": 600,
                        "clue": "At an elevation of 4,000 feet, the glass skywalk that opened in 2007 at this chasm is a scary place for acrophobes",
                        "solution": "What is the Grand Canyon"
                    },
                    {
                        "value": 800,
                        "clue": "A website for this Spanish city points out streets where people have died during the Running of the Bulls",
                        "solution": "What is Pamplona"
                    },
                    {
                        "value": 1000,
                        "clue": "Some 30,000 people were killed when Mount Pelee on this French island erupted in 1902",
                        "solution": "What is Martinique"
                    }
                ]
            },
            {
                "category": "FEARNET",
                "clues": [
                    {
                        "value": 200,
                        "clue": "This director of \"Spider-Man\" is presenting a new series for FEARnet—\"Devil's Trade\"",
                        "solution": "What is (Sam) Raimi"
                    },
                    {
                        "value": 400,
                        "clue": "FEARnet has films like \"Burkittsville 7\", which continues this groundbreaking 1999 film's premise",
                        "solution": "What is The Blair Witch Project"
                    },
                    {
                        "value": 600,
                        "clue": "FEARnet sends you \"Behind the Scenes\" of this HBO series that saw the making of a horror film called \"Cleaver\"",
                        "solution": "What is The Sopranos"
                    },
                    {
                        "value": 800,
                        "clue": "\"Wishmaster\" can now be seen on FEARnet; as you might guess, it concerns one of these magical creatures",
                        "solution": "What is a genie"
                    },
                    {
                        "value": 1000,
                        "clue": "At the FEARnet store you can buy films for home scaring like this del Toro-directed classic about a demonic \"boy\"",
                        "solution": "What is Hellboy"
                    }
                ]
            },
            {
                "category": "\"TRIC\"s",
                "clues": [
                    {
                        "value": 200,
                        "clue": "The branch of medicine concerned with the conditions & diseases of the aged",
                        "solution": "What is geriatrics"
                    },
                    {
                        "value": 600,
                        "clue": "Theory of economic benefit moving from big business to smaller businesses & the general public",
                        "solution": "What is trickle-down"
                    },
                    {
                        "value": 800,
                        "clue": "One of these can be \"red light\" or \"of Columbia\"",
                        "solution": "What is district"
                    },
                    {
                        "value": 1000,
                        "clue": "Adjective meaning corresponding in size & shape on opposite sides of a dividing line or plane",
                        "solution": "What is symmetric or symmetrical"
                    }
                ]
            },
            {
                "category": "TREATS",
                "clues": [
                    {
                        "value": 200,
                        "clue": "Halvah, a Middle East treat, is traditionally made from these seeds, ground up, & honey",
                        "solution": "What is sesame seeds"
                    },
                    {
                        "value": 600,
                        "clue": "Chocolate, caramel & often pecans go into these candies shaped like & named for a certain reptile",
                        "solution": "What is turtles"
                    },
                    {
                        "value": 800,
                        "clue": "\"Her\" packaged treats include marshmallow pies, nutty bars & chocolate chip \"snack cakes\"",
                        "solution": "What is Little Debbie"
                    },
                    {
                        "value": 1000,
                        "clue": "Legend says its name goes back to when an Atlantic City candy stand was flooded during high tide",
                        "solution": "What is saltwater taffy"
                    }
                ]
            }
        ],
        "double": [
            {
                "category": "AT THE DENTIST'S OFFICE",
                "clues": [
                    {
                        "value": 400,
                        "clue": "Drill speed is measured in these; Dr. Morrison's in 1871 did about 600, today's turbine-powered ones about 300,000",
                        "solution": "What is RPMs"
                    },
                    {
                        "value": 800,
                        "clue": "The ADA says this is perfectly safe as the basis for amalgam fillings—it combines with other materials to make it stable",
                        "solution": "What is mercury"
                    },
                    {
                        "value": 1200,
                        "clue": "Cavities form when bacteria break down sugars, forming this substance that dissolves enamel",
                        "solution": "What is acid"
                    },
                    {
                        "value": 1600,
                        "clue": "Modern lead aprons worn during X-raying have a collar to protect this gland from the radiation",
                        "solution": "What is the thyroid gland"
                    },
                    {
                        "value": 2000,
                        "clue": "From the Latin for \"to close\", it's the alignment & spacing of your upper & lower teeth when you bite",
                        "solution": "What is occlusion"
                    }
                ]
            },
            {
                "category": "THE SPORTING LIFE",
                "clues": [
                    {
                        "value": 400,
                        "clue": "You can weigh up to 147 pounds in this boxing class between lightweight & middleweight",
                        "solution": "What is welterweight"
                    },
                    {
                        "value": 800,
                        "clue": "In 1967 Memorial Coliseum in this West Coast city hosted the first Super Bowl as Green Bay beat Kansas City 35-10",
                        "solution": "What is Los Angeles"
                    },
                    {
                        "value": 1200,
                        "clue": "In 2006 the Gov. of Mass. signed a bill making this sport invented there the official sport of the Commonwealth",
                        "solution": "What is basketball"
                    },
                    {
                        "value": 1600,
                        "clue": "This TV show debuted April 29, 1961 with Jim McKay as host",
                        "solution": "What is The Wide World of Sports"
                    },
                    {
                        "value": 2000,
                        "clue": "Originally from Ukraine, Lenny Krayzelburg won 3 gold medals in Sydney competing for the U.S. in this sport",
                        "solution": "What is swimming"
                    }
                ]
            },
            {
                "category": "24—THE NOVEL",
                "clues": [
                    {
                        "value": 400,
                        "clue": "He said his novels, like \"Angels & Demons\" deal with a murder, a chase, a ticking clock & a love interest within 24 hours",
                        "solution": "What is Dan Brown"
                    },
                    {
                        "value": 800,
                        "clue": "This author was a prisoner in a labor camp before writing \"One Day in the Life of Ivan Denisovich\"",
                        "solution": "What is Aleksandr Solzhenitsyn"
                    },
                    {
                        "value": 1200,
                        "clue": "This James Joyce novel is written as a parallel to the \"Odyssey\", except it was set in Dublin on June 16, 1904",
                        "solution": "What is Ulysses"
                    },
                    {
                        "value": 1600,
                        "clue": "This novelist has Clarissa Dalloway reexamine her life choices in between dealing with last-minute party details",
                        "solution": "What is Virginia Woolf"
                    },
                    {
                        "value": 2000,
                        "clue": "This author of \"The Berlin Stories\" later lived in L.A. & wrote \"A Single Man\" about a day in L.A.",
                        "solution": "What is Christopher Isherwood"
                    }
                ]
            },
            {
                "category": "OKLAHOMIES",
                "clues": [
                    {
                        "value": 400,
                        "clue": "Born in Kingfisher, Oklahoma, this entrepreneur opened his first namesake \"Mart\" in 1962",
                        "solution": "What is (Sam) Walton"
                    },
                    {
                        "value": 1600,
                        "clue": "Born near Ada, Oklahoma in 1918, he was one of the first evangelists to hold large-scale television revivals",
                        "solution": "What is Oral Roberts"
                    },
                    {
                        "value": 2000,
                        "clue": "Originally from Tulsa, he gained his greatest fame as an adviser to presidents and as a senator from New York",
                        "solution": "What is Daniel Patrick Moynihan"
                    }
                ]
            },
            {
                "category": "ECONOMICS",
                "clues": [
                    {
                        "value": 400,
                        "clue": "In some countries you may get more for your dollar than the official exchange rate in this \"colorful\" arena",
                        "solution": "What is the black market"
                    },
                    {
                        "value": 800,
                        "clue": "The corporate, financial & personal sectors make up this sector of the economy",
                        "solution": "What is the private sector"
                    },
                    {
                        "value": 1200,
                        "clue": "Around 600 B.C. the island of Aegina introduced these items to Greek economic life",
                        "solution": "What is coins"
                    },
                    {
                        "value": 1600,
                        "clue": "This 2-word labor level has been the goal of many; a 1978 Act of Congress named for it actually settles for 96%",
                        "solution": "What is full employment"
                    },
                    {
                        "value": 2000,
                        "clue": "In 2005 Americans didn't put money away but spent all they earned & more, for the 1st negative rate of this since 1933",
                        "solution": "What is savings"
                    }
                ]
            },
            {
                "category": "GREEK ALPHABET SOUP",
                "clues": [
                    {
                        "value": 400,
                        "clue": "She became the advertising global spokeswoman for T-Mobile in 2002",
                        "solution": "What is Catherine Zeta-Jones"
                    },
                    {
                        "value": 800,
                        "clue": "This Swiss watch company was founded by Louis Brandt in 1848",
                        "solution": "What is Omega"
                    },
                    {
                        "value": 1200,
                        "clue": "These \"waves\" of roughly 7-13 Hz are associated with relaxation & creativity in the brain",
                        "solution": "What is alpha waves"
                    },
                    {
                        "value": 1600,
                        "clue": "1970s No. 1 hit for Helen Reddy",
                        "solution": "What is \"Delta Dawn\""
                    },
                    {
                        "value": 2000,
                        "clue": "In this type of testing, electronic equipment is subjected to the real world conditions in which it'll be used",
                        "solution": "What is beta testing"
                    }
                ]
            }
        ],
        "final": {
            "category": "ANIMALS",
            "clue": "For 2006, between Oct. 25 & Nov. 1, the Los Angeles SPCA, like many other shelters, banned adoption of these",
            "solution": "What is black cats"
        }
    }
}