{
    "game": {
        "single": [
            {
                "category": "FIRST AID",
                "clues": [
                    {
                        "value": 200,
                        "clue": "This chilly condition that affects nose, ears, hands & feet can also be caused by putting ice on a burn",
                        "solution": "What is frostbite"
                    },
                    {
                        "value": 400,
                        "clue": "In cases of snakebite, remove jewelry, because this condition develops quickly",
                        "solution": "What is swelling"
                    },
                    {
                        "value": 600,
                        "clue": "(Jon of the Clue Crew performs CPR on a mannequin.) The purpose of CPR's chest compressions is to keep the blood carrying this to the brain",
                        "solution": "What is oxygen"
                    },
                    {
                        "value": 800,
                        "clue": "A good treatment for an ankle sprain is \"RICE\"—rest, ice, compression & this",
                        "solution": "What is elevation"
                    }
                ]
            },
            {
                "category": "'80s MOVIE MEMORIES",
                "clues": [
                    {
                        "value": 200,
                        "clue": "In 1986 he played Seth Brundle, whose teleportation experiment is set awry by a fly",
                        "solution": "What is Jeff Goldblum"
                    },
                    {
                        "value": 400,
                        "clue": "(Kelly of the Clue Crew reports from NORAD.) The experiments of a teenage computer whiz led him to NORAD's Nuclear War Operations Centre in this 1983 film",
                        "solution": "What is WarGames"
                    },
                    {
                        "value": 600,
                        "clue": "Brownsville, Oregon was cast as Castle Rock in this 1986 film about 4 boys on a trek for a dead body",
                        "solution": "What is Stand By Me"
                    },
                    {
                        "value": 800,
                        "clue": "She's the title aquarium dweller beloved by Michael Palin",
                        "solution": "What is A Fish Called Wanda"
                    },
                    {
                        "value": 1000,
                        "clue": "(I'm Jane Kaczmarek.) One of my first movie roles was as this man's wife in \"Falling in Love\", the rat leaves me for Meryl Streep",
                        "solution": "What is Robert De Niro"
                    }
                ]
            },
            {
                "category": "TOUGH TIMES, KID",
                "clues": [
                    {
                        "value": 200,
                        "clue": "Home-schooling him for discipline problems paid off; he later moved to Menlo Park, N.J. & was very inventive in his lab",
                        "solution": "What is Thomas Edison"
                    },
                    {
                        "value": 400,
                        "clue": "Before success with brands like Tommy Jeans, he was a class clown to cover for the embarrassment of poor grades",
                        "solution": "What is Tommy Hilfiger"
                    },
                    {
                        "value": 600,
                        "clue": "A dyslexic youth, he rewrote the book on TV by using satellites to make his small UHF channel national",
                        "solution": "What is Ted Turner"
                    },
                    {
                        "value": 800,
                        "clue": "Though he couldn't read until after he was 10, he became the only U.S. President to earn a doctoral degree",
                        "solution": "What is Woodrow Wilson"
                    },
                    {
                        "value": 1000,
                        "clue": "Spelling errors & the mirror writing in his notebooks may suggest this artist born in 1452 had a learning disorder",
                        "solution": "What is Leonardo da Vinci"
                    }
                ]
            },
            {
                "category": "CAMBODIA, CAMEROON OR CANADA",
                "clues": [
                    {
                        "value": 200,
                        "clue": "It's made up of 3 territories and 10 provinces",
                        "solution": "What is Canada"
                    },
                    {
                        "value": 400,
                        "clue": "The one ruled by a king",
                        "solution": "What is Cambodia"
                    },
                    {
                        "value": 600,
                        "clue": "The smallest in area",
                        "solution": "What is Cambodia"
                    },
                    {
                        "value": 800,
                        "clue": "Its national flag contains only 2 colors",
                        "solution": "What is Canada"
                    },
                    {
                        "value": 1000,
                        "clue": "Uses the franc as its currency",
                        "solution": "What is Cameroon"
                    }
                ]
            },
            {
                "category": "JACKSON 5",
                "clues": [
                    {
                        "value": 200,
                        "clue": "The 1953 Alan Ladd film \"Shane\" is among the many Westerns filmed in this valley east of the Tetons",
                        "solution": "What is Jackson Hole"
                    },
                    {
                        "value": 400,
                        "clue": "The Big Apple's Jackson Heights is part of this borough",
                        "solution": "What is Queens"
                    },
                    {
                        "value": 600,
                        "clue": "This American artist moved to NYC in 1930 to study with Thomas Hart Benton",
                        "solution": "What is Jackson Pollock"
                    },
                    {
                        "value": 1000,
                        "clue": "During this Virginia battle, Stonewall Jackson was fired upon by his own men; he died a few days later",
                        "solution": "What is Chancellorsville"
                    }
                ]
            },
            {
                "category": "SLANG",
                "clues": [
                    {
                        "value": 200,
                        "clue": "In diner slang, apple pie is \"eve with a lid\" & to \"put a hat on\" her means to add this",
                        "solution": "What is ice cream"
                    },
                    {
                        "value": 400,
                        "clue": "Slang for \"to kiss\" or \"to make out\" is this external body part",
                        "solution": "What is neck"
                    },
                    {
                        "value": 600,
                        "clue": "\"Cabbage\" & this other basic salad ingredient are both slang for paper money",
                        "solution": "What is lettuce"
                    },
                    {
                        "value": 800,
                        "clue": "It can mean \"gossip\" or the means by which gossip travels, as in the title of a Marvin Gaye hit",
                        "solution": "What is grapevine"
                    },
                    {
                        "value": 1000,
                        "clue": "This slang term can refer to a peanut, a yokel or a native of Georgia",
                        "solution": "What is goober"
                    }
                ]
            }
        ],
        "double": [
            {
                "category": "WAR STORIES",
                "clues": [
                    {
                        "value": 400,
                        "clue": "\"The Killer Angels\", \"The Red Badge of Courage\"",
                        "solution": "What is Civil War"
                    },
                    {
                        "value": 800,
                        "clue": "\"Drums Along the Mohawk\", \"Rebels and Redcoats\"",
                        "solution": "What is Revolutionary War"
                    },
                    {
                        "value": 1200,
                        "clue": "\"365 Days\", \"Born on the Fourth of July\"",
                        "solution": "What is Vietnam War"
                    },
                    {
                        "value": 1600,
                        "clue": "\"The Great Crusade\", \"For Whom the Bell Tolls\"",
                        "solution": "What is Spanish Civil War"
                    },
                    {
                        "value": 2000,
                        "clue": "\"The Bridges at Toko-Ri\", \"The Ikon\"",
                        "solution": "What is Korean War"
                    }
                ]
            },
            {
                "category": "ENTERTAINING STATE CAPITALS",
                "clues": [
                    {
                        "value": 400,
                        "clue": "1988 was a good year for this actress; she won a best supporting acting oscar & her cousin ran for president",
                        "solution": "What is Olympia Dukakis"
                    },
                    {
                        "value": 800,
                        "clue": "Oscar Goldman was this character's boss in a 1970s series",
                        "solution": "What is Steve Austin"
                    },
                    {
                        "value": 1200,
                        "clue": "One alive & one deceased, the 2 brothers who have been nominated for acting Oscars",
                        "solution": "What is River and Joaquin Phoenix"
                    },
                    {
                        "value": 1600,
                        "clue": "This actor who died at 45 starred opposite Elizabeth Taylor in \"A Place in the Sun\" & \"Suddenly, Last Summer\"",
                        "solution": "What is Montgomery Clift"
                    },
                    {
                        "value": 2000,
                        "clue": "In one of her first big-screen roles, this actress played Lady Jane Grey in a 1986 film",
                        "solution": "What is Helena Bonham Carter"
                    }
                ]
            },
            {
                "category": "THE HISTORY BOYS",
                "clues": [
                    {
                        "value": 400,
                        "clue": "Snorri Sturluson, from this island, wrote a history on Norwegian kings from Odin to his own time",
                        "solution": "What is Iceland"
                    },
                    {
                        "value": 800,
                        "clue": "William Coolidge, author of these mountains \"In Nature and History\", made the first winter climb of the Jungfrau",
                        "solution": "What is Alps"
                    },
                    {
                        "value": 1200,
                        "clue": "Mark Bowden has written the story of this 1979 crisis, \"The First Battle In America's War With Militant Islam\"",
                        "solution": "What is Iran Hostage Crisis"
                    },
                    {
                        "value": 1600,
                        "clue": "Charlotte Corday is \"like a star; cruel-lovely\" in Thomas Carlyle's 1837 book titled this event",
                        "solution": "What is The French Revolution"
                    },
                    {
                        "value": 2000,
                        "clue": "The bestselling author of \"The Johnstown Flood\" & \"1776\" is also the narrator of the movie \"Seabiscuit\"",
                        "solution": "What is David McCullough"
                    }
                ]
            },
            {
                "category": "MARINE BIOLOGY",
                "clues": [
                    {
                        "value": 400,
                        "clue": "In these organs in most fish, water flows the opposite direction to the blood, increasing oxygen transfer",
                        "solution": "What is gills"
                    },
                    {
                        "value": 800,
                        "clue": "Sea creatures that live in the benthos, this part of the ocean, include clams & halibut",
                        "solution": "What is bottom"
                    },
                    {
                        "value": 1200,
                        "clue": "In 1943 this undersea explorer produced his first film, \"Par Dix-huit Metres du Fond\", or \"18 Meters Down\"",
                        "solution": "What is Jacques Cousteau"
                    },
                    {
                        "value": 1600,
                        "clue": "Like jellyfish, sea anemones have stinging cells in these organs to paralyze small animals",
                        "solution": "What is tentacles"
                    }
                ]
            },
            {
                "category": "HAIFA LOAF",
                "clues": [
                    {
                        "value": 400,
                        "clue": "The main seaport of Israel, Haifa is on this sea",
                        "solution": "What is Mediterranean Sea"
                    },
                    {
                        "value": 800,
                        "clue": "Haifa was a target of scud missiles from this country during the Persian Gulf War of 1991",
                        "solution": "What is Iraq"
                    },
                    {
                        "value": 1200,
                        "clue": "Oddly, in 1983 a skeleton of this Pleistocene hominid named for a German valley was found near Haifa",
                        "solution": "What is Neanderthal"
                    },
                    {
                        "value": 1600,
                        "clue": "In 1191 Haifa was destroyed by the forces of this Muslim leader",
                        "solution": "What is Saladin (or Salahuddin)"
                    },
                    {
                        "value": 2000,
                        "clue": "Haifa is the world center of this religion founded in Persia in the mid-19th century",
                        "solution": "What is Bahá'í Faith"
                    }
                ]
            },
            {
                "category": "BETTER THAN \"NUN\"",
                "clues": [
                    {
                        "value": 400,
                        "clue": "In one episode of this TV series, a pelican falls in love with Sister Bertrille",
                        "solution": "What is The Flying Nun"
                    },
                    {
                        "value": 800,
                        "clue": "To overwhelm or flood with water",
                        "solution": "What is inundate"
                    },
                    {
                        "value": 1200,
                        "clue": "Uttering in a clear, meticulous manner",
                        "solution": "What is enunciate"
                    },
                    {
                        "value": 1600,
                        "clue": "The Catholic festival in memory of the angel Gabriel telling the Virgin Mary she would soon be with child",
                        "solution": "What is Annunciation"
                    },
                    {
                        "value": 2000,
                        "clue": "An official act of abandoning a claim to a royal throne or title",
                        "solution": "What is renunciation"
                    }
                ]
            }
        ],
        "final": {
            "category": "WORLD GEOGRAPHY",
            "clue": "These 2 current South American countries gained their independence in the 20th century, one in the '60s and one in the '70s",
            "solution": "What is Suriname and Guyana"
        }
    }
}