{
    "game": {
        "single": [
            {
                "category": "HISTORIC HISTORIANS",
                "clues": [
                    {
                        "value": 200,
                        "clue": "2nd century B.C. historian Ssu-Ma Ch'ien put together the first comprehensive history of this country",
                        "solution": "What is China"
                    },
                    {
                        "value": 400,
                        "clue": "Christian Lange edited \"Diplomatarium Norvegicum\", a valuable source on this, his native land",
                        "solution": "What is Norway"
                    },
                    {
                        "value": 600,
                        "clue": "William Prescott's 2 big tales of the Conquistadors were about \"The Conquest of Peru\" & \"The Conquest of\" this country",
                        "solution": "What is Mexico"
                    },
                    {
                        "value": 800,
                        "clue": "6th century Roman historian Flavius Cassiodorus did a history of this group that split into Visi- & Ostro- halves",
                        "solution": "What is the Goths"
                    },
                    {
                        "value": 1000,
                        "clue": "This venerable saint's eccesiastical history of England goes up to 731; he died in 735",
                        "solution": "What is the Venerable Bede"
                    }
                ]
            },
            {
                "category": "RANDOM STUFF",
                "clues": [
                    {
                        "value": 200,
                        "clue": "He \"hated Christmas! The whole Christmas season... Please don't ask why, no one quite knows the reason\"",
                        "solution": "What is the Grinch"
                    },
                    {
                        "value": 400,
                        "clue": "\"He was doing jumping jacks yesterday\", said George W. Bush, downplaying this man's heart problems",
                        "solution": "What is Dick Cheney"
                    },
                    {
                        "value": 600,
                        "clue": "Daffy Duck, a fox from Disney in 1973 & Kevin Costner have all played this role from folklore",
                        "solution": "What is Robin Hood"
                    },
                    {
                        "value": 800,
                        "clue": "In August of 1971 David Scott dropped a feather & a hammer here; they landed at the same time",
                        "solution": "What is the Moon"
                    },
                    {
                        "value": 1000,
                        "clue": "This chess term for an opening in which pieces are sacrificed has come to mean any ploy or strategem",
                        "solution": "What is a gambit"
                    }
                ]
            },
            {
                "category": "CRITTERS",
                "clues": [
                    {
                        "value": 200,
                        "clue": "It's the world's tallest animal whose young is known as a calf",
                        "solution": "What is a giraffe"
                    },
                    {
                        "value": 400,
                        "clue": "(Sarah of the Clue Crew reports from Zoo Atlanta.) The two panda species are the 6- to 12-pound red panda & this 200- to 250-pound species",
                        "solution": "What is the giant panda"
                    },
                    {
                        "value": 600,
                        "clue": "Not tabbies or flabbies, but these house cats are known as abys",
                        "solution": "What is Abyssinians"
                    },
                    {
                        "value": 800,
                        "clue": "Unlike a human, a shark's skeleton is made of this elastic tissue, not bone",
                        "solution": "What is cartilage"
                    },
                    {
                        "value": 1000,
                        "clue": "Hey, Dean! 8 species make up this group of weasel-like mammals including the fisher & sable",
                        "solution": "What is the marten family"
                    }
                ]
            },
            {
                "category": "WHAT A BUNCH OF TV CHARACTERS",
                "clues": [
                    {
                        "value": 200,
                        "clue": "Luke, Bo, Daisy, Boss Hogg",
                        "solution": "What is The Dukes of Hazzard"
                    },
                    {
                        "value": 400,
                        "clue": "Herman, Lily, Grandpa, Eddie",
                        "solution": "What is The Munsters"
                    },
                    {
                        "value": 600,
                        "clue": "Doug & Carrie Heffernan, Arthur Spooner",
                        "solution": "What is The King of Queens"
                    },
                    {
                        "value": 800,
                        "clue": "Carlos Ramirez, Reverend Mother, Sister Bertrille",
                        "solution": "What is The Flying Nun"
                    },
                    {
                        "value": 1000,
                        "clue": "Joyce Davenport, Andy Renko, Frank Furillo",
                        "solution": "What is Hill Street Blues"
                    }
                ]
            },
            {
                "category": "LET'S GET MARRIED",
                "clues": [
                    {
                        "value": 200,
                        "clue": "On Sept. 12, 1953 Boston Archbishop Richard Cushing conducted the marriage between this famous pair",
                        "solution": "What is JFK and Jackie"
                    },
                    {
                        "value": 400,
                        "clue": "About his mother's remarriage, Hamlet disdainfully remarks, \"Frailty thy name is\" this",
                        "solution": "What is woman"
                    },
                    {
                        "value": 600,
                        "clue": "In the section on marriage in \"The Prophet\", he wrote, \"Let there be spaces in your togetherness\"",
                        "solution": "What is Khalil Gibran"
                    },
                    {
                        "value": 800,
                        "clue": "The first 2 acts of this 1938 play are titled \"The Daily Life\" & \"Love and Marriage\"",
                        "solution": "What is Our Town"
                    },
                    {
                        "value": 1000,
                        "clue": "He must have liked the family; Thomas Seymour married this English king's widow & later tried to marry his daughter",
                        "solution": "What is Henry VIII"
                    }
                ]
            },
            {
                "category": "MEET MY \"EX\"",
                "clues": [
                    {
                        "value": 200,
                        "clue": "The White House was once officially called this \"Mansion\"",
                        "solution": "What is Executive"
                    },
                    {
                        "value": 400,
                        "clue": "Named shared by a Leon Uris novel, a Bob Marley album & a book of the Bible",
                        "solution": "What is Exodus"
                    },
                    {
                        "value": 600,
                        "clue": "A third mate unlicensed to pilot this ship through Prince William Sound ran it aground",
                        "solution": "What is the Exxon Valdez"
                    },
                    {
                        "value": 800,
                        "clue": "This early 20th century German art movement tried to show subjective emotions",
                        "solution": "What is Expressionism"
                    },
                    {
                        "value": 1000,
                        "clue": "By tradition, No. 11 Downing Street is the residence of this chancellor",
                        "solution": "What is Chancellor of the Exchequer"
                    }
                ]
            }
        ],
        "double": [
            {
                "category": "KJPY CLASSICAL RADIO",
                "clues": [
                    {
                        "value": 400,
                        "clue": "In the next hour, Sir William Walton's concerto for this instrument, featuring Yo-Yo Ma",
                        "solution": "What is the cello"
                    },
                    {
                        "value": 800,
                        "clue": "Now we'll hear a beloved aria by this Italian composer",
                        "solution": "What is Rossini"
                    },
                    {
                        "value": 1200,
                        "clue": "Time now for the KJPY clue of the day: born in 1770, he called himself Bacchus, pressing out the wine of musical revelation",
                        "solution": "What is Beethoven"
                    },
                    {
                        "value": 1600,
                        "clue": "Call & win tickets to this \"talky\" type of voice & piano performance, of songs by Hugo Wolf",
                        "solution": "What is a recital"
                    },
                    {
                        "value": 2000,
                        "clue": "Tomorrow KJPY presents a tribute to this \"Fiddler on the Roof\" who died in 2001",
                        "solution": "What is Isaac Stern"
                    }
                ]
            },
            {
                "category": "SAINTS ON THE MAP",
                "clues": [
                    {
                        "value": 400,
                        "clue": "It's home to over a dozen golden arches of McDonald's & a 630-foot high single stainless steel arch",
                        "solution": "What is St. Louis"
                    },
                    {
                        "value": 800,
                        "clue": "Located on the Gulf of Finland, it was capital of Russia for 2 centuries",
                        "solution": "What is St. Petersburg"
                    },
                    {
                        "value": 1200,
                        "clue": "This California city was named for the bay, which was named for an Assisi saint",
                        "solution": "What is San Francisco"
                    },
                    {
                        "value": 1600,
                        "clue": "Jesse James was terminated in this city, once home to a terminus of the Pony Express",
                        "solution": "What is St. Joseph"
                    }
                ]
            },
            {
                "category": "GUESS WHO'S COMING TO DINNER?",
                "clues": [
                    {
                        "value": 400,
                        "clue": "If this character is coming, have a nice Chianti & some fava beans, though maybe it's best not to invite Ray Liotta",
                        "solution": "What is Hannibal Lecter"
                    },
                    {
                        "value": 800,
                        "clue": "In \"Animal House\" this actor who played Bluto calls for a \"food fight!\"",
                        "solution": "What is John Belushi"
                    },
                    {
                        "value": 1200,
                        "clue": "Julia Roberts finds snails are \"slippery little suckers\" at dinner with Richard Gere and Ralph Bellamy in this film",
                        "solution": "What is Pretty Woman"
                    },
                    {
                        "value": 1600,
                        "clue": "(Hi, I'm Leonard Maltin.) At the end of the deli scene, director Rob Reiner's mother has this romantic comedy's funniest line",
                        "solution": "What is When Harry Met Sally..."
                    },
                    {
                        "value": 2000,
                        "clue": "Though Wallace Shawn worked with \"The Giant\" wrestler elsewhere, this '81 food film was not about the big man",
                        "solution": "What is My Dinner with Andre"
                    }
                ]
            },
            {
                "category": "EAT MEAT",
                "clues": [
                    {
                        "value": 400,
                        "clue": "This meat is also called kid & when curried is a Jamaican specialty",
                        "solution": "What is goat"
                    },
                    {
                        "value": 800,
                        "clue": "In the film comedy \"Love and Death\", Napoleon says the Napoleon pastry must be developed before this British meat dish",
                        "solution": "What is Beef Wellington"
                    },
                    {
                        "value": 1200,
                        "clue": "From a Cree word, this Native American food was made from cranberries, dried deer meat & melted fat",
                        "solution": "What is pemmican"
                    },
                    {
                        "value": 1600,
                        "clue": "From the French for \"to crunch\", it's meat combined with a thick white sauce & deep-fried",
                        "solution": "What is croquettes"
                    },
                    {
                        "value": 2000,
                        "clue": "These \"meats\", including the kidneys, heart & brain, must be \"the spice of life\"",
                        "solution": "What is variety meats"
                    }
                ]
            },
            {
                "category": "LITERARY NAME'S THE SAME",
                "clues": [
                    {
                        "value": 400,
                        "clue": "Poet Robert who wrote \"The Ruling Passion\", or prose writer Tom, who kept his \"Common Sense\"",
                        "solution": "What is Paine"
                    },
                    {
                        "value": 800,
                        "clue": "Nathalia wrote \"The Sunken Garden\"; Stephen stayed above ground with \"The Red Badge of Courage\"",
                        "solution": "What is Crane"
                    },
                    {
                        "value": 1200,
                        "clue": "Last name of Edward, who wrote \"A Venetian Lover\", & of the better-known author of \"Firestarter\"",
                        "solution": "What is King"
                    },
                    {
                        "value": 1600,
                        "clue": "The 1874 novel \"His Natural Life\" by this Aussie author named Marcus was still a good read in 2001",
                        "solution": "What is Clarke"
                    },
                    {
                        "value": 2000,
                        "clue": "Travel writer Robert; he could have had Childe Harold take a pilgrimage on his \"Road to Oxiana\"",
                        "solution": "What is Byron"
                    }
                ]
            },
            {
                "category": "THE SHORT FORM",
                "clues": [
                    {
                        "value": 400,
                        "clue": "In the military: AWOL",
                        "solution": "What is absent without leave"
                    },
                    {
                        "value": 800,
                        "clue": "If your car breaks down: AAA",
                        "solution": "What is the American Automobile Association"
                    },
                    {
                        "value": 1200,
                        "clue": "On an invitation: RSVP",
                        "solution": "What is répondez s'il vous plaît"
                    },
                    {
                        "value": 1600,
                        "clue": "To a swimmer, SCUBA",
                        "solution": "What is self-contained underwater breathing apparatus"
                    },
                    {
                        "value": 2000,
                        "clue": "NAFTA, the treaty",
                        "solution": "What is North American Free Trade Agreement"
                    }
                ]
            }
        ],
        "final": {
            "category": "SPORTS STARS",
            "clue": "He's the only athlete in history to play in both the Super Bowl & the World Series",
            "solution": "What is Deion Sanders"
        }
    }
}