{
    "game": {
        "single": [
            {
                "category": "SCIENCE & NATURE",
                "clues": [
                    {
                        "value": 200,
                        "clue": "Hunting & forest clearing (not a luxury automaker) have endangered this largest wild cat of the Americas",
                        "solution": "What is the jaguar"
                    },
                    {
                        "value": 400,
                        "clue": "Like an escargot, the abalone is an edible one of these gastropods",
                        "solution": "What is a snail"
                    },
                    {
                        "value": 600,
                        "clue": "It's the branch of physics that deals with the nature & properties of light",
                        "solution": "What is optics"
                    },
                    {
                        "value": 800,
                        "clue": "Hermann Muller won a 1946 Nobel Prize for proving that the use of these can cause mutations",
                        "solution": "What is X rays"
                    },
                    {
                        "value": 1000,
                        "clue": "The flowers on this type of myrtle tree resemble the crinkly paper of the same name",
                        "solution": "What is crepe"
                    }
                ]
            },
            {
                "category": "SPORTS VENUES",
                "clues": [
                    {
                        "value": 200,
                        "clue": "A stadium with the world's largest roof was built in 1972 for the Olympic games in this city",
                        "solution": "What is Munich"
                    },
                    {
                        "value": 400,
                        "clue": "On March 14, 1997 Scott Hamilton became the first figure skater inducted into this NYC sports arena's Walk of Fame",
                        "solution": "What is Madison Square Garden"
                    },
                    {
                        "value": 600,
                        "clue": "Built in 1912, this American League park is Major League Baseball's oldest & smallest in capacity",
                        "solution": "What is Fenway"
                    },
                    {
                        "value": 800,
                        "clue": "This Big 12 school plays its home basketball games at the Bob Devaney Sports Center",
                        "solution": "What is the University of Nebraska"
                    },
                    {
                        "value": 1000,
                        "clue": "(I'm Moe Williams from the NFL.) The Minnesota Vikings play their home games in a domed stadium named for this former U.S. vice president",
                        "solution": "What is Humphrey"
                    }
                ]
            },
            {
                "category": "2 PICTURES SAY 1 WORD",
                "clues": [
                    {
                        "value": 200,
                        "clue": "There's plenty of room here for your groceries",
                        "solution": "What is a pantry"
                    },
                    {
                        "value": 400,
                        "clue": "This is your John Hancock",
                        "solution": "What is your autograph"
                    },
                    {
                        "value": 600,
                        "clue": "This is right",
                        "solution": "What is starboard"
                    },
                    {
                        "value": 800,
                        "clue": "This is your history",
                        "solution": "What is your background"
                    },
                    {
                        "value": 1000,
                        "clue": "Someone who's very middle-of-the-road",
                        "solution": "What is centrist"
                    }
                ]
            },
            {
                "category": "CHAT ROOM LINGO",
                "clues": [
                    {
                        "value": 200,
                        "clue": "\"CAD\" stands for these 3 computer keys (often used together)",
                        "solution": "What is Ctrl+Alt+Delete"
                    },
                    {
                        "value": 400,
                        "clue": "Don't wait around if you read \"DHYB\"; it means \"don't hold\" this",
                        "solution": "What is your breath"
                    },
                    {
                        "value": 600,
                        "clue": "\"ESO\" is the insulting \"equipment smarter than\" this person",
                        "solution": "What is the operator"
                    },
                    {
                        "value": 800,
                        "clue": "\"CD-ROM\" also stands for \"consumer device rendered\" this \"in months\"",
                        "solution": "What is obsolete"
                    },
                    {
                        "value": 1000,
                        "clue": "\"AIAMU\" means \"and I'm a\" this, expressing astonishment",
                        "solution": "What is monkey's uncle"
                    }
                ]
            },
            {
                "category": "AARON BURR",
                "clues": [
                    {
                        "value": 200,
                        "clue": "The man he tied with 73 electoral votes in 1800",
                        "solution": "What is Jefferson"
                    },
                    {
                        "value": 400,
                        "clue": "The New Jersey college he graduated from at age 16",
                        "solution": "What is Princeton"
                    },
                    {
                        "value": 600,
                        "clue": "The man he went to New Jersey to meet on July 11, 1804",
                        "solution": "What is Hamilton"
                    },
                    {
                        "value": 800,
                        "clue": "The man he introduced the widow Dolley Todd to in 1794",
                        "solution": "What is James Madison"
                    },
                    {
                        "value": 1000,
                        "clue": "The Chief Justice who presided over his treason trial",
                        "solution": "What is John Marshall"
                    }
                ]
            },
            {
                "category": "GOT MILK?",
                "clues": [
                    {
                        "value": 200,
                        "clue": "AKA \"America's Dairyland\", it's one of the leading U.S. states in milk production",
                        "solution": "What is Wisconsin"
                    },
                    {
                        "value": 400,
                        "clue": "1 of this unit of milk weighs about 8 pounds",
                        "solution": "What is a gallon"
                    },
                    {
                        "value": 600,
                        "clue": "A Frenchman created this process that kills microorganisms in milk by heating it",
                        "solution": "What is pasteurization"
                    },
                    {
                        "value": 800,
                        "clue": "This type of sugar that's less sweet than sucrose is found only in milk",
                        "solution": "What is lactose"
                    },
                    {
                        "value": 1000,
                        "clue": "In 1856 Gail Borden received a patent for his process to do this to milk",
                        "solution": "What is condense it"
                    }
                ]
            }
        ],
        "double": [
            {
                "category": "THE 2004 PRESIDENTIAL RACE",
                "clues": [
                    {
                        "value": 400,
                        "clue": "Bush-Cheney called Edwards Kerry's second choice, meaning this Republican was his first",
                        "solution": "What is John McCain"
                    },
                    {
                        "value": 800,
                        "clue": "George W. Bush won 91% of the vote in Massachusetts (unfortunately for him it was in this contest)",
                        "solution": "What is the Republican primary"
                    },
                    {
                        "value": 1200,
                        "clue": "Most of the over 50,000 signatures he submitted to try to get on the Michigan ballot were collected by the GOP",
                        "solution": "What is (Ralph) Nader"
                    },
                    {
                        "value": 1600,
                        "clue": "In a July 23 speech to this league, the President asked if the Democrats take black voters for granted",
                        "solution": "What is the National Urban League"
                    },
                    {
                        "value": 2000,
                        "clue": "This Florida senator was the first Democratic candidate to drop out of the race",
                        "solution": "What is (Bob) Graham"
                    }
                ]
            },
            {
                "category": "JACKS OR BETTER",
                "clues": [
                    {
                        "value": 400,
                        "clue": "In the 19th century a new breed of terrier was named for this clergyman",
                        "solution": "What is Jack Russell"
                    },
                    {
                        "value": 800,
                        "clue": "In \"Nightmares & Dreamscapes\" this author wrote, \"I believe there is an unseen world all around us\"",
                        "solution": "What is Stephen King"
                    },
                    {
                        "value": 1200,
                        "clue": "In 1999 this rapper-turned-actress turned talk show host",
                        "solution": "What is Queen Latifah"
                    },
                    {
                        "value": 1600,
                        "clue": "Columbia chief Harry Cohn advised this actor to change his last name to avoid negative review puns",
                        "solution": "What is Jack Lemmon"
                    },
                    {
                        "value": 2000,
                        "clue": "An ad in a 1973 paper brought this lead guitarist together with Gene Simmons, Paul Stanley & Peter Criss",
                        "solution": "What is Ace Frehley"
                    }
                ]
            },
            {
                "category": "AVIATION",
                "clues": [
                    {
                        "value": 400,
                        "clue": "(Jimmy of the Clue Crew strolls through an unfinished airplane cabin at the Boeing Everett Factory in Seattle, WA.) I'm walking through this main body of the airplane, which gets its name from the Old French for \"spindle\"",
                        "solution": "What is the fuselage"
                    },
                    {
                        "value": 800,
                        "clue": "In chemistry, it maintains a mixture resistant to change; when flying it controls the pitch of an aircraft",
                        "solution": "What is the stabilizer"
                    },
                    {
                        "value": 1200,
                        "clue": "This 3-digit number, popular in Vegas slot machines, is Boeing's & the world's largest family of twinjet",
                        "solution": "What is 777"
                    },
                    {
                        "value": 1600,
                        "clue": "Greater than supersonic, it's the term for a speed 5 times faster than the speed of sound",
                        "solution": "What is hypersonic (Mach 5 accepted)"
                    },
                    {
                        "value": 2000,
                        "clue": "\"Air\"y name of the curved top & flat bottom shape that airplane (& bird) wings have to give them lift",
                        "solution": "What is an airfoil"
                    }
                ]
            },
            {
                "category": "SHE SELLS SEYCHELLES",
                "clues": [
                    {
                        "value": 400,
                        "clue": "One of the principal exports of Seychelles is copra, the dried white flesh of this fruit",
                        "solution": "What is coconut"
                    },
                    {
                        "value": 800,
                        "clue": "From about 1500 to 1750 the Seychelles served mainly as a hiding place for these people",
                        "solution": "What is pirates"
                    },
                    {
                        "value": 1200,
                        "clue": "The Seychelles uses this unit of currency, which is also used in Pakistan, Nepal & Sri Lanka",
                        "solution": "What is the rupee"
                    },
                    {
                        "value": 1600,
                        "clue": "Seychelles is an example of this grouping of a large number of islands on a vast sheet of sea",
                        "solution": "What is an archipelago"
                    },
                    {
                        "value": 2000,
                        "clue": "This Portuguese navigator, the first European to reach India by sea, discovered the Seychelles in 1502",
                        "solution": "What is Vasco da Gama"
                    }
                ]
            },
            {
                "category": "HOMOPHONIC NAMES",
                "clues": [
                    {
                        "value": 400,
                        "clue": "A tree that's a national symbol of Slovenia, or a Texan U.S. president's first name",
                        "solution": "What is linden (or Lyndon)"
                    },
                    {
                        "value": 800,
                        "clue": "Loudly, raucously sound out George Orwell's original last name",
                        "solution": "What is blare (or Blair)"
                    },
                    {
                        "value": 1200,
                        "clue": "A critiquer of pure reason who died in 1804, or a response indicating you're unable to grasp his philosophy",
                        "solution": "What is Kant (or can't)"
                    },
                    {
                        "value": 1600,
                        "clue": "In \"A hymn to God the Father\", this metaphysical poet makes punning use of this synonym for \"finished\"",
                        "solution": "What is Donne (or done)"
                    },
                    {
                        "value": 2000,
                        "clue": "Sadly for him, the 17th century gunpowder plotter wasn't quite as sly as the animal",
                        "solution": "What is Fawkes (or fox)"
                    }
                ]
            },
            {
                "category": "ENDS IN \"GHT\"",
                "clues": [
                    {
                        "value": 400,
                        "clue": "On October 26, 1881 this took place at Tombstone's OK Corral",
                        "solution": "What is gunfight"
                    },
                    {
                        "value": 800,
                        "clue": "William Congreve wrote, \"Women are like tricks by\" this \"of hand, which, to admire, we should not understand\"",
                        "solution": "What is sleight"
                    },
                    {
                        "value": 1200,
                        "clue": "As a noun, it's a zero; as a pronoun, it's nothing",
                        "solution": "What is naught"
                    },
                    {
                        "value": 1600,
                        "clue": "Samuel F.B. Morse could have told you that it's a past tense & a past participle of work",
                        "solution": "What is wrought"
                    },
                    {
                        "value": 2000,
                        "clue": "Abbreviated dwt., it's equal to 24 grains, or 1/20 of a troy ounce",
                        "solution": "What is a pennyweight"
                    }
                ]
            }
        ],
        "final": {
            "category": "POETS",
            "clue": "Called the 2 most innovative 19th century American poets, one didn't read the other after being \"told that he was disgraceful\"",
            "solution": "What is Emily Dickinson & Walt Whitman"
        }
    }
}