{
    "game": {
        "single": [
            {
                "category": "CELEBRATIONS OF THE MONTH",
                "clues": [
                    {
                        "value": 200,
                        "clue": "Groundhog Day",
                        "solution": "What is February"
                    },
                    {
                        "value": 400,
                        "clue": "Coinciding with another celebration, Corned Beef & Cabbage Day",
                        "solution": "What is March"
                    },
                    {
                        "value": 600,
                        "clue": "Canada Day",
                        "solution": "What is July"
                    },
                    {
                        "value": 800,
                        "clue": "National Magic Day, on the anniversary of Harry Houdini's death",
                        "solution": "What is October"
                    },
                    {
                        "value": 1000,
                        "clue": "Bill of Rights Day & Wright Brothers Day",
                        "solution": "What is December"
                    }
                ]
            },
            {
                "category": "WE LIKE TURTLES",
                "clues": [
                    {
                        "value": 200,
                        "clue": "PetSmart says a pet tortoise needs at least a 40-gallon terrarium; a pet turtle a 30-gallon one of these",
                        "solution": "What is an aquarium"
                    },
                    {
                        "value": 400,
                        "clue": "To escape predators, cuora, the Asian type of this turtle, seals itself in its shell, which is uniquely hinged",
                        "solution": "What is a box turtle"
                    }
                ]
            },
            {
                "category": "THE THIRD MAN",
                "clues": [
                    {
                        "value": 200,
                        "clue": "\"As a tribute to his... versatile poetry\" in 1903, Bjornstjerne Bjornson became man No. 3 to win this prize",
                        "solution": "What is the Nobel Prize for Literature"
                    },
                    {
                        "value": 400,
                        "clue": "In 1985 Murray Haydon became the third man to get a permanent artificial one; Haydon lasted 16 months with it",
                        "solution": "What is a heart"
                    },
                    {
                        "value": 600,
                        "clue": "On May 23, 1956 Swiss climber Ernst Schmied became the third man to do this",
                        "solution": "What is summit Everest"
                    },
                    {
                        "value": 800,
                        "clue": "Use your wisdom & name this third king of ancient Israel, Bathsheba's boy",
                        "solution": "What is Solomon"
                    },
                    {
                        "value": 1000,
                        "clue": "(Sarah of the Clue Crew shows a model of space flight on the monitor.) In a 15-minute trip from Cape Canaveral to the Atlantic Ocean on July 21, 1961, Liberty Bell 7 reached a height of 118 miles and traveled 303 miles carrying this alliteratively named astronaut, making him the third man in space",
                        "solution": "What is Gus Grissom"
                    }
                ]
            },
            {
                "category": "MOVIE!",
                "clues": [
                    {
                        "value": 200,
                        "clue": "Barbra Streisand played matchmaker (Ms. Levi, specifically) in this 1969 movie",
                        "solution": "What is Hello, Dolly!"
                    },
                    {
                        "value": 400,
                        "clue": "Looks like Steve picked the wrong week to quit smoking, drinking, amphetamines & sniffing glue in this 1980 spoof",
                        "solution": "What is Airplane!"
                    },
                    {
                        "value": 600,
                        "clue": "Songs on the soundtrack of this film: \"Honey, Honey\" & \"Money, Money, Money\" as well as \"Dancing Queen\"",
                        "solution": "What is Mamma Mia!"
                    },
                    {
                        "value": 800,
                        "clue": "\"Well, I try & try to forget you, girl, but it's just so hard to do, every time you\" name this 1996 Tom Hanks-directed film",
                        "solution": "What is That Thing You Do!"
                    },
                    {
                        "value": 1000,
                        "clue": "In this 1977 film George Burns tells John Denver that creating ostriches was a big mistake—\"silly looking things\"",
                        "solution": "What is Oh, God!"
                    }
                ]
            },
            {
                "category": "THAT RAISES A RED FLAG",
                "clues": [
                    {
                        "value": 200,
                        "clue": "Its red flag with a white crescent & star was officially confirmed June 5, 1936, after the revolution led by Ataturk",
                        "solution": "What is Turkey"
                    },
                    {
                        "value": 400,
                        "clue": "Tenn., Miss. & this state on their western borders are true red states—that color is their flags' main background",
                        "solution": "What is Arkansas"
                    },
                    {
                        "value": 600,
                        "clue": "The five red stars on this region's flag refer to China's flag",
                        "solution": "What is Hong Kong"
                    },
                    {
                        "value": 800,
                        "clue": "You can buy a big red flag of this university in New York state with its founding date, 1865",
                        "solution": "What is Cornell"
                    }
                ]
            },
            {
                "category": "I ONLY HAVE Es FOR YOU",
                "clues": [
                    {
                        "value": 200,
                        "clue": "A group of actors, musicians or pieces of clothing working together",
                        "solution": "What is ensemble"
                    },
                    {
                        "value": 400,
                        "clue": "Profession of Harry Winston & Charles Lewis Tiffany",
                        "solution": "What is jeweler"
                    },
                    {
                        "value": 600,
                        "clue": "It can mean a quay or pier as well as an embankment to prevent flooding",
                        "solution": "What is a levee"
                    },
                    {
                        "value": 800,
                        "clue": "Ceres is the Roman counterpart of this Greek goddess of agriculture",
                        "solution": "What is Demeter"
                    },
                    {
                        "value": 1000,
                        "clue": "Dane Cook's half-brother & business manager stole millions from the comic, this crime of misappropriating bank funds",
                        "solution": "What is embezzlement"
                    }
                ]
            }
        ],
        "double": [
            {
                "category": "SHOW BIZ NICKNAMES",
                "clues": [
                    {
                        "value": 400,
                        "clue": "In the 1930s producer Irving Thalberg had this nickname, just like Batman's sidekick Robin",
                        "solution": "What is Boy Wonder"
                    },
                    {
                        "value": 800,
                        "clue": "Frank Sinatra's nicknames included this, also the title of an NBC TV singing competition",
                        "solution": "What is the Voice"
                    },
                    {
                        "value": 1200,
                        "clue": "He was hailed as the King of Cool",
                        "solution": "What is Steve McQueen"
                    },
                    {
                        "value": 1600,
                        "clue": "Inducted into the Rock & Roll Hall of Fame in 1991, she has the \"hardest working legs in show business\"",
                        "solution": "What is Tina Turner"
                    },
                    {
                        "value": 2000,
                        "clue": "Starring in the 1927 movie \"It\" made her the \"It\" girl & the quintessential flapper",
                        "solution": "What is Clara Bow"
                    }
                ]
            },
            {
                "category": "DAY & NIGHT BOOKSTORE",
                "clues": [
                    {
                        "value": 400,
                        "clue": "Gray is tired from being used to color elephants & beige hates being called brown in the kids' book \"The Day\" these \"Quit\"",
                        "solution": "What is the crayons"
                    },
                    {
                        "value": 800,
                        "clue": "A butler recalls the successes & failures of his own life in this Kazuo Ishiguro novel",
                        "solution": "What is The Remains of the Day"
                    },
                    {
                        "value": 1200,
                        "clue": "The hero of \"The Curious Incident of the Dog in the Night-time\" has this autism spectrum condition named for an Austrian",
                        "solution": "What is Asperger's"
                    },
                    {
                        "value": 1600,
                        "clue": "Stephen King's \"Night Shift\" short story collection includes this one about a deadly cult of kids in farm country",
                        "solution": "What is the \"Children of the Corn\""
                    },
                    {
                        "value": 2000,
                        "clue": "Set designer Tod Hackett glimpses firsthand the artificiality of Hollywood in this 1939 work by Nathanael West",
                        "solution": "What is Day of the Locust"
                    }
                ]
            },
            {
                "category": "STARTS WITH A MUSICAL INSTRUMENT",
                "clues": [
                    {
                        "value": 400,
                        "clue": "A spear used on aquatic mammals",
                        "solution": "What is a harpoon"
                    },
                    {
                        "value": 800,
                        "clue": "A cooked fowl's lower joint",
                        "solution": "What is a drumstick"
                    },
                    {
                        "value": 1200,
                        "clue": "Used to fan a fire, this type of blower draws in air & expels it quickly through a tube",
                        "solution": "What is bellows"
                    },
                    {
                        "value": 1600,
                        "clue": "Lye-soaked dried cod, beloved by Scandinavians",
                        "solution": "What is lutefisk"
                    },
                    {
                        "value": 2000,
                        "clue": "Transparent package wrapper",
                        "solution": "What is cellophane"
                    }
                ]
            },
            {
                "category": "SPY STUFF",
                "clues": [
                    {
                        "value": 400,
                        "clue": "Now serving life, Aldrich Ames got $2.7 million to reveal the ID of every U.S. agent operating in this country",
                        "solution": "What is Russia"
                    },
                    {
                        "value": 800,
                        "clue": "In 1780 John Andre was caught with papers in his boot concerning Benedict Arnold surrendering the fort at this place",
                        "solution": "What is West Point"
                    },
                    {
                        "value": 1200,
                        "clue": "It's not just in movies: D.C.'s International Spy Museum has these disguised as pens, lighters & from around 1950, a watch",
                        "solution": "What is a camera"
                    },
                    {
                        "value": 1600,
                        "clue": "On Feb. 10, 1962 convicted Soviet spy Rudolf Abel was exchanged for Frederic Pryor & this captured U-2 pilot",
                        "solution": "What is Gary Powers"
                    },
                    {
                        "value": 2000,
                        "clue": "A company called Narus was in the news in 2006 for its product that let this U.S. agency monitor web traffic & emails",
                        "solution": "What is the NSA"
                    }
                ]
            },
            {
                "category": "HISTORIC \"P\"LACES",
                "clues": [
                    {
                        "value": 400,
                        "clue": "In 1792, George Vancouver was the first to explore this arm of the Pacific",
                        "solution": "What is Puget Sound"
                    },
                    {
                        "value": 800,
                        "clue": "From 1790 to 1808 the location of the wanted men who had settled this Pacific island was unknown to the world",
                        "solution": "What is Pitcairn Island"
                    },
                    {
                        "value": 1200,
                        "clue": "Today split between two countries, this historic region was once conquered by Alexander the Great",
                        "solution": "What is the Punjab"
                    },
                    {
                        "value": 1600,
                        "clue": "This city was founded in 1855 by a Boer leader who became the 1st president of the South African republic",
                        "solution": "What is Pretoria"
                    },
                    {
                        "value": 2000,
                        "clue": "This volcano on Martinique blew its top in 1792, 1851, 1902 & 1929",
                        "solution": "What is Mount Pelée"
                    }
                ]
            },
            {
                "category": "HERBS & SPICES",
                "clues": [
                    {
                        "value": 400,
                        "clue": "This potato topper that resembles blades of grass is the smallest member of the onion family",
                        "solution": "What is chives"
                    },
                    {
                        "value": 800,
                        "clue": "Sprigs of this herb once thought to enhance memory are used to season lamb & chicken",
                        "solution": "What is rosemary"
                    },
                    {
                        "value": 1200,
                        "clue": "Ground sumac is often added to this curdled milk foodstuff & used for dipping with kebabs",
                        "solution": "What is yogurt"
                    },
                    {
                        "value": 1600,
                        "clue": "Smoked jalapeno chili peppers, which are also called by this name, can be found in chili powders",
                        "solution": "What is chipotles"
                    }
                ]
            }
        ],
        "final": {
            "category": "PRESIDENTS: BORN & DIED",
            "clue": "Born the farthest west in the continental U.S. of any president, he would later die farthest from his birthplace",
            "solution": "What is Richard Nixon"
        }
    }
}