{
    "game": {
        "single": [
            {
                "category": "THE 18th CENTURY",
                "clues": [
                    {
                        "value": 200,
                        "clue": "Name of 3 French kings in the century, & of a gold French coin of the time",
                        "solution": "What is Louis"
                    },
                    {
                        "value": 400,
                        "clue": "Tiradentes, or \"tooth puller\", lead a revolt against Portugal in this South America colony",
                        "solution": "What is Brazil"
                    },
                    {
                        "value": 600,
                        "clue": "Lovoisier showed fire wasn't caused by contact with phlogiston, but with this gas",
                        "solution": "What is oxygen"
                    },
                    {
                        "value": 800,
                        "clue": "You may get sleepy at bedtime from this Iberian dessert wine produced by Sanderman since 1790",
                        "solution": "What is port (*sherry)"
                    },
                    {
                        "value": 1000,
                        "clue": "This country acquired much of Italy, including Naples & Milan, but the new pasta schnitzel never caught on",
                        "solution": "What is Austria"
                    }
                ]
            },
            {
                "category": "HANDWEAR",
                "clues": [
                    {
                        "value": 200,
                        "clue": "Metaphorically, you put on a pair of these to handle something with extreme tact",
                        "solution": "What is kid gloves"
                    },
                    {
                        "value": 400,
                        "clue": "Suspended Animation is a company that makes clips for kids to wear so they don't lose these, like kittens",
                        "solution": "What is mittens"
                    },
                    {
                        "value": 600,
                        "clue": "(Sarah of the Clue Crew holds a hand warmer.) Oh, Biff, Tiff & I are off to Banff, so it's lucky I've got this to keep me warm",
                        "solution": "What is a muff"
                    },
                    {
                        "value": 800,
                        "clue": "Mia St. John dons a pair of these to work",
                        "solution": "What is boxing gloves"
                    },
                    {
                        "value": 1000,
                        "clue": "With your new suit of armor you might not get 2 pairs of pants, but you should get a pair of these armored gloves",
                        "solution": "What is gauntlet"
                    }
                ]
            },
            {
                "category": "ACT UP",
                "clues": [
                    {
                        "value": 200,
                        "clue": "Before donning his pointed ears, he acted in \"The Brain Eaters\" & \"Zombies of the Stratosphere\"",
                        "solution": "What is Leonard Nimoy"
                    },
                    {
                        "value": 400,
                        "clue": "\"An actress can only play a woman. I'm an actor, I can play anything\", once boasted this star of \"Ghost\"",
                        "solution": "What is Whoopi Goldberg"
                    },
                    {
                        "value": 600,
                        "clue": "In 1996 this hunk won a Golden Globe award for his supporting work in \"Twelve Monkeys\"",
                        "solution": "What is Brad Pitt"
                    },
                    {
                        "value": 800,
                        "clue": "In 1983 he played Tony Montana, whom you might remember better as Scarface",
                        "solution": "What is Al Pacino"
                    },
                    {
                        "value": 1000,
                        "clue": "This folksinger & actor surely had \"A Holly Jolly Christmas\" in 1959, the year he won an Oscar for \"The Big Country\"",
                        "solution": "What is Burl Ives"
                    }
                ]
            },
            {
                "category": "AT YOUR LEISURE",
                "clues": [
                    {
                        "value": 200,
                        "clue": "Collectors know one of the rarest comic books is a 1939 \"Detective Comics\" issue that introduced this Gotham hero",
                        "solution": "What is Batman"
                    },
                    {
                        "value": 400,
                        "clue": "(Jimmy of the Clue Crew carves a piece of wood.) From the Old English for \"to cut\", it's what I'm doing to pass the time",
                        "solution": "What is whitle"
                    },
                    {
                        "value": 600,
                        "clue": "You might use a wheel & a kiln when involved in this hobby that produces decorative vessels of fired clay",
                        "solution": "What is ceramics (pottery)"
                    },
                    {
                        "value": 800,
                        "clue": "This type of knitting uses a hooked needle that draws thread or yarn through intertwined loops",
                        "solution": "What is crochet"
                    },
                    {
                        "value": 1000,
                        "clue": "Using 2 decks & 4 jokers, this card game's name is Spanish for \"basket\"",
                        "solution": "What is canasta"
                    }
                ]
            },
            {
                "category": "SHAKESPEAREAN CHARACTERS",
                "clues": [
                    {
                        "value": 200,
                        "clue": "Hamlet tells her, \"Get thee to a nunnery\"",
                        "solution": "What is Ophelia"
                    },
                    {
                        "value": 400,
                        "clue": "When he first contemplates the murder of Duncan, he says its \"horrid image doth unfix my hair\"",
                        "solution": "What is Macbeth"
                    },
                    {
                        "value": 600,
                        "clue": "This mischievous trickster in \"A Midsummer Night's Dream\" can circle the earth in 40 minutes & summon a fog",
                        "solution": "What is Puck"
                    },
                    {
                        "value": 800,
                        "clue": "This villain tells Roderigo, \"Now, sir, be judge yourself whether I in any just term am affined to love the Moor\"",
                        "solution": "What is Iago"
                    },
                    {
                        "value": 1000,
                        "clue": "This nobleman has designs on Juliet, but it's Romeo who wins her heart",
                        "solution": "What is Paris"
                    }
                ]
            },
            {
                "category": "FRUIT",
                "clues": [
                    {
                        "value": 200,
                        "clue": "A defective item, like a dud car",
                        "solution": "What is lemon"
                    },
                    {
                        "value": 400,
                        "clue": "A hand grenade",
                        "solution": "What is pineapple"
                    },
                    {
                        "value": 600,
                        "clue": "Extremely desirable, as a job or reward",
                        "solution": "What is plum"
                    },
                    {
                        "value": 800,
                        "clue": "Wildly enthusiastic, crazy",
                        "solution": "What is bananas"
                    },
                    {
                        "value": 1000,
                        "clue": "A Bronx cheer",
                        "solution": "What is raspberry"
                    }
                ]
            }
        ],
        "double": [
            {
                "category": "LET'S PLAY THE FEUD",
                "clues": [
                    {
                        "value": 400,
                        "clue": "Election day 1882 inaugurated the famous feud between these 2 Kentucky/West Virginia families",
                        "solution": "What is Hatfields & McCoys"
                    },
                    {
                        "value": 800,
                        "clue": "These twin sisters took some good advice & ended an 8-year feud as they battled for readers",
                        "solution": "What is Ann Landers & Dear Abby (Abigail Van Buren)"
                    },
                    {
                        "value": 1200,
                        "clue": "In 1998 Larry Flynt's battle with this Moral Majority man went to the Supreme Court",
                        "solution": "What is Jerry Falwell"
                    },
                    {
                        "value": 1600,
                        "clue": "Calling his death \"a good career move\", Gore Vidal had the last word with this \"nonfiction novel\"ist in 1984",
                        "solution": "What is Truman Capote"
                    },
                    {
                        "value": 2000,
                        "clue": "Paul Theroux' book \"Sir Vidia's Shadow\" documents his feud with this writer & 2001 Nobel Prize winner",
                        "solution": "What is Naipaul"
                    }
                ]
            },
            {
                "category": "COME ON DOWN!",
                "clues": [
                    {
                        "value": 400,
                        "clue": "In a nursery rhyme, he tumbled from a wall with dire consequences",
                        "solution": "What is Humpty-Dumpty"
                    },
                    {
                        "value": 800,
                        "clue": "In the King James Version, \"The Lord is my shepherd... he maketh me to lie down in\" these",
                        "solution": "What is green pastures"
                    },
                    {
                        "value": 1200,
                        "clue": "This alliterative term is defined as a descending motion subject only to gravity",
                        "solution": "What is free fall"
                    },
                    {
                        "value": 1600,
                        "clue": "What goes up must come down & in 1979 this first U.S. space station broke apart over Australia & the Indian Ocean",
                        "solution": "What is Skylab"
                    },
                    {
                        "value": 2000,
                        "clue": "These 2 were first partnered in the 1933 film \"Flying Down to Rio\"",
                        "solution": "What is Ginger Rogers and Fred Astaire"
                    }
                ]
            },
            {
                "category": "SAY THE MAGIC \"WORD\"",
                "clues": [
                    {
                        "value": 400,
                        "clue": "It's this type of newspaper game with numbered clues (9 letters)",
                        "solution": "What is crossword"
                    },
                    {
                        "value": 800,
                        "clue": "Rumors spread quickly by this hyphenated term",
                        "solution": "What is word-of-mouth"
                    },
                    {
                        "value": 1200,
                        "clue": "In addition to \"The Excursion\", he wrote 523 sonnets",
                        "solution": "What is Wordsworth"
                    },
                    {
                        "value": 1600,
                        "clue": "The answer is... This show, hosted by Allen Ludden on CBS from 1961 to 1967",
                        "solution": "What is Password"
                    },
                    {
                        "value": 2000,
                        "clue": "If I say it's a test where you're given a verbal stimulus to which a verbal response is needed, you say it's this",
                        "solution": "What is word association"
                    }
                ]
            },
            {
                "category": "THE TRIBE HAS SPOKEN",
                "clues": [
                    {
                        "value": 400,
                        "clue": "Many Seminole Indians in Florida speak Mekusukey; Seminoles in this state speak the related Muscogee",
                        "solution": "What is Oklahoma"
                    },
                    {
                        "value": 1600,
                        "clue": "In the Spokane language, Spokane may derive from \"people of\" this body, a rare sight in Washington winters",
                        "solution": "What is the sun"
                    }
                ]
            },
            {
                "category": "YOU ARE THE WEAKEST LINK",
                "clues": [
                    {
                        "value": 400,
                        "clue": "The winner of this drama prize for 1952, between \"South Pacific\" & \"Picnic\", was Joseph Kramm's \"The Shrike\"",
                        "solution": "What is Pulitzer"
                    },
                    {
                        "value": 800,
                        "clue": "In the spring of 1957 he released the No. 25 hit \"Peace in the Valley\" between 2 No. 1's",
                        "solution": "What is Elvis Presley"
                    },
                    {
                        "value": 1200,
                        "clue": "Preceded by Dulles & followed by Rusk, Christian Herter left less of a mark in this post",
                        "solution": "What is Secretary of State"
                    },
                    {
                        "value": 1600,
                        "clue": "We presume the weak link in this team's 1906 infield wasn't Tinker, Evers or Chance but third baseman Harry Steinfeldt",
                        "solution": "What is Chicago Cubs"
                    },
                    {
                        "value": 2000,
                        "clue": "Gen. Burnside lasted even less time as head of this Union \"Army\" than McClellan or Hooker",
                        "solution": "What is Army of the Potomac"
                    }
                ]
            },
            {
                "category": "GOODBYE",
                "clues": [
                    {
                        "value": 400,
                        "clue": "Only weeks after attending Gianni Versace's funeral, she was killed in an August 1997 car crash in Paris",
                        "solution": "What is Princess Diana"
                    },
                    {
                        "value": 800,
                        "clue": "On Sept. 6, 1997 the Indian government broke tradition & ok'd the honor of state rites for her funeral",
                        "solution": "What is Mother Teresa"
                    },
                    {
                        "value": 1200,
                        "clue": "This flamboyant prime minister's Oct. 3, 2000 state funeral was the largest such event in Canadian history",
                        "solution": "What is (Pierre) Trudeau"
                    },
                    {
                        "value": 1600,
                        "clue": "This politician whose campaign slogan was \"AuH2O\" died of natural causes at age 89 on May 29, 1998",
                        "solution": "What is Barry Goldwater"
                    },
                    {
                        "value": 2000,
                        "clue": "His son Abdullah took over as King of Jordan following his Feb. 7, 1999 death",
                        "solution": "What is King Hussein"
                    }
                ]
            }
        ],
        "final": {
            "category": "FAMOUS NAMES",
            "clue": "The son of an art teacher, he became vice president of the Swiss Psychoanalytic Society in 1919",
            "solution": "What is Hermann Rorschach"
        }
    }
}