{
    "game": {
        "single": [
            {
                "category": "HARLEQUIN ROMANCE NOVEL TITLES 2014",
                "clues": [
                    {
                        "value": 200,
                        "clue": "\"A Stolen Kiss from\" one of these junior royals",
                        "solution": "What is a prince"
                    },
                    {
                        "value": 400,
                        "clue": "\"Rescued by\" this ideal future husband",
                        "solution": "What is Mr. Right"
                    },
                    {
                        "value": 600,
                        "clue": "With an alliterative title, \"The Maverick\" this rich guy",
                        "solution": "What is a millionaire"
                    },
                    {
                        "value": 800,
                        "clue": "From \"Just Friends to... Just\" this",
                        "solution": "What is Married"
                    }
                ]
            },
            {
                "category": "THE SHAPE OF THINGS",
                "clues": [
                    {
                        "value": 200,
                        "clue": "In case you were wondering, yes, C&H still makes sugar in this shape",
                        "solution": "What is cubes"
                    },
                    {
                        "value": 400,
                        "clue": "(Kelly of the Clue Crew presents.) Consisting of 2 perpendicular line segments & a semicircle, a geometric tool for angle trisection is called this, like a Native American handaxe",
                        "solution": "What is tomahawk"
                    },
                    {
                        "value": 600,
                        "clue": "It's the geometric shape with a circular base in one plane that tapers to a point in another plane",
                        "solution": "What is a cone"
                    },
                    {
                        "value": 1000,
                        "clue": "If you have an aquiline nose, it's shaped like the beak of this bird",
                        "solution": "What is an eagle"
                    }
                ]
            },
            {
                "category": "FOREIGN WORDS IN SONG TITLES",
                "clues": [
                    {
                        "value": 200,
                        "clue": "\"When the moon hits your eye like a big pizza pie, that's\" this",
                        "solution": "What is amore"
                    },
                    {
                        "value": 400,
                        "clue": "\"That's Life\"; that's this French song title",
                        "solution": "What is \"C'est La Vie\""
                    },
                    {
                        "value": 600,
                        "clue": "Umphrey's McGee has a tune called \"No\" this, Spanish for \"devil\"",
                        "solution": "What is Diablo"
                    },
                    {
                        "value": 800,
                        "clue": "This 3-word Spanish Santana title says, \"Hear how it goes\", it being a great jam",
                        "solution": "What is Oye Como Va"
                    },
                    {
                        "value": 1000,
                        "clue": "Don't turn around, uh uh oh, this guy, German for \"Detective Superintendent\" is in town, uh uh oh",
                        "solution": "What is Der Kommissar"
                    }
                ]
            },
            {
                "category": "3 M",
                "clues": [
                    {
                        "value": 200,
                        "clue": "If we had 10 in our show's Bible, the first would be \"Thou shalt respond in the form of a question\"",
                        "solution": "What is commandments"
                    },
                    {
                        "value": 400,
                        "clue": "A dead Egyptian body, or a live British matriarch",
                        "solution": "What is a mummy"
                    },
                    {
                        "value": 600,
                        "clue": "The shrewlike Morganucodon was one of the first of this animal class",
                        "solution": "What is a mammal"
                    },
                    {
                        "value": 800,
                        "clue": "To honor an event, such as Veterans Day, by some observance",
                        "solution": "What is commemorate"
                    },
                    {
                        "value": 1000,
                        "clue": "Force exhibited by a moving body; let's see if you'll gain it",
                        "solution": "What is momentum"
                    }
                ]
            },
            {
                "category": "THE STATE OF WASHINGTON",
                "clues": [
                    {
                        "value": 200,
                        "clue": "Seattle's American Messenger Company was the genesis of what is today this large delivery firm",
                        "solution": "What is UPS"
                    },
                    {
                        "value": 400,
                        "clue": "From 5000 B.C. to the 1800s A.D., Native American tribes lived in the foothills of this mountain they called \"Takhoma\"",
                        "solution": "What is Mount Rainier"
                    },
                    {
                        "value": 600,
                        "clue": "After heavy rain in March 2014, one of these moving at 60 MPH crushed the small town of Oso",
                        "solution": "What is mudslide"
                    },
                    {
                        "value": 800,
                        "clue": "A state penitentiary is in this double-talk city",
                        "solution": "What is Walla Walla"
                    },
                    {
                        "value": 1000,
                        "clue": "In 1958 Boeing introduced this model, the first American passenger jet put into commercial service",
                        "solution": "What is the 707"
                    }
                ]
            },
            {
                "category": "HUSKIES & COUGARS",
                "clues": [
                    {
                        "value": 200,
                        "clue": "The word \"husk\" as applied to dogs may come from a corruption of this name of a native people who use them in the snow",
                        "solution": "What is eskimo"
                    },
                    {
                        "value": 400,
                        "clue": "This 2-word term is a \"mane\" alternate name for the cougar",
                        "solution": "What is a mountain lion"
                    },
                    {
                        "value": 600,
                        "clue": "Heterochromia, usually meaning these are of different colors, is relatively common in huskies",
                        "solution": "What is eyes"
                    },
                    {
                        "value": 1000,
                        "clue": "Slower than some prey, the cougar uses this sneaky 6-letter tactic Hannibal used on the Romans at Lake Trasimeno",
                        "solution": "What is an ambush"
                    }
                ]
            }
        ],
        "double": [
            {
                "category": "PAPER OR PLASTIC?",
                "clues": [
                    {
                        "value": 400,
                        "clue": "A legend says one wish will be granted if you make 1,000 cranes using this Japanese art of paper folding",
                        "solution": "What is origami"
                    },
                    {
                        "value": 800,
                        "clue": "Initially called Health Kups, these paper cups got a less clinical name a few years later",
                        "solution": "What is Dixie Cups"
                    },
                    {
                        "value": 1200,
                        "clue": "This song by Robin Thicke says, \"You don't need no papers\" & \"You're far from plastic\"",
                        "solution": "What is \"Blurred Lines\""
                    },
                    {
                        "value": 1600,
                        "clue": "Invented in 1973, these kits get their catchy name from the way the plastic sheets get smaller when colored & baked",
                        "solution": "What is Shrinky Dinks"
                    },
                    {
                        "value": 2000,
                        "clue": "This trademark plastic was a popular material for costume jewelry",
                        "solution": "What is Bakelite"
                    }
                ]
            },
            {
                "category": "BODIES OF WATER",
                "clues": [
                    {
                        "value": 400,
                        "clue": "The Uruguay River forms the border between Uruguay & the province of Entre Rios in this neighbor to the south & west",
                        "solution": "What is Argentina"
                    },
                    {
                        "value": 800,
                        "clue": "The Lomonosov Ridge in this ocean runs from Ellesmere Island to the New Siberian Islands",
                        "solution": "What is the Arctic Ocean"
                    },
                    {
                        "value": 1200,
                        "clue": "Ports on this reef-filled sea include Brisbane, Australia & Port Moresby, Papua New Guinea",
                        "solution": "What is the Coral Sea"
                    },
                    {
                        "value": 1600,
                        "clue": "To control floods, the Venetian Republic built dikes on this, the major river of the republic",
                        "solution": "What is the Po"
                    }
                ]
            },
            {
                "category": "DURING THE REIGN OF QUEEN ELIZABETH I",
                "clues": [
                    {
                        "value": 400,
                        "clue": "In 1593 botanist Carolus Clusius brought these bulbs to Leiden, which liked 'em",
                        "solution": "What is tulips"
                    },
                    {
                        "value": 800,
                        "clue": "Incorporating earlier collections of books, the Bodleian Library opened at this university in 1602",
                        "solution": "What is Oxford"
                    },
                    {
                        "value": 1200,
                        "clue": "In 1579, during their round-the-world voyage, this man & his crew landed in California & called it New Albion",
                        "solution": "What is Sir Francis Drake"
                    }
                ]
            },
            {
                "category": "17-LETTER WORDS",
                "clues": [
                    {
                        "value": 400,
                        "clue": "The development of modern factories & the means of production on a regional or national scale",
                        "solution": "What is industrialization"
                    },
                    {
                        "value": 800,
                        "clue": "It's having a business meeting in 2 or more locations at once, linked by \"v\"isual technology",
                        "solution": "What is videoconferencing"
                    },
                    {
                        "value": 1200,
                        "clue": "UC Berkeley students range across areas of learning with the major called ISF, this kind of \"studies field\"",
                        "solution": "What is interdisciplinary"
                    }
                ]
            },
            {
                "category": "A \"LITTLE\" LITERATURE",
                "clues": [
                    {
                        "value": 400,
                        "clue": "In this 1871 sequel Jo March & her husband run a school for boys in their home",
                        "solution": "What is Little Men"
                    },
                    {
                        "value": 800,
                        "clue": "In 2014 Sara Shepard released \"Toxic\", the 15th book in this bestselling series about 4 Pennsylvania teens",
                        "solution": "What is Pretty Little Liars"
                    },
                    {
                        "value": 1200,
                        "clue": "In this 1886 story 7-year old Cedric Errol cuts a striking figure in black velvet, lace collar & yellow curls",
                        "solution": "What is Little Lord Fauntleroy"
                    },
                    {
                        "value": 1600,
                        "clue": "This Dickens title character sews to earn money to help her father, who's been imprisoned for debt",
                        "solution": "What is Little Dorrit"
                    },
                    {
                        "value": 2000,
                        "clue": "In this 1933 Erskine Caldwell novel, a character sets aside a small piece of land, the income of which is to go to the church",
                        "solution": "What is God's Little Acre"
                    }
                ]
            },
            {
                "category": "MOVIE CHARCTER MASHUPS",
                "clues": [
                    {
                        "value": 400,
                        "clue": "Barnabas Scissorhands",
                        "solution": "What is Johnny Depp"
                    },
                    {
                        "value": 800,
                        "clue": "Howard Gatsby",
                        "solution": "What is Leonardo DiCaprio"
                    },
                    {
                        "value": 1200,
                        "clue": "Clarice Leonowens",
                        "solution": "What is Jodie Foster"
                    },
                    {
                        "value": 1600,
                        "clue": "Fantine Thermopolis",
                        "solution": "What is Anne Hathaway"
                    },
                    {
                        "value": 2000,
                        "clue": "Roxie Jones",
                        "solution": "What is Renée Zellweger"
                    }
                ]
            }
        ],
        "final": {
            "category": "2014 EVENTS",
            "clue": "To prepare venues hosting this event, 12 billion perennial ryegrass seeds were imported from Manitoba, 5,000 miles away",
            "solution": "What is the World Cup"
        }
    }
}