{
    "game": {
        "single": [
            {
                "category": "ATTORNEYS GENERAL",
                "clues": [
                    {
                        "value": 200,
                        "clue": "Edmund Randolph helped draft & ratify the Constitution before becoming this man's Attorney General",
                        "solution": "What is Washington"
                    },
                    {
                        "value": 400,
                        "clue": "A relative of Napoleon, Charles Bonaparte served as Navy Secretary in 1905 & later as Attorney General for this president",
                        "solution": "What is Theodore Roosevelt"
                    },
                    {
                        "value": 600,
                        "clue": "This man appointed Harry Daugherty, who'd helped him become lt. gov. of Ohio & a U.S. senator as well as president",
                        "solution": "What is Warren G. Harding"
                    },
                    {
                        "value": 800,
                        "clue": "A.G. Roger Taney wrote this president's speech announcing the veto of the bill renewing the Bank of the U.S.",
                        "solution": "What is Andrew Jackson"
                    }
                ]
            },
            {
                "category": "THE WORLD SERIES",
                "clues": [
                    {
                        "value": 200,
                        "clue": "The Boston Red Sox won the 2004 World Series in 4 straight games, finally exorcising this man's \"curse\"",
                        "solution": "What is The Bambino (The Babe accepted)"
                    },
                    {
                        "value": 400,
                        "clue": "\"Say Hey\"! This Giants outfielder's catch of a Vic Wertz drive was a highlight of the 1954 World Series",
                        "solution": "What is Willie Mays"
                    },
                    {
                        "value": 600,
                        "clue": "In game one of the 1968 Series, this Cardinals pitcher struck out a record 17 Tigers",
                        "solution": "What is Bob Gibson"
                    },
                    {
                        "value": 800,
                        "clue": "This outfielder was named World Series MVP twice: with the Oakland A's in 1973 & with the Yankees in 1977",
                        "solution": "What is Reggie Jackson"
                    },
                    {
                        "value": 1000,
                        "clue": "This Yankee catcher hit the 1st pinch-hit home run in Series history in '47; he hit 11 more homers in his Series career",
                        "solution": "What is Yogi Berra"
                    }
                ]
            },
            {
                "category": "STATE THE ITEM",
                "clues": [
                    {
                        "value": 200,
                        "clue": "Also a Lone Star State lottery game, it's a numerical country dance",
                        "solution": "What is the Texas Two-Step"
                    },
                    {
                        "value": 400,
                        "clue": "About 250 of these 2-named Western U.S. vultures survive in the world, most in captivity",
                        "solution": "What is California condors"
                    },
                    {
                        "value": 600,
                        "clue": "An American breed of chickens having dark reddish-brown feathers & producing brown eggs",
                        "solution": "What is a Rhode Island red"
                    },
                    {
                        "value": 800,
                        "clue": "\"Yes, I lost my little darlin' the night they were playing\" this beautiful state song",
                        "solution": "What is the \"Tennessee Waltz\""
                    },
                    {
                        "value": 1000,
                        "clue": "1854's Kansas-Nebraska Act repealed this",
                        "solution": "What is the Missouri Compromise"
                    }
                ]
            },
            {
                "category": "PALINDROMIC WORDS",
                "clues": [
                    {
                        "value": 200,
                        "clue": "Eskimo boat",
                        "solution": "What is kayak"
                    },
                    {
                        "value": 400,
                        "clue": "A failed munition",
                        "solution": "What is dud"
                    },
                    {
                        "value": 600,
                        "clue": "A title for an important Islamic leader; Khan you dig it?",
                        "solution": "What is aga"
                    },
                    {
                        "value": 800,
                        "clue": "Muscle \"cuff\" that permits free shoulder movement",
                        "solution": "What is rotator"
                    },
                    {
                        "value": 1000,
                        "clue": "Enemy of God in Ezekiel & Revelation",
                        "solution": "What is Gog"
                    }
                ]
            },
            {
                "category": "BORN",
                "clues": [
                    {
                        "value": 200,
                        "clue": "Born on Oct. 31, 1887 in the Zhejiang Province, he'd Taiwan-on in 1949",
                        "solution": "What is Chiang Kai-shek"
                    },
                    {
                        "value": 400,
                        "clue": "Born on March 18, 1869 in Birmingham, England, he appeased away 71 years later",
                        "solution": "What is Neville Chamberlain"
                    },
                    {
                        "value": 600,
                        "clue": "No truth to the rumor this Soviet leader's eyebrows added 5 lbs. to his Dec. 19, 1906 birth",
                        "solution": "What is (Leonid) Brezhnev"
                    },
                    {
                        "value": 800,
                        "clue": "He made his very first exploration into the cold world on July 16, 1872 in Borge, near Oslo, Norway",
                        "solution": "What is Amundsen"
                    },
                    {
                        "value": 1000,
                        "clue": "This painter was nude descending into the world on July 28, 1887 in Blainville, France",
                        "solution": "What is (Marcel) Duchamp"
                    }
                ]
            },
            {
                "category": "THE DARWIN AWARDS",
                "clues": [
                    {
                        "value": 200,
                        "clue": "A Louisiana man put $20 on a Circle-K counter, asked for change, then robbed the place for $15; he forgot about this",
                        "solution": "What is the $20 he had put in"
                    },
                    {
                        "value": 400,
                        "clue": "A teen involved in a previous fireworks mishap tried to light gunpowder with this 9-letter metalworking aid",
                        "solution": "What is a blowtorch"
                    },
                    {
                        "value": 600,
                        "clue": "A man from this \"Nutmeg State\" ended a chase by ducking into a high-security prison, thinking it was a mall",
                        "solution": "What is Connecticut"
                    },
                    {
                        "value": 800,
                        "clue": "Explosive habit! A W.V. man lit a cigarette in an outhouse but forgot about the presence of this, aka marsh gas",
                        "solution": "What is methane"
                    },
                    {
                        "value": 1000,
                        "clue": "In '02 a boy in this westernmost cont. European country refused his soup until Mom let him play with a gun; yes, she survived",
                        "solution": "What is Portugal"
                    }
                ]
            }
        ],
        "double": [
            {
                "category": "HEALTH & MEDICINE",
                "clues": [
                    {
                        "value": 400,
                        "clue": "A tear in this light-receptive layer at the back of the eye can cause it to detach from the underlying tissue",
                        "solution": "What is the retina"
                    },
                    {
                        "value": 800,
                        "clue": "A lack of iodine in the diet can cause a goiter, which is an enlargement of this gland that's just below the larynx",
                        "solution": "What is a thyroid"
                    },
                    {
                        "value": 1200,
                        "clue": "An angiogram may reveal one of these bulges in the wall of a blood vessel",
                        "solution": "What is an aneurysm"
                    },
                    {
                        "value": 1600,
                        "clue": "(Jimmy of the Clue Crew reports from the top secret Jeopardy! science lab.) It's the 11-letter adjective for this type of medical application; the first approved use was for motion sickness",
                        "solution": "What is transdermal"
                    },
                    {
                        "value": 2000,
                        "clue": "In a severe case, this lateral curvature of the spine can cause a 90-degree displacement of the pelvis",
                        "solution": "What is scoliosis"
                    }
                ]
            },
            {
                "category": "MOVIES BY CHARACTERS",
                "clues": [
                    {
                        "value": 400,
                        "clue": "1997: Agent J, Agent K, Chief Zed",
                        "solution": "What is Men in Black"
                    },
                    {
                        "value": 800,
                        "clue": "1978: Bluto, Otter, Flounder, D-Day",
                        "solution": "What is Animal House"
                    },
                    {
                        "value": 1200,
                        "clue": "2005: Paul Crewe, Warden Hazen, Cheeseburger",
                        "solution": "What is The Longest Yard"
                    },
                    {
                        "value": 1600,
                        "clue": "1974: The Waco Kid, Hedley Lamarr, Mongo",
                        "solution": "What is Blazing Saddles"
                    },
                    {
                        "value": 2000,
                        "clue": "1989: Ray & Annie Kinsella, Moonlight Graham",
                        "solution": "What is Field of Dreams"
                    }
                ]
            },
            {
                "category": "SHAKESPEARE'S WOMEN",
                "clues": [
                    {
                        "value": 400,
                        "clue": "In Act I her nurse & mother discuss her upcoming 14th birthday",
                        "solution": "What is Juliet"
                    },
                    {
                        "value": 800,
                        "clue": "She says of her husband, \"His unkindness may defeat my life, but never taint my love\" (She was right)",
                        "solution": "What is Desdemona"
                    },
                    {
                        "value": 1200,
                        "clue": "The Duke of Albany & the Duke of Cornwall are the husbands of these 2 sisters",
                        "solution": "What is Goneril & Regan"
                    },
                    {
                        "value": 1600,
                        "clue": "Hurry up & name this character who makes bawdy puns during a Latin lesson in \"The Merry Wives of Windsor\"",
                        "solution": "What is Mistress Quickly"
                    },
                    {
                        "value": 2000,
                        "clue": "She's the younger sister in \"The Taming of the Shrew\"",
                        "solution": "What is Bianca"
                    }
                ]
            },
            {
                "category": "THE NAKED TRUTH",
                "clues": [
                    {
                        "value": 400,
                        "clue": "This funny man & movie Santa Claus titled one of his books of musings \"Don't Stand Too Close to a Naked Man\"",
                        "solution": "What is Tim Allen"
                    },
                    {
                        "value": 1200,
                        "clue": "When Adam & Eve realized they were naked, they sewed these together to make aprons",
                        "solution": "What is fig leaves"
                    },
                    {
                        "value": 1600,
                        "clue": "Taken by this woman, the last portrait of John Lennon shows him nude on a bed with a fully clothed Yoko Ono",
                        "solution": "What is Annie Leibovitz"
                    },
                    {
                        "value": 2000,
                        "clue": "Many speculate that the model for Goya's \"The Naked Maja\" was the duchess of this",
                        "solution": "What is Alba"
                    }
                ]
            },
            {
                "category": "MOUNTAINS",
                "clues": [
                    {
                        "value": 400,
                        "clue": "This mountain has additional named peaks that exceed 24,000 feet, including Lhotse & Changtse",
                        "solution": "What is Mount Everest"
                    },
                    {
                        "value": 800,
                        "clue": "The name of Mexico's Popocatepetl means \"smoking mountain\" in the language of this people",
                        "solution": "What is the Aztecs"
                    },
                    {
                        "value": 1200,
                        "clue": "The name of this sacred mountain is said to be derived from the Ainu word for \"fire\"",
                        "solution": "What is Mount Fuji"
                    },
                    {
                        "value": 1600,
                        "clue": "Canada's 10 highest mountains lie totally or partly in this territory",
                        "solution": "What is the Yukon Territory"
                    },
                    {
                        "value": 2000,
                        "clue": "Although it stands almost on the equator, this second-highest African peak is capped by 12 glaciers",
                        "solution": "What is Mount Kenya"
                    }
                ]
            },
            {
                "category": "\"K\" RATIONS",
                "clues": [
                    {
                        "value": 400,
                        "clue": "In 1891 African-American jockey Isaac Murphy became the first man to win this horse race 3 times",
                        "solution": "What is the Kentucky Derby"
                    },
                    {
                        "value": 800,
                        "clue": "From a Chinese word meaning \"skill\", it's an ancient style of weaponless combat",
                        "solution": "What is kung fu"
                    },
                    {
                        "value": 1200,
                        "clue": "For more than 1,000 years, this city served as the seat of Japan's imperial court",
                        "solution": "What is Kyoto"
                    },
                    {
                        "value": 1600,
                        "clue": "This melancholic philosopher & author of \"Fear & Trembling\" was a frail hunchback born in Denmark in 1813",
                        "solution": "What is Kierkegaard"
                    },
                    {
                        "value": 2000,
                        "clue": "A famous book of medieval illuminated manuscripts bears the name of this town in Ireland's County Meath",
                        "solution": "What is Kells"
                    }
                ]
            }
        ],
        "final": {
            "category": "NOVELISTS",
            "clue": "His great-granddad wrote the best-seller \"White Rose of Memphis\", a city 40 miles north of the county in which he was raised",
            "solution": "What is William Faulkner"
        }
    }
}