{
    "game": {
        "single": [
            {
                "category": "WORDS CONTAINING SILENT LETTERS",
                "clues": [
                    {
                        "value": 200,
                        "clue": "A land mass surrounded on all sides by water",
                        "solution": "What is an island"
                    },
                    {
                        "value": 400,
                        "clue": "It follows \"Ash\" in the name of the first day of Lent",
                        "solution": "What is Wednesday"
                    },
                    {
                        "value": 600,
                        "clue": "From the Greek for \"soul\", it's someone who can foresee the future or read minds",
                        "solution": "What is a psychic"
                    },
                    {
                        "value": 800,
                        "clue": "February 2013 has 672 of these units",
                        "solution": "What is hours"
                    },
                    {
                        "value": 1000,
                        "clue": "A Bowie one is long & dangerous",
                        "solution": "What is a knife"
                    }
                ]
            },
            {
                "category": "MYTHOLOGY",
                "clues": [
                    {
                        "value": 200,
                        "clue": "This leader of the Argonauts was raised by the centaur Chiron",
                        "solution": "What is Jason"
                    },
                    {
                        "value": 400,
                        "clue": "His mother Thetis made the mistake of bathing him in the River Styx by holding him by the heel, thus making his heel vulnerable",
                        "solution": "What is Achilles"
                    },
                    {
                        "value": 600,
                        "clue": "The yoke of a chariot was lashed to a pole via this, named for the man who tied it so intricately",
                        "solution": "What is the Gordian knot"
                    },
                    {
                        "value": 800,
                        "clue": "This Greek messenger was also the conductor of souls to the underworld",
                        "solution": "What is Hermes"
                    },
                    {
                        "value": 1000,
                        "clue": "Asterius was the name of this hybrid creature kept in the labyrinth",
                        "solution": "What is a Minotaur"
                    }
                ]
            },
            {
                "category": "IT'S ELEMENTAL!",
                "clues": [
                    {
                        "value": 200,
                        "clue": "Good thing the body doesn't contain any of this second-lightest gas, otherwise you might float away",
                        "solution": "What is helium"
                    },
                    {
                        "value": 400,
                        "clue": "Oops—it looks like somebody spilled this element",
                        "solution": "What is mercury"
                    },
                    {
                        "value": 600,
                        "clue": "This metal that's as strong as steel but 45% lighter is mentioned in a song by Sia & David Guetta",
                        "solution": "What is titanium"
                    },
                    {
                        "value": 800,
                        "clue": "To cut down on salt in your diet, you need to cut down on this element",
                        "solution": "What is sodium"
                    },
                    {
                        "value": 1000,
                        "clue": "The hair of Otzi the iceman showed high levels of this poisonous element, no. 33, but that's not what killed him",
                        "solution": "What is arsenic"
                    }
                ]
            },
            {
                "category": "DISNEY MOVIES BY VILLAIN",
                "clues": [
                    {
                        "value": 200,
                        "clue": "1961 & 1996: Cruella De Vil",
                        "solution": "What is 101 Dalmatians"
                    },
                    {
                        "value": 400,
                        "clue": "1989: Ursula",
                        "solution": "What is The Little Mermaid"
                    },
                    {
                        "value": 600,
                        "clue": "1994: Scar",
                        "solution": "What is The Lion King"
                    },
                    {
                        "value": 800,
                        "clue": "1998: Shan-Yu",
                        "solution": "What is Mulan"
                    },
                    {
                        "value": 1000,
                        "clue": "1959: Maleficent",
                        "solution": "What is Sleeping Beauty"
                    }
                ]
            },
            {
                "category": "NOT TO BE CONFUSED",
                "clues": [
                    {
                        "value": 200,
                        "clue": "Chloroform is an old-time anesthetic; this is the pigment that makes plants green",
                        "solution": "What is chlorophyll"
                    },
                    {
                        "value": 400,
                        "clue": "Prosaic means dull; this is a picture made of small bits of inlaid glass or stone",
                        "solution": "What is a mosaic"
                    },
                    {
                        "value": 600,
                        "clue": "Helicoid describes something shaped like a spiral; a helicon is a coiled brass type of this",
                        "solution": "What is a musical instrument"
                    },
                    {
                        "value": 800,
                        "clue": "Fellini, left, directed movies; he, right, in more ways than one, directed Italy as dictator during World War II",
                        "solution": "What is Mussolini"
                    },
                    {
                        "value": 1000,
                        "clue": "Cobalt is a silver-white metal; this is a hard, dark volcanic rock, common in the earth's crust",
                        "solution": "What is basalt"
                    }
                ]
            },
            {
                "category": "HOMECOMING",
                "clues": [
                    {
                        "value": 200,
                        "clue": "He spent 5 years as a naturalist aboard the H.M.S. Beagle before returning home to England in 1836",
                        "solution": "What is Darwin"
                    },
                    {
                        "value": 400,
                        "clue": "In August 2012, 19 months after she was shot, former U.S. Rep. Gabrielle Giffords returned home to this state",
                        "solution": "What is Arizona"
                    },
                    {
                        "value": 600,
                        "clue": "Before he had to sell it, this author enjoyed coming home to his Chateau de Monte-Cristo outside of Paris",
                        "solution": "What is Alexandre Dumas"
                    },
                    {
                        "value": 800,
                        "clue": "In 1797 George Washington retired to this estate where he died 2 years later",
                        "solution": "What is Mount Vernon"
                    },
                    {
                        "value": 1000,
                        "clue": "The Lahaina historic district on this Hawaiian island was a favorite home of kings & chiefs",
                        "solution": "What is Maui"
                    }
                ]
            }
        ],
        "double": [
            {
                "category": "AMERICAN NOVELISTS",
                "clues": [
                    {
                        "value": 400,
                        "clue": "He wrote much of \"The Great Gatsby\" in France & then revised it while he wintered in Rome",
                        "solution": "What is (F. Scott) Fitzgerald"
                    },
                    {
                        "value": 800,
                        "clue": "She wrote a piece of Jane Austen fan fiction called \"The Beautiful Cassandra\", inspiring her pen name",
                        "solution": "What is Cassandra Clare"
                    },
                    {
                        "value": 1200,
                        "clue": "\"I never get scared\", says this author of the \"Fear Street\" books",
                        "solution": "What is R.L. Stine"
                    },
                    {
                        "value": 1600,
                        "clue": "Ernest Gaines made high school reading lists with this novel about a man awaiting execution",
                        "solution": "What is A Lesson Before Dying"
                    },
                    {
                        "value": 2000,
                        "clue": "This author called his 1966 masterpiece \"In Cold Blood\" a \"nonfiction novel\"",
                        "solution": "What is Truman Capote"
                    }
                ]
            },
            {
                "category": "TV SHOW SUM-UP",
                "clues": [
                    {
                        "value": 400,
                        "clue": "Animal Planet counters the Super Bowl with mega-cuteness; its MVP \"outhustled every other Fido on the field\"",
                        "solution": "What is The Puppy Bowl"
                    },
                    {
                        "value": 800,
                        "clue": "MTV yuks; on hidden camera, Taylor was fooled swiftly",
                        "solution": "What is Punk'd"
                    },
                    {
                        "value": 1200,
                        "clue": "Fairy tales can come true... it can happen to you...if you're Emma Swan",
                        "solution": "What is Once Upon A Time"
                    },
                    {
                        "value": 1600,
                        "clue": "Queen is not dead, he was just in a shipwreck; the CW says Bullseye; where'd \"The Green\" go?",
                        "solution": "What is Arrow"
                    },
                    {
                        "value": 2000,
                        "clue": "Joel McHale E!lucidates clip art",
                        "solution": "What is The Soup"
                    }
                ]
            },
            {
                "category": "\"Y\" IS THE ONLY VOWEL",
                "clues": [
                    {
                        "value": 400,
                        "clue": "Workout room",
                        "solution": "What is a gym"
                    },
                    {
                        "value": 800,
                        "clue": "Timid",
                        "solution": "What is shy"
                    },
                    {
                        "value": 1200,
                        "clue": "An ancient traditional story of a people",
                        "solution": "What is myth"
                    },
                    {
                        "value": 1600,
                        "clue": "A burial chamber below ground",
                        "solution": "What is a crypt"
                    },
                    {
                        "value": 2000,
                        "clue": "A secret appointment between lovers",
                        "solution": "What is a tryst"
                    }
                ]
            },
            {
                "category": "WORLD RIVERS",
                "clues": [
                    {
                        "value": 400,
                        "clue": "It drains an area of 2.7 million square miles in 7 South American countries",
                        "solution": "What is the Amazon"
                    },
                    {
                        "value": 800,
                        "clue": "2 of this U.K. country's major rivers are the Tay & the Clyde",
                        "solution": "What is Scotland"
                    },
                    {
                        "value": 1200,
                        "clue": "With just a bit in Kazakhstan, most of the 2,200-mile length of this river is found in Russia",
                        "solution": "What is the Volga"
                    },
                    {
                        "value": 1600,
                        "clue": "Called the cradle of Chinese civilization, the Huang He River has this colorful name in English",
                        "solution": "What is the Yellow River"
                    },
                    {
                        "value": 2000,
                        "clue": "This river that rises in the Black Forest flows through Germany & on into Austria",
                        "solution": "What is the Danube"
                    }
                ]
            },
            {
                "category": "THE 113th CONGRESS",
                "clues": [
                    {
                        "value": 400,
                        "clue": "The Senate breaks down as D-53, R-45, I-2, I for this",
                        "solution": "What is independent"
                    },
                    {
                        "value": 800,
                        "clue": "John Dingell, who won a 30th 2-year term, is \"America's\" this canine who keeps an eye on Govt. & private misdeeds",
                        "solution": "What is a watchdog"
                    },
                    {
                        "value": 1200,
                        "clue": "Texas now has its first senator of this ethnicity that makes up about 40% of the state's people",
                        "solution": "What is Hispanic"
                    },
                    {
                        "value": 1600,
                        "clue": "This consumer advocate is the first female senator from Massachusetts",
                        "solution": "What is (Elizabeth) Warren"
                    },
                    {
                        "value": 2000,
                        "clue": "Rep. Michele Bachmann says she formed this caucus to get Congress back to obeying the Constitution",
                        "solution": "What is the Tea Party"
                    }
                ]
            },
            {
                "category": "BAD LUCK?",
                "clues": [
                    {
                        "value": 400,
                        "clue": "A superstition says breaking one of these brings on 7 years of bad luck",
                        "solution": "What is a mirror"
                    },
                    {
                        "value": 800,
                        "clue": "Ducks, Canucks & other players of this pro sport know it's bad luck to leave your sticks crossed",
                        "solution": "What is hockey"
                    },
                    {
                        "value": 1200,
                        "clue": "Even if you're doing it \"while you work\", it's bad luck to do this backstage at a theater",
                        "solution": "What is whistling"
                    },
                    {
                        "value": 1600,
                        "clue": "The Olsen Twins have found fortune despite being born on June 13, 1986, this day of the week",
                        "solution": "What is Friday"
                    },
                    {
                        "value": 2000,
                        "clue": "Some have thought this October birthstone bad luck, perhaps because it looks like cats' creepy eyes",
                        "solution": "What is the opal"
                    }
                ]
            }
        ],
        "final": {
            "category": "THE PLANETS",
            "clue": "To the ancient Greeks & Romans, it was the slowest-moving planet seen from Earth",
            "solution": "What is Saturn"
        }
    }
}