{
    "game": {
        "single": [
            {
                "category": "GALAPAGOS: PLANTS & ANIMALS",
                "clues": [
                    {
                        "value": 200,
                        "clue": "(Alex presents from the Galapagos Islands.) A 2013 study on diving mammals, like these Galapagos sea lions, found that they contain a positively charged myoglobin; it's a protein that allows them to store this gas, which permits them to stay underwater longer as they hunt for their fish prey",
                        "solution": "What is oxygen"
                    },
                    {
                        "value": 400,
                        "clue": "(Alex presents from the Galapagos Islands.) With eyes that are adapted for its hunting time when small fish rise to the surface to feed on plankton, the swallowtail gull is the only gull that can be described by this 9-letter adjective",
                        "solution": "What is nocturnal"
                    },
                    {
                        "value": 600,
                        "clue": "(Alex presents from the Galapagos islands.) Over 60,000 acres of the Galapagos Islands have been set aside for beneficial crops, like this grass of the genus Saccharum; this primitive but very effective press is helping to extract the juices—go Jimmy, go Jimmy",
                        "solution": "What is sugar cane"
                    },
                    {
                        "value": 800,
                        "clue": "(Alex presents from the Galapagos Islands.) \"Darwin's finches writ large\" is how Carl Safina describes this soaring bird; the waved type here in the Galapagos is the only truly tropical type, & it has evolved distinct markings that help provide its name",
                        "solution": "What is the albatross"
                    },
                    {
                        "value": 1000,
                        "clue": "(Alex presents from the Galapagos Islands.) Portulaca, which is this type of plant named for its water-storing tissues, will turn a bright yellow in the rainy season, & the land iguanas that feast on this plant will eagerly approach visitors, if they happen to be wearing yellow",
                        "solution": "What is succulents"
                    }
                ]
            },
            {
                "category": "THE COMPANY CAR",
                "clues": [
                    {
                        "value": 200,
                        "clue": "Truck around in its Tacoma",
                        "solution": "What is Toyota"
                    },
                    {
                        "value": 400,
                        "clue": "There's only one consonant in this maker of the S7",
                        "solution": "What is Audi"
                    },
                    {
                        "value": 600,
                        "clue": "Sail on by in this brand's Armada",
                        "solution": "What is Nissan"
                    },
                    {
                        "value": 800,
                        "clue": "Need some insight on its Insight? OK—the car gets 44 MPG",
                        "solution": "What is Honda"
                    },
                    {
                        "value": 1000,
                        "clue": "Its Mirage from Japan is no mirage",
                        "solution": "What is a Mitsubishi"
                    }
                ]
            },
            {
                "category": "IT CAN'T GET MUCH WORSE",
                "clues": [
                    {
                        "value": 200,
                        "clue": "Vividly described in Samuel Pepys' diary, this 4-day catastrophe that destroyed most of the city began on Sept. 2, 1666",
                        "solution": "What is the Great Fire of London"
                    },
                    {
                        "value": 400,
                        "clue": "Messina was destroyed in a 1908 earthquake that devastated this Italian island",
                        "solution": "What is Sicily"
                    },
                    {
                        "value": 600,
                        "clue": "In 1887 a flood of this \"colorful\" river in China flattened 1,500 villages",
                        "solution": "What is the Yellow River"
                    },
                    {
                        "value": 800,
                        "clue": "British kids no longer worked this job after some as young as 7 were killed doing it in an 1838 Yorkshire disaster",
                        "solution": "What is coal mining"
                    },
                    {
                        "value": 1000,
                        "clue": "In 1989 this hurricane that followed Gabrielle caused $3 billion in damage to Charleston",
                        "solution": "What is Hugo"
                    }
                ]
            },
            {
                "category": "FASHION FROM HEAD TO TOE",
                "clues": [
                    {
                        "value": 200,
                        "clue": "urbandictionary.com has harsh words for the hairdo called a \"man\" this, \"used by hipsters\"",
                        "solution": "What is a bun"
                    },
                    {
                        "value": 400,
                        "clue": "It's the mammalian mustache sported here, flippers not included",
                        "solution": "What is a walrus"
                    },
                    {
                        "value": 600,
                        "clue": "A sweater with a collar a bit more assertive than a crewneck is called a mock this",
                        "solution": "What is a turtleneck"
                    },
                    {
                        "value": 800,
                        "clue": "Stockings in an open diamond-shaped pattern are called these, which honestly, does not sound sexy at all",
                        "solution": "What is fishnet"
                    },
                    {
                        "value": 1000,
                        "clue": "Sure, you can put dimes or quarters in the slot in the strap of these \"relaxing\" shoes, but they have this name for a reason",
                        "solution": "What is penny loafers"
                    }
                ]
            },
            {
                "category": "WORDS FROM THE COMICS",
                "clues": [
                    {
                        "value": 200,
                        "clue": "This substance that weakens or cripples Superman can now mean a substance that affects any particular person",
                        "solution": "What is kryptonite"
                    },
                    {
                        "value": 400,
                        "clue": "This character inspired a suit, a collar & shoe with his name",
                        "solution": "What is Buster Brown"
                    },
                    {
                        "value": 600,
                        "clue": "This 2-word name for a rich benefactor comes from a \"Little Orphan Annie\" character",
                        "solution": "What is Daddy Warbucks"
                    },
                    {
                        "value": 1000,
                        "clue": "Lockheed Martin adopted the name \"Skunk Works\" from a similar name for a backwoods still in this comic strip",
                        "solution": "What is Li'l Abner"
                    }
                ]
            },
            {
                "category": "IN THE \"FOR\" CAST",
                "clues": [
                    {
                        "value": 200,
                        "clue": "1994: Sally Field, Tom Hanks, Robin Wright",
                        "solution": "What is Forrest Gump"
                    },
                    {
                        "value": 400,
                        "clue": "1992: Clint Eastwood, Gene Hackman, Morgan Freeman",
                        "solution": "What is Unforgiven"
                    },
                    {
                        "value": 600,
                        "clue": "2008: Russell Brand, Mila Kunis, Jason Segel",
                        "solution": "What is Forgetting Sarah Marshall"
                    },
                    {
                        "value": 800,
                        "clue": "2006: Hugo Weaving, Natalie Portman, John Hurt",
                        "solution": "What is V for Vendetta"
                    },
                    {
                        "value": 1000,
                        "clue": "1971: Sean Connery, Charles Gray, Jill St. John",
                        "solution": "What is Diamonds Are Forever"
                    }
                ]
            }
        ],
        "double": [
            {
                "category": "poetry",
                "clues": [
                    {
                        "value": 400,
                        "clue": "archy, created by don marquis, writes in lower case; he's a cockroach & can't press a letter & this key at the same time",
                        "solution": "What is shift"
                    },
                    {
                        "value": 800,
                        "clue": "\"i carry your heart with me\" & \"i am so glad and very\" are efforts from this twentieth century poet famous for using lower case",
                        "solution": "What is ee cummings"
                    },
                    {
                        "value": 1200,
                        "clue": "of the first 65 lines of his \"howl\", only 2 start with a capital letter: \"I\" & the \"P\" in \"Peyote\"",
                        "solution": "What is (Allen) Ginsberg"
                    },
                    {
                        "value": 1600,
                        "clue": "adjective for the brand of poetry kits created by dave kapell when he moved words at random to try to beat writer's block",
                        "solution": "What is magnetic"
                    },
                    {
                        "value": 2000,
                        "clue": "she says her books like \"milk and honey\" have no capital letters because her mother tongue, punjabi, doesn't either",
                        "solution": "What is Rupi Kaur"
                    }
                ]
            },
            {
                "category": "RIVER WORDS",
                "clues": [
                    {
                        "value": 400,
                        "clue": "The land beside a river prone to flooding is called the \"flood\" type of this flat area",
                        "solution": "What is a plain"
                    },
                    {
                        "value": 800,
                        "clue": "A tributary is a river that flows into another river; this 2,540-mile one joins the Mississippi River near St. Louis",
                        "solution": "What is the Missouri"
                    }
                ]
            },
            {
                "category": "\"IN\", THE MIDDLE",
                "clues": [
                    {
                        "value": 400,
                        "clue": "Turndown service leaves one on your pillow",
                        "solution": "What is a mint"
                    },
                    {
                        "value": 800,
                        "clue": "Here's the clue: it's a synonym for \"clue\"",
                        "solution": "What is hint"
                    },
                    {
                        "value": 1200,
                        "clue": "To draw back suddenly in fear or horror",
                        "solution": "What is flinch or cringe"
                    },
                    {
                        "value": 1600,
                        "clue": "A climber, especially in a European mountain range",
                        "solution": "What is an alpinist"
                    },
                    {
                        "value": 2000,
                        "clue": "Adjective meaning derived from the language of ancient Rome, or sounding formal & stiff",
                        "solution": "What is Latinate"
                    }
                ]
            },
            {
                "category": "GOVERNMENT & POLITICS",
                "clues": [
                    {
                        "value": 400,
                        "clue": "In April 2018 Paul Ryan said he'd leave the House of Representatives & this top post there",
                        "solution": "What is Speaker"
                    },
                    {
                        "value": 800,
                        "clue": "Nominated to be the first woman to head this agency, Gina Haspel said she excelled at dead drops & back-alley meetings",
                        "solution": "What is the CIA"
                    },
                    {
                        "value": 1200,
                        "clue": "The govt. reached a milestone in 2018, awarding its 10 millionth of these protections; more than 100,000 have gone to IBM",
                        "solution": "What is patents"
                    },
                    {
                        "value": 1600,
                        "clue": "The front of a dollar bill says it's this kind of \"note\", representing the overseer of our banking system",
                        "solution": "What is Federal Reserve note"
                    },
                    {
                        "value": 2000,
                        "clue": "On Sept. 1, 1980, the New York Times said \"Republicans worry about\" one of these events that happen late in a campaign",
                        "solution": "What is a October surprise"
                    }
                ]
            },
            {
                "category": "PAINTED LADIES",
                "clues": [
                    {
                        "value": 400,
                        "clue": "His \"Arrangement in Grey and Black, No. 1\" is better known as his \"Mother\"",
                        "solution": "What is Whistler"
                    },
                    {
                        "value": 800,
                        "clue": "Around 1875 he painted \"Dancers Preparing for the Ballet\"",
                        "solution": "What is Degas"
                    }
                ]
            },
            {
                "category": "I'M A HUGE FAN!",
                "clues": [
                    {
                        "value": 400,
                        "clue": "If you like Phish or this Andrew Lloyd Webber musical, you are a \"Phan\"",
                        "solution": "What is Phantom of the Opera"
                    },
                    {
                        "value": 800,
                        "clue": "If you wanna rock & roll all nite & party every day, you might be part of this group's \"Army\"",
                        "solution": "What is KISS"
                    },
                    {
                        "value": 1200,
                        "clue": "Sons of the Desert, a fan society of this comedy duo, is named for the pair's 1933 film",
                        "solution": "What is Laurel and Hardy"
                    },
                    {
                        "value": 1600,
                        "clue": "Jimmy Buffett's fans are Parrot Heads; children of Parrot Heads & younger fans are known as these little birds",
                        "solution": "What is Parakeets"
                    },
                    {
                        "value": 2000,
                        "clue": "Die-hard fans of this 1975 movie are naturally \"Finaddicts\"",
                        "solution": "What is Jaws"
                    }
                ]
            }
        ],
        "final": {
            "category": "BRITISH ROYALTY",
            "clue": "In Sept. 2017 Prince Charles became the longest-serving Prince of Wales, passing the man who became this king",
            "solution": "What is Edward VII"
        }
    }
}