{
    "game": {
        "single": [
            {
                "category": "JUST GOOGLY IT",
                "clues": [
                    {
                        "value": 200,
                        "clue": "You could put googly eyes on each end of the name of this province here, & you're welcome for the logo idea, northern neighbors",
                        "solution": "What is Ontario"
                    },
                    {
                        "value": 400,
                        "clue": "Check out this planet checking you out; it was once known as Hermes, but times & beliefs changed",
                        "solution": "What is Mercury"
                    },
                    {
                        "value": 600,
                        "clue": "Here's the brilliant Marty Feldman who played Igor in this 1974 classic film comedy & we haven't done a thing to the picture",
                        "solution": "What is Young Frankenstein"
                    },
                    {
                        "value": 800,
                        "clue": "It's an equilateral parallelogram, & it's 7 letters; one thing it's not—a type of public transport",
                        "solution": "What is a rhombus"
                    },
                    {
                        "value": 1000,
                        "clue": "All eyes were on him when he gave his first presidential inaugural address in 1885",
                        "solution": "What is Grover Cleveland"
                    }
                ]
            },
            {
                "category": "THAT CAN BE A GREEK LETTER",
                "clues": [
                    {
                        "value": 200,
                        "clue": "These \"blockers\" are used to help prevent angina & heart attacks",
                        "solution": "What is beta"
                    },
                    {
                        "value": 400,
                        "clue": "The first passenger flight of this airline took off in 1929, going from Dallas to Jackson, Mississippi",
                        "solution": "What is Delta"
                    },
                    {
                        "value": 600,
                        "clue": "This name of China's president since 2013 is spelled the same way as the Greek letter",
                        "solution": "What is Xi"
                    },
                    {
                        "value": 800,
                        "clue": "Instead of the end, the beginning: this luxury watch brand traces its roots back to 1848 in the Swiss village La Chaux-de-Fonds",
                        "solution": "What is Omega"
                    },
                    {
                        "value": 1000,
                        "clue": "Eastern philosophy calls this a life force; some also spell it with a Q, but we're going with the Greek letter style",
                        "solution": "What is chi"
                    }
                ]
            },
            {
                "category": "THE OED DESCRIBES THE ANIMAL",
                "clues": [
                    {
                        "value": 200,
                        "clue": "\"A large hornless ruminant quadruped, distinguished by its humped back, long neck, and cushioned feet\"",
                        "solution": "What is a camel"
                    },
                    {
                        "value": 400,
                        "clue": "Of the carp family, \"native to China... commonly kept in ponds, cold-water tanks, or... glass globes\"",
                        "solution": "What is goldfish"
                    },
                    {
                        "value": 600,
                        "clue": "\"Mouse-like quadrupeds... having the fingers extended to support a thin membrane\"",
                        "solution": "What is a bat"
                    },
                    {
                        "value": 800,
                        "clue": "\"One of several large eared seals\" including \"the distinct species (Zalophus) californianus\"",
                        "solution": "What is sea lions"
                    },
                    {
                        "value": 1000,
                        "clue": "\"Popular name of various acalephs, medusas, or sea-nettles, from their gelatinous structure\"",
                        "solution": "What is jellyfish"
                    }
                ]
            },
            {
                "category": "RHYME THE TIME",
                "clues": [
                    {
                        "value": 200,
                        "clue": "To turn down that delicious glass of Burgundy",
                        "solution": "What is decline the wine"
                    },
                    {
                        "value": 400,
                        "clue": "To have joint custody of a grizzly",
                        "solution": "What is share the bear"
                    },
                    {
                        "value": 600,
                        "clue": "To surprise—nay, absolutely astound—a convent sister",
                        "solution": "What is stun the nun"
                    },
                    {
                        "value": 800,
                        "clue": "To give up to another your foremost position in a race",
                        "solution": "What is cede the lead"
                    },
                    {
                        "value": 1000,
                        "clue": "To abandon that scrumptious butterkuchen",
                        "solution": "What is forsake the cake"
                    }
                ]
            },
            {
                "category": "SOMETHING'S ROTTEN",
                "clues": [
                    {
                        "value": 200,
                        "clue": "The first film to get a score on this now 25-year-old website was \"Star Trek: Insurrection\" back in 1998",
                        "solution": "What is Rotten Tomatoes"
                    },
                    {
                        "value": 400,
                        "clue": "Valentine in \"Army of the Dead\" was rotten all over, as a zombie one of these that would make Joe Exotic squeal",
                        "solution": "What is a tiger"
                    },
                    {
                        "value": 600,
                        "clue": "In this film, Miracle Max warns, \"You rush a miracle man, you get rotten miracles\"",
                        "solution": "What is The Princess Bride"
                    },
                    {
                        "value": 800,
                        "clue": "Steve Martin & Michael Caine were these title conmen in a 1988 remake of a comedy starring David Niven & Marlon Brando",
                        "solution": "What is Dirty Rotten Scoundrels"
                    },
                    {
                        "value": 1000,
                        "clue": "After the Sex Pistols, Johnny Rotten, now John Lydon, fronted this band, PiL for short",
                        "solution": "What is Public Image Ltd"
                    }
                ]
            },
            {
                "category": "IN DENMARK",
                "clues": [
                    {
                        "value": 200,
                        "clue": "Denmark claims the longest-used one of these—the Dannebrog, which legend says fell to Earth in a 1219 battle",
                        "solution": "What is flag"
                    },
                    {
                        "value": 400,
                        "clue": "Danish beermaster J.C. Jacobsen named this brewery for his son",
                        "solution": "What is Carlsberg"
                    },
                    {
                        "value": 600,
                        "clue": "Den Gamle By, an open-air museum representing an early Danish town, is an attraction in Arhus on this peninsula",
                        "solution": "What is the Jutland"
                    },
                    {
                        "value": 800,
                        "clue": "Copenhagenize is an urban planning firm specializing in making cities friendly to these transports, the way Copenhagen is",
                        "solution": "What is bicycles"
                    },
                    {
                        "value": 1000,
                        "clue": "This trade organization declared war on Denmark in the 14th century",
                        "solution": "What is the Hanseatic League"
                    }
                ]
            }
        ],
        "double": [
            {
                "category": "STATE THE 19th CENTURY SENATOR",
                "clues": [
                    {
                        "value": 400,
                        "clue": "Sam Houston, until 1859",
                        "solution": "What is Texas"
                    },
                    {
                        "value": 800,
                        "clue": "Stephen A. Douglas, happy in 1858, sad in 1860, dead in 1861",
                        "solution": "What is Illinois"
                    },
                    {
                        "value": 1200,
                        "clue": "Henry Clay—don't compromise on your response!",
                        "solution": "What is Kentucky"
                    },
                    {
                        "value": 1600,
                        "clue": "John C. Calhoun & John E. Colhoun, but what's in a name, Y'all?",
                        "solution": "What is South Carolina"
                    },
                    {
                        "value": 2000,
                        "clue": "Charles Sumner, a free stater nearly beaten to death on the Senate floor by a southerner",
                        "solution": "What is Massachusetts"
                    }
                ]
            },
            {
                "category": "SOMEBODY WROTE THAT",
                "clues": [
                    {
                        "value": 400,
                        "clue": "\"Elinor saw, with concern, the excess of her sister's sensibility\" (we're practically giftwrapping this one!)",
                        "solution": "What is Austen"
                    },
                    {
                        "value": 800,
                        "clue": "\"'He shows himself; he's a hunchback. He walks; he's bandy-legged. He looks at you; he's one-eyed. You speak to him; he's deaf\"'",
                        "solution": "What is Hugo"
                    },
                    {
                        "value": 1200,
                        "clue": "\"The Radleys, welcome anywhere in town, kept to themselves, a predilection unforgivable in Maycomb\"",
                        "solution": "What is Lee"
                    },
                    {
                        "value": 1600,
                        "clue": "\"I am invisible, understand, simply because people refuse to see me\"",
                        "solution": "What is Ralph Ellison"
                    },
                    {
                        "value": 2000,
                        "clue": "\"The summer range lay above the tree line on Forest Service land on Brokeback Mountain\"",
                        "solution": "What is Annie Proulx"
                    }
                ]
            },
            {
                "category": "THIS AMERICAN LAKE",
                "clues": [
                    {
                        "value": 400,
                        "clue": "A 2023 report said that without emergency measures, this \"Great\" lake in Utah \"would likely disappear in the next five years\"",
                        "solution": "What is Great Salt Lake"
                    },
                    {
                        "value": 800,
                        "clue": "Lying entirely in the U.S., this Great Lake that made Milwaukee famous reaches a great depth of 923 feet",
                        "solution": "What is Michigan"
                    },
                    {
                        "value": 1200,
                        "clue": "The name of this freshwater lake shared by 2 western states is from a Washoe word for \"lake\"; hope you win big at Harrah's too",
                        "solution": "What is Tahoe"
                    },
                    {
                        "value": 1600,
                        "clue": "Most of the length of this French-named lake , separates New York & Vermont",
                        "solution": "What is Champlain"
                    },
                    {
                        "value": 2000,
                        "clue": "Let's fire up our RV & head for this lake, Wisconsin's largest inland one, & catch some northern pike & largemouth bass",
                        "solution": "What is Winnebago"
                    }
                ]
            },
            {
                "category": "KISS & TELL",
                "clues": [
                    {
                        "value": 400,
                        "clue": "Washington Irving gave one of the earliest written accounts of the yuletide tradition of kissing under this plant",
                        "solution": "What is mistletoe"
                    },
                    {
                        "value": 800,
                        "clue": "The musical \"Kiss Me, Kate\" was based on this Shakespeare play",
                        "solution": "What is The Taming of the Shrew"
                    },
                    {
                        "value": 1200,
                        "clue": "As the story goes, after performing for Maria Theresa at age 6 in 1762, this wunderkind jumped into the empress' lap & kissed her",
                        "solution": "What is Mozart"
                    },
                    {
                        "value": 1600,
                        "clue": "In Genesis 29, on first meeting his beloved Rachel, he kissed her \"and lifted up his voice, and wept\"",
                        "solution": "What is Jacob"
                    }
                ]
            },
            {
                "category": "WRITER-DIRECTORS",
                "clues": [
                    {
                        "value": 400,
                        "clue": "Born while her dad was making \"The Godfather\", she's won an Oscar for screenwriting & been named best director at Cannes",
                        "solution": "What is Sofia Coppola"
                    },
                    {
                        "value": 800,
                        "clue": "7 months after he died in 2009, Molly Ringwald & Anthony Michael Hall were part of a tribute to him at the Oscars",
                        "solution": "What is (John) Hughes"
                    },
                    {
                        "value": 1200,
                        "clue": "He & Joe Robert Cole wrote the scripts for \"Black Panther\" & its sequel, & he directed both films, too",
                        "solution": "What is Ryan Coogler"
                    },
                    {
                        "value": 1600,
                        "clue": "Born in Austria, he learned English while rooming with Peter Lorre, so it's lucky the people in \"Some Like It Hot\" don't talk like I am",
                        "solution": "What is Billy Wilder"
                    },
                    {
                        "value": 2000,
                        "clue": "Lorelei Linklater aged from 9 to 21 over the 12-year shoot of this film from her father, Richard",
                        "solution": "What is Boyhood"
                    }
                ]
            },
            {
                "category": "THE IDIOMS GO THATAWAY",
                "clues": [
                    {
                        "value": 400,
                        "clue": "This phrase describes a plane flying low to evade enemy detection, or anything that's not getting attention nowadays",
                        "solution": "What is under the radar"
                    },
                    {
                        "value": 800,
                        "clue": "Meaning somewhat liberal, this 3-word phrase describes how you've moved from the median",
                        "solution": "What is left of center"
                    },
                    {
                        "value": 1200,
                        "clue": "While tubing down a river, you do this, which can also be a rhyming idiom for accepting a situation",
                        "solution": "What is go with the flow"
                    },
                    {
                        "value": 1600,
                        "clue": "There's a member of genus Corvus in this phrase that means \"in a straight line\"",
                        "solution": "What is as the crow flies"
                    },
                    {
                        "value": 2000,
                        "clue": "Tennyson gave a poem about a ferry trip this title, now an idiom for dying",
                        "solution": "What is \"Crossing the Bar\""
                    }
                ]
            }
        ],
        "final": {
            "category": "COMPOUND WORD ORIGINS",
            "clue": "This compound word meant an astronomical object of exceptional brightness in 1910; it was soon applied to actors & athletes",
            "solution": "What is superstar"
        }
    }
}