{
    "game": {
        "single": [
            {
                "category": "O CHRISTMAS TREE",
                "clues": [
                    {
                        "value": 200,
                        "clue": "(Jimmy of the Clue Crew presents.) In 1948, President Truman signaled the lighting of the White House Christmas tree via remote control from his home in this state, 900 miles away",
                        "solution": "What is Missouri"
                    },
                    {
                        "value": 400,
                        "clue": "In 1972 the FDA said not a strand of this metal tree decoration containing lead should be sold; today it's plastic",
                        "solution": "What is tinsel"
                    },
                    {
                        "value": 600,
                        "clue": "(Sarah of the Clue Crew presents.) Often made with adhesive, cellulose & fire retardant, the artificial snow found on some trees is called this, also a term for what a bunch of birds do when coming together",
                        "solution": "What is flock"
                    },
                    {
                        "value": 800,
                        "clue": "The Christmas tree was popularized in the mid-19th century by this Prince, husband of Queen Victoria",
                        "solution": "What is Albert"
                    },
                    {
                        "value": 1000,
                        "clue": "A Calif. natl. park that bears this type of tree's name has the \"Nation's Christmas Tree\", an over 260' \"giant\" one",
                        "solution": "What is sequoia"
                    }
                ]
            },
            {
                "category": "THE CONFEDERACY",
                "clues": [
                    {
                        "value": 200,
                        "clue": "The president's term was this, 1 1/2 times that of the U.S. President; then he was to be termed out, but that didn't come up",
                        "solution": "What is 6 years"
                    },
                    {
                        "value": 400,
                        "clue": "The Confederacy tried to pressure England & France for support using the threat of withholding this \"white gold\"",
                        "solution": "What is cotton"
                    },
                    {
                        "value": 600,
                        "clue": "To supply the army with enough men, the Confederate congress passed this type of law ahead of the Union in 1862",
                        "solution": "What is draft law"
                    },
                    {
                        "value": 800,
                        "clue": "Originally, Union guerrillas were called jayhawkers & Southern ones were these \"vegetation strikers\"",
                        "solution": "What is bushwhackers"
                    },
                    {
                        "value": 1000,
                        "clue": "Tough job! In November 1862 James Seddon became the fourth man in this cabinet post in 19 months",
                        "solution": "What is Secretary of War"
                    }
                ]
            },
            {
                "category": "GETTIN' YOUR DRINK ON",
                "clues": [
                    {
                        "value": 200,
                        "clue": "A Highland Fling has sweet vermouth, orange bitters, a cherry & this appropriate spirit",
                        "solution": "What is Scotch"
                    },
                    {
                        "value": 400,
                        "clue": "This liquor can be made into a moonrise as well as a sunrise cocktail",
                        "solution": "What is tequila"
                    },
                    {
                        "value": 600,
                        "clue": "Brandy, creme de cacao & sweet cream make a Brandy him",
                        "solution": "What is Alexander"
                    },
                    {
                        "value": 800,
                        "clue": "Fill in the blanc: Twomey & Quivira are 2 California makers of the popular wine ____ blanc",
                        "solution": "What is Sauvignon"
                    },
                    {
                        "value": 1000,
                        "clue": "Please make my cosmopolitan with this numerical vodka from Schiedam, Holland",
                        "solution": "What is Ketel One"
                    }
                ]
            },
            {
                "category": "ELEMENTAL ETYMOLOGY",
                "clues": [
                    {
                        "value": 200,
                        "clue": "2 substances, borax & carbon, give us the name of this element used in nuclear control rods",
                        "solution": "What is boron"
                    },
                    {
                        "value": 400,
                        "clue": "This element's name, from the Norse god of thunder, was first erroneously applied to yttrium phosphate",
                        "solution": "What is thorium"
                    },
                    {
                        "value": 600,
                        "clue": "In 1898 this noble gas, symbol Kr, was discovered hidden in a liter of liquid air, so it was named for the Greek for \"hidden\"",
                        "solution": "What is krypton"
                    },
                    {
                        "value": 800,
                        "clue": "Per Teodor Cleve named holmium in 1879 for his native city, this European capital",
                        "solution": "What is Stockholm"
                    },
                    {
                        "value": 1000,
                        "clue": "In 1803 2 scientists named this new element for the first asteroid discovered, 2 years earlier",
                        "solution": "What is cerium"
                    }
                ]
            },
            {
                "category": "TV",
                "clues": [
                    {
                        "value": 200,
                        "clue": "Aspiring chefs on this Fox series endure the wrath of Gordon Ramsay for a chance to work at a top restaurant",
                        "solution": "What is Hell's Kitchen"
                    },
                    {
                        "value": 400,
                        "clue": "On the finale of this show, ironically, Klinger stayed in Korea, having married Soon-Lee",
                        "solution": "What is M*A*S*H"
                    },
                    {
                        "value": 600,
                        "clue": "Al Capone, Lucky Luciano & Arnold Rothstein have all been characters on this HBO series",
                        "solution": "What is Boardwalk Empire"
                    },
                    {
                        "value": 800,
                        "clue": "On Oct. 20, 1951 we got our first look at the new logo of this network, which was looking back at us",
                        "solution": "What is CBS"
                    },
                    {
                        "value": 1000,
                        "clue": "Mitch & Cam got engaged on the first episode of season 5 of this comedy",
                        "solution": "What is Modern Family"
                    }
                ]
            },
            {
                "category": "RHYME SPREE",
                "clues": [
                    {
                        "value": 400,
                        "clue": "The side of a structure providing shelter from the wind",
                        "solution": "What is lee"
                    },
                    {
                        "value": 600,
                        "clue": "An Algonquian-speaking people of Canada",
                        "solution": "What is Cree"
                    },
                    {
                        "value": 800,
                        "clue": "Exultant, high-spirited merriment",
                        "solution": "What is glee"
                    },
                    {
                        "value": 1000,
                        "clue": "The European bladdernut, for one",
                        "solution": "What is tree"
                    }
                ]
            }
        ],
        "double": [
            {
                "category": "DID YOU GET MY LETTER?",
                "clues": [
                    {
                        "value": 400,
                        "clue": "\"I respectfully remind you, sir, that we have been the most patient of all people\", this ballplayer wrote to Ike in 1958",
                        "solution": "What is Jackie Robinson"
                    },
                    {
                        "value": 800,
                        "clue": "From a 1429 letter dictated by her: \"With God's help I intend to clear out the other places which are against the king\"",
                        "solution": "What is Joan of Arc"
                    },
                    {
                        "value": 1200,
                        "clue": "\"Twenty thousand pounds sterling I think will be a cheap purchase\" for West Point, he wrote to Major Andre July 15, 1780",
                        "solution": "What is Benedict Arnold"
                    },
                    {
                        "value": 1600,
                        "clue": "In 1976 he wrote an open letter to members of the Homebrew Computer Club asking them not to steal his programs",
                        "solution": "What is Bill Gates"
                    },
                    {
                        "value": 2000,
                        "clue": "\"Sweetest Fanny...I love you ever and ever and without reserve\", this poet wrote in 1820",
                        "solution": "What is John Keats"
                    }
                ]
            },
            {
                "category": "AMERICAN INVENTORS",
                "clues": [
                    {
                        "value": 400,
                        "clue": "You have Albert Butz to thank for this little device that controls the temperature in your house",
                        "solution": "What is thermostat"
                    },
                    {
                        "value": 800,
                        "clue": "In 1871 he began giving instructions in \"visible speech\" at the Boston School for Deaf Mutes",
                        "solution": "What is Alexander Graham Bell"
                    },
                    {
                        "value": 1200,
                        "clue": "In 1875 dentist George Green patented the electric version of this device, improving on his pedal-powered one",
                        "solution": "What is drill"
                    }
                ]
            },
            {
                "category": "1939 BEST PICTURE OSCAR NOMINEES",
                "clues": [
                    {
                        "value": 400,
                        "clue": "Your winner? This period piece, which used a large wall left over from \"King Kong\" to help film the burning of Atlanta",
                        "solution": "What is Gone with the Wind"
                    },
                    {
                        "value": 800,
                        "clue": "Dorothy knows this title role was written for W.C. Fields, who is said to have turned it down over money",
                        "solution": "What is The Wizard of Oz"
                    },
                    {
                        "value": 1200,
                        "clue": "A-yup! This actor rode to stardom on \"Stagecoach\" as the Ringo Kid",
                        "solution": "What is John Wayne"
                    },
                    {
                        "value": 1600,
                        "clue": "Her \"Eyes\" have been noted in song, but it was the brain of this actress that gave her big problems",
                        "solution": "What is Bette Davis"
                    },
                    {
                        "value": 2000,
                        "clue": "Burgess Meredith was George & Lon Chaney Jr. was Lennie in this drama, produced by comedy legend Hal Roach",
                        "solution": "What is Of Mice and Men"
                    }
                ]
            },
            {
                "category": "NOVEL NARRATORS",
                "clues": [
                    {
                        "value": 400,
                        "clue": "We find out a surprise about the narrator at the end of her 1926 mystery \"The Murder of Roger Ackroyd\"",
                        "solution": "What is Agatha Christie"
                    },
                    {
                        "value": 800,
                        "clue": "In \"The Big Sleep\" he describes himself as being \"Neat, clean, shaved and sober\"",
                        "solution": "What is Philip Marlowe"
                    },
                    {
                        "value": 1200,
                        "clue": "This novel's Chief Bromden says he's telling the story about \"The hospital, and her, and the guys—and about McMurphy\"",
                        "solution": "What is One Flew Over the Cuckoo's Nest"
                    }
                ]
            },
            {
                "category": "EUROPEAN PORTS",
                "clues": [
                    {
                        "value": 400,
                        "clue": "In this British port, you can visit the childhood homes of John Lennon & Paul McCartney",
                        "solution": "What is Liverpool"
                    },
                    {
                        "value": 800,
                        "clue": "In 1818 the first steamship on the Mediterranean was launched from this southern Italian port",
                        "solution": "What is Naples"
                    },
                    {
                        "value": 1200,
                        "clue": "The completion of Nieuwe Waterweg, or \"New Waterway\", in 1872 opened this Dutch port to seagoing ships",
                        "solution": "What is Rotterdam"
                    },
                    {
                        "value": 1600,
                        "clue": "This Catalonian port was once a capital of the Visigoths",
                        "solution": "What is Barcelona"
                    },
                    {
                        "value": 2000,
                        "clue": "This Polish shipbuilding port's town hall once served as the office of the Hanseatic League",
                        "solution": "What is Gdansk"
                    }
                ]
            },
            {
                "category": "STARTS WITH 2 VOWELS",
                "clues": [
                    {
                        "value": 400,
                        "clue": "Jot down this letter, 9th in the Greek alphabet",
                        "solution": "What is iota"
                    },
                    {
                        "value": 800,
                        "clue": "They're the overhanging edges of a roof",
                        "solution": "What is eaves"
                    },
                    {
                        "value": 1200,
                        "clue": "A solemn promise or a cuss word",
                        "solution": "What is oath"
                    },
                    {
                        "value": 1600,
                        "clue": "A trapeze artist",
                        "solution": "What is aerialist"
                    },
                    {
                        "value": 2000,
                        "clue": "Soft feathers from the breast of a certain duck",
                        "solution": "What is eiderdown"
                    }
                ]
            }
        ],
        "final": {
            "category": "CLASSICAL MUSIC",
            "clue": "\"Royal March of the Lion\", \"The Aquarium\" & \"The Aviary\" are thematically related 1886 works from this man",
            "solution": "What is Camille Saint-Saens"
        }
    }
}