{
    "game": {
        "single": [
            {
                "category": "WORD ORIGINS",
                "clues": [
                    {
                        "value": 100,
                        "clue": "The adjective \"ruddy\" comes from the Old English \"rudig\", meaning this color",
                        "solution": "What is red"
                    },
                    {
                        "value": 200,
                        "clue": "It's a French word meaning \"Dutch,\" and in English it usually refers to a sauce",
                        "solution": "What is hollandaise"
                    },
                    {
                        "value": 300,
                        "clue": "From the Latin for shield, \"scutum,\" it's a shield bearing a coat of arms",
                        "solution": "What is escutcheon"
                    },
                    {
                        "value": 400,
                        "clue": "An Arabic word for \"poor\" gave us this term for a Muslim or Hindu beggar said to have mystical powers",
                        "solution": "What is fakir"
                    },
                    {
                        "value": 500,
                        "clue": "Named for a town in France, this sheer net fabric is used to make bridal veils & tutus",
                        "solution": "What is tulle"
                    }
                ]
            },
            {
                "category": "SINGERS",
                "clues": [
                    {
                        "value": 100,
                        "clue": "Country singer Lacy J. Dalton was vice president of the ACM, which is this",
                        "solution": "What is the Academy of Country Music"
                    },
                    {
                        "value": 200,
                        "clue": "Some stores refused to stock his \"Lovesexy\" album because he was nude on the cover",
                        "solution": "What is Prince"
                    },
                    {
                        "value": 300,
                        "clue": "He made his first tour of the U.S. as a solo performer in 1988, & Wham!, he was a smash",
                        "solution": "What is George Michael"
                    },
                    {
                        "value": 400,
                        "clue": "The 1968 song about \"Sittin' On The Dock Of The Bay\" was a posthumous No. 1 hit for him",
                        "solution": "What is Otis Redding"
                    },
                    {
                        "value": 500,
                        "clue": "Mrs. Andrew Lloyd Webber, she starred on Broadway in \"Phantom of the Opera\"",
                        "solution": "What is Sarah Brightman"
                    }
                ]
            },
            {
                "category": "PHYSICAL SCIENCE",
                "clues": [
                    {
                        "value": 100,
                        "clue": "An American, Theodore Maiman, built the first of these light-amplifying devices in 1960",
                        "solution": "What is a laser"
                    },
                    {
                        "value": 200,
                        "clue": "When burning, sulfur becomes this compound that's used to keep dried fruit from turning brown",
                        "solution": "What is sulfur dioxide"
                    },
                    {
                        "value": 300,
                        "clue": "It's defined as a form of an element with the same atomic number but different atomic weight",
                        "solution": "What is Isotope"
                    },
                    {
                        "value": 400,
                        "clue": "Named for an English scientist, it's a division of classical physics",
                        "solution": "What is Newtonian"
                    },
                    {
                        "value": 500,
                        "clue": "This era, the age of mammals, represents less than 1 percent of geologic time",
                        "solution": "What is the Cenozoic Era"
                    }
                ]
            },
            {
                "category": "AMERICAN LITERATURE",
                "clues": [
                    {
                        "value": 100,
                        "clue": "An ex-football player who enters the ministry is the subject of this Sinclair Lewis novel",
                        "solution": "What is Elmer Gantry"
                    },
                    {
                        "value": 200,
                        "clue": "James M. Cain's first novel; think letters & bells for a clue to its title",
                        "solution": "What is The Postman Always Rings Twice"
                    },
                    {
                        "value": 300,
                        "clue": "J.P. Marquand, who won a Pulitzer for \"The Late George Apley,\" created this Japanese spy/detective",
                        "solution": "What is Mr. Moto"
                    },
                    {
                        "value": 400,
                        "clue": "Among his many books for boys are the Ragged Dick & Tattered Tom series",
                        "solution": "What is Horatio Alger"
                    },
                    {
                        "value": 500,
                        "clue": "Richard Henry Dana's 1840 classic based on a voyage he took around Cape Horn",
                        "solution": "What is Two Years Before the Mast"
                    }
                ]
            },
            {
                "category": "BOTTOMS UP",
                "clues": [
                    {
                        "value": 100,
                        "clue": "Legend says bats lived in a shed at its rum distillery & one of them is still on its labels",
                        "solution": "What is Bacardi"
                    },
                    {
                        "value": 200,
                        "clue": "Almond-flavored liqueur whose name comes from the Italian for \"bitter,\" not the Italian for \"love\"",
                        "solution": "What is Amaretto"
                    },
                    {
                        "value": 300,
                        "clue": "The recipe for Tia Maria came from this island & \"has been closely guarded for generations\"",
                        "solution": "What is Jamaica"
                    },
                    {
                        "value": 400,
                        "clue": "This hazelnut liqueur was named for the mysterious monk who made it 300 years ago",
                        "solution": "What is Frangelico"
                    },
                    {
                        "value": 500,
                        "clue": "Called \"the world's oldest whiskey distillery\", it's in County Antrim, Ireland",
                        "solution": "What is Bushmills"
                    }
                ]
            },
            {
                "category": "IN THE NEWS",
                "clues": [
                    {
                        "value": 100,
                        "clue": "Business is no longer \"hopping\" in these clubs, now that the last one in the U.S., in Lansing, Michigan, has closed",
                        "solution": "What is Playboy Clubs"
                    },
                    {
                        "value": 200,
                        "clue": "Forbes magazine said this singer has overtaken Bill Cosby as the highest-paid entertainer in the world",
                        "solution": "What is Michael Jackson"
                    },
                    {
                        "value": 300,
                        "clue": "This U.N. Secretary General negotiated a cease-fire between Iraq & Iran",
                        "solution": "What is Javier Perez de Cuellar"
                    },
                    {
                        "value": 400,
                        "clue": "Canada's maple sugar industry is directly endangered by this pollution",
                        "solution": "What is acid rain"
                    },
                    {
                        "value": 500,
                        "clue": "A sharp decline in Cabbage Patch doll sales contributed to this toy company's filing Chapter 11",
                        "solution": "What is Coleco"
                    }
                ]
            }
        ],
        "double": [
            {
                "category": "WORLD HISTORY",
                "clues": [
                    {
                        "value": 200,
                        "clue": "According to legend, he was a swineherd before he conquered the Incas",
                        "solution": "What is Francisco Pizarro"
                    },
                    {
                        "value": 400,
                        "clue": "As a result of the Napoleonic Wars, this country lost Norway to Sweden in 1814",
                        "solution": "What is Denmark"
                    },
                    {
                        "value": 600,
                        "clue": "\"Great\" King of Prussia whose last words were \"I am tired of ruling over slaves\"",
                        "solution": "What is Frederick the Great (Frederick II)"
                    },
                    {
                        "value": 800,
                        "clue": "He had a wife named Cleopatra, a daughter named Cleopatra, & a famous son, Alexander the Great",
                        "solution": "What is Philip of Macedon (Philip II)"
                    },
                    {
                        "value": 1000,
                        "clue": "The Cuban missile crisis made this the tensest month of 1962",
                        "solution": "What is October"
                    }
                ]
            },
            {
                "category": "THEATER",
                "clues": [
                    {
                        "value": 200,
                        "clue": "In the female version of this Neil Simon play, the title characters are named Olive & Florence",
                        "solution": "What is \"The Odd Couple\""
                    },
                    {
                        "value": 400,
                        "clue": "\"The Fantasticks\" opens with El Gallo singing this song",
                        "solution": "What is \"Try To Remember\""
                    },
                    {
                        "value": 600,
                        "clue": "In this play, Audrey II is described as \"a cross between a Venus fly trap and an avocado\"",
                        "solution": "What is Little Shop of Horrors"
                    },
                    {
                        "value": 800,
                        "clue": "She adapted the stage version of \"The Member of the Wedding\" from her own novel",
                        "solution": "What is Carson McCullers"
                    },
                    {
                        "value": 1000,
                        "clue": "His 1956 play \"Look Back in Anger\" was called \"A landmark in the history of the theatre\"",
                        "solution": "What is John Osborne"
                    }
                ]
            },
            {
                "category": "LAKES & RIVERS",
                "clues": [
                    {
                        "value": 200,
                        "clue": "The longest river in Europe, it's noted for its boatmen",
                        "solution": "What is Volga"
                    },
                    {
                        "value": 400,
                        "clue": "River that runs from Pittsburgh to Cairo—Illinois that is",
                        "solution": "What is Ohio River"
                    },
                    {
                        "value": 600,
                        "clue": "The German-speaking Swiss call it the Genfersee",
                        "solution": "What is Lake Geneva"
                    },
                    {
                        "value": 800,
                        "clue": "Shreveport, Louisiana, and Hanoi, Vietnam, are both on rivers that have this colorful name",
                        "solution": "What is Red River"
                    },
                    {
                        "value": 1000,
                        "clue": "Over 300 rivers flow into this largest freshwater lake in Asia, & only one flows out, the Angara",
                        "solution": "What is Lake Baikal"
                    }
                ]
            },
            {
                "category": "PRESIDENTIAL HOMES",
                "clues": [
                    {
                        "value": 200,
                        "clue": "Rancho del Cielo",
                        "solution": "What is Ronald Reagan"
                    },
                    {
                        "value": 400,
                        "clue": "La Casa Pacifica",
                        "solution": "What is Richard Nixon"
                    },
                    {
                        "value": 600,
                        "clue": "The Hermitage",
                        "solution": "What is Andrew Jackson"
                    },
                    {
                        "value": 800,
                        "clue": "The Elms",
                        "solution": "What is Lyndon B. Johnson"
                    },
                    {
                        "value": 1000,
                        "clue": "Hickory Hill, which he later sold to his brother",
                        "solution": "What is John F. Kennedy"
                    }
                ]
            },
            {
                "category": "MUSICAL EUROPE",
                "clues": [
                    {
                        "value": 200,
                        "clue": "Some evidence indicates Beethoven moved 79 times during his 35-year stay in this central European capital",
                        "solution": "What is Vienna"
                    },
                    {
                        "value": 400,
                        "clue": "\"Troldhaugen\" is the name of the house this Norwegian built a few miles outside Bergen",
                        "solution": "What is Edvard Grieg"
                    },
                    {
                        "value": 600,
                        "clue": "On a 1969 album cover, the Beatles are shown crossing this road outside the recording studio",
                        "solution": "What is Abbey Road"
                    },
                    {
                        "value": 800,
                        "clue": "For 10 years, his widow, Constanze, lived in Copenhagen with her second husband, Georg Nissen",
                        "solution": "What is W.A. Mozart"
                    },
                    {
                        "value": 1000,
                        "clue": "You'd have to go to this country to visit museums honoring composer Bedrich Smetana",
                        "solution": "What is Czechoslovakia"
                    }
                ]
            },
            {
                "category": "\"AND\" SO IT GOES",
                "clues": [
                    {
                        "value": 200,
                        "clue": "In the Pledge of Allegiance, these four words follow \"with liberty\"",
                        "solution": "What is \"and justice for all\""
                    },
                    {
                        "value": 600,
                        "clue": "Title of 1956 French film & its 1988 American remake, both directed by Roger Vadim",
                        "solution": "What is And God Created Woman"
                    },
                    {
                        "value": 800,
                        "clue": "Monty Python's Flying Circus borrowed this catch phrase from BBC announcers",
                        "solution": "What is \"And now for something completely different\""
                    },
                    {
                        "value": 1000,
                        "clue": "Pepys often ended his diary entries with these four words referring to the end of the day's affairs",
                        "solution": "What is \"And so to bed\""
                    }
                ]
            }
        ],
        "final": {
            "category": "GEOGRAPHY",
            "clue": "Now independent, this island has been ruled by Phoenicians, Romans, Arabs, Normans, French & British",
            "solution": "What is Malta"
        }
    }
}