{
    "game": {
        "single": [
            {
                "category": "THE GOOD OLD U.S. OF A.",
                "clues": [
                    {
                        "value": 200,
                        "clue": "Tombstone in this state was settled in 1879 & was a mining center right up until 1890",
                        "solution": "What is Arizona"
                    },
                    {
                        "value": 400,
                        "clue": "A biography of the young Elvis is titled \"Last Train to\" this Tennessee city",
                        "solution": "What is Memphis"
                    },
                    {
                        "value": 600,
                        "clue": "It's not the zip code for Anytown, USA, but the sequential one for Schenectady, N.Y.",
                        "solution": "What is 12345"
                    },
                    {
                        "value": 1000,
                        "clue": "What's said to be the USA's oldest Mardi Gras is held in this Alabama seaport city",
                        "solution": "What is Mobile"
                    }
                ]
            },
            {
                "category": "THE GRAMMYS",
                "clues": [
                    {
                        "value": 200,
                        "clue": "Her winning for \"Judy at Carnegie Hall\" in 1961 broke Ella's 3-year streak",
                        "solution": "What is Judy Garland"
                    },
                    {
                        "value": 400,
                        "clue": "In 2001 this singer won for her \"Both Sides Now\" album; we loved her in the '60s",
                        "solution": "What is Joni Mitchell"
                    },
                    {
                        "value": 600,
                        "clue": "This man won in 1959 for \"Come Dance with Me\" & in 1995 for \"Duets II\"",
                        "solution": "What is Frank Sinatra"
                    },
                    {
                        "value": 800,
                        "clue": "Grammy's Best New Artist of 1962, he only had one Top 40 hit, but released more than 30 albums",
                        "solution": "What is Robert Goulet"
                    },
                    {
                        "value": 1000,
                        "clue": "This group really won for its \"Virtual Insanity\"",
                        "solution": "What is Jamiroquai"
                    }
                ]
            },
            {
                "category": "COUNTRY COOKING",
                "clues": [
                    {
                        "value": 200,
                        "clue": "Enchiladas",
                        "solution": "What is Mexico"
                    },
                    {
                        "value": 400,
                        "clue": "Bangers & mash",
                        "solution": "What is England"
                    },
                    {
                        "value": 600,
                        "clue": "Tandoori chicken",
                        "solution": "What is India"
                    },
                    {
                        "value": 800,
                        "clue": "Moussaka",
                        "solution": "What is Greece"
                    },
                    {
                        "value": 1000,
                        "clue": "Pad see-ew",
                        "solution": "What is Thailand"
                    }
                ]
            },
            {
                "category": "AT HOME WITH THE EISENHOWERS",
                "clues": [
                    {
                        "value": 400,
                        "clue": "In Nov. & Dec. of 1955, the president spent 5 weeks at home in Gettysburg recuperating from this",
                        "solution": "What is heart attack"
                    },
                    {
                        "value": 600,
                        "clue": "(Cheryl of the Clue Crew reports from Eisenhower's porch.) President Eisenhower felt most at home on his porch, where he visited with this Soviet leader in 1959",
                        "solution": "What is Khrushchev"
                    },
                    {
                        "value": 800,
                        "clue": "The Eisenhowers liked to spend Saturday evenings in front of the TV set enjoying this bandleader's champagne music",
                        "solution": "What is Lawrence Welk"
                    },
                    {
                        "value": 1000,
                        "clue": "(Cheryl of the Clue Crew reports from Eisenhower's living room.) Notice the Persian rug here in the Eisenhowers' living room; it was a gift from this ruler",
                        "solution": "What is the Shah (of Iran)"
                    }
                ]
            },
            {
                "category": "THE GOOD BOOK",
                "clues": [
                    {
                        "value": 200,
                        "clue": "Until their eyes were opened, this Biblical duo didn't know they were naked & didn't care a fig about it",
                        "solution": "What is Adam & Eve"
                    },
                    {
                        "value": 400,
                        "clue": "Matthew 10:2 tells us that Jesus recruited this many apostles",
                        "solution": "What is 12"
                    },
                    {
                        "value": 600,
                        "clue": "Get outta town with this second book of the Bible",
                        "solution": "What is Exodus"
                    },
                    {
                        "value": 800,
                        "clue": "As Roman procurator of Judea, he reluctantly condemned Jesus Christ to death",
                        "solution": "What is Pontius Pilate"
                    },
                    {
                        "value": 1000,
                        "clue": "The third book of the Old Testament & the third book of the New Testament, they begin with the same letter",
                        "solution": "What is Leviticus & Luke"
                    }
                ]
            },
            {
                "category": "IT'S \"OK\"",
                "clues": [
                    {
                        "value": 200,
                        "clue": "It begins \"You put your right foot in, you put your right foot out\"",
                        "solution": "What is \"The Hokey Pokey\""
                    },
                    {
                        "value": 400,
                        "clue": "It joins 2 oxen together",
                        "solution": "What is yoke"
                    },
                    {
                        "value": 600,
                        "clue": "You can sing like a star at one of these bars where you accompany pre-recorded tapes",
                        "solution": "What is karaoke"
                    },
                    {
                        "value": 800,
                        "clue": "According to Guinness, you'll find the world's highest sea cliffs on this \"friendly island\" of Hawaii",
                        "solution": "What is Molokai"
                    },
                    {
                        "value": 1000,
                        "clue": "Gertrude Stein's constant companion",
                        "solution": "What is Alice (B.) Toklas"
                    }
                ]
            }
        ],
        "double": [
            {
                "category": "THE NOT SO GOOD OLD U.S.S. OF R.",
                "clues": [
                    {
                        "value": 400,
                        "clue": "This leader liquidated some of his best military men, leaving the USSR ill-prepared for the Nazi invasion",
                        "solution": "What is Stalin"
                    },
                    {
                        "value": 800,
                        "clue": "The Solovets Islands were part of this \"archipelago\" of labor camps",
                        "solution": "What is gulags"
                    },
                    {
                        "value": 1200,
                        "clue": "Working in secrecy, Sergei Korolyev headed this program that included Voskhod",
                        "solution": "What is Soviet space program"
                    },
                    {
                        "value": 1600,
                        "clue": "A 1930s forced famine killed millions of peasants, the greatest number in this Soviet republic",
                        "solution": "What is Ukraine"
                    },
                    {
                        "value": 2000,
                        "clue": "A big yellow building in central Moscow is this notorious Soviet prison",
                        "solution": "What is Lubyanka"
                    }
                ]
            },
            {
                "category": "THAT '70s MOVIE",
                "clues": [
                    {
                        "value": 400,
                        "clue": "He made his big screen debut in 1974's \"Sizzle Beach U.S.A.\", 21 years before \"Waterworld\"",
                        "solution": "What is Kevin Costner"
                    },
                    {
                        "value": 800,
                        "clue": "Gene Wilder made his directorial debut with a 1975 film about this man's \"Smarter Brother\"",
                        "solution": "What is Sherlock Holmes"
                    },
                    {
                        "value": 1200,
                        "clue": "In 1976 this film became the first to win all 5 top Oscars since \"It Happened One Night\" in 1934",
                        "solution": "What is One Flew Over the Cuckoo's Nest"
                    },
                    {
                        "value": 1600,
                        "clue": "In this \"Force\"ful 1973 sequel Clint Eastwood came back for more action as Dirty Harry Callahan",
                        "solution": "What is Magnum Force"
                    },
                    {
                        "value": 2000,
                        "clue": "Jack Lemmon & Sandy Dennis starred in this 1970 film remade in 1999 with Steve Martin & Goldie Hawn",
                        "solution": "What is The Out-of-Towners"
                    }
                ]
            },
            {
                "category": "20th CENTURY CHEMISTRY",
                "clues": [
                    {
                        "value": 1200,
                        "clue": "The molecule Olympiadane, synthesized in 1994 is so named because it has this many interlocked rings",
                        "solution": "What is 5"
                    },
                    {
                        "value": 1600,
                        "clue": "In the 1940s Dorothy Hodgkin worked out the structure of this early antibiotic",
                        "solution": "What is penicillin"
                    },
                    {
                        "value": 2000,
                        "clue": "Alexander Todd, \"Lord Todd Almighty\", synthesized this antioxidant vitamin also called tocopherol",
                        "solution": "What is vitamin E"
                    }
                ]
            },
            {
                "category": "THE LAW",
                "clues": [
                    {
                        "value": 800,
                        "clue": "(Judge Hatchett seated at the bench.) In court when an attorney raises one of these, I may sustain it or overrule it",
                        "solution": "What is objection"
                    },
                    {
                        "value": 1200,
                        "clue": "Upon graduating from law school, a student receives a J.D. degree, which stands for this",
                        "solution": "What is juris doctor"
                    },
                    {
                        "value": 1600,
                        "clue": "U.C. Berkeley has a legal institute named for this former governor & Chief Justice of the U.S.",
                        "solution": "What is Earl Warren"
                    },
                    {
                        "value": 2000,
                        "clue": "In 621 B.C. this Greek introduced Athens' first written code of law; most crimes were punishable by death",
                        "solution": "What is Draco"
                    }
                ]
            },
            {
                "category": "SCIENCE FICTION",
                "clues": [
                    {
                        "value": 400,
                        "clue": "The first of hundreds of \"Star Trek\" novels was James Blish's this first officer \"Must Die!\"",
                        "solution": "What is Spock"
                    },
                    {
                        "value": 800,
                        "clue": "This founder of Scientology wrote the novel \"Battlefield Earth\"",
                        "solution": "What is L. Ron Hubbard"
                    },
                    {
                        "value": 1200,
                        "clue": "A classic 1967 Harlan Ellison story is titled \"I Have No Mouth and I Must\" do this",
                        "solution": "What is Scream"
                    },
                    {
                        "value": 1600,
                        "clue": "Fiction was a feature of this slick science magazine that debuted in 1978",
                        "solution": "What is Omni"
                    },
                    {
                        "value": 2000,
                        "clue": "Books for kids by sci-fi masters include Asimov's \"The Heavenly Host\" & this author's 1955 \"Tunnel in the Sky\"",
                        "solution": "What is Robert Heinlein"
                    }
                ]
            },
            {
                "category": "\"WIN\" WIN SITUATION",
                "clues": [
                    {
                        "value": 400,
                        "clue": "Flavor of Life Saver that may set off sparks in your mouth",
                        "solution": "What is wint o green"
                    },
                    {
                        "value": 800,
                        "clue": "Native Americans who lived in the Green Bay area (Their name is now on mobile homes)",
                        "solution": "What is Winnebago"
                    },
                    {
                        "value": 1200,
                        "clue": "Buzz Aldrin's real first name",
                        "solution": "What is Edwin"
                    },
                    {
                        "value": 1600,
                        "clue": "Charming, in a childlike way",
                        "solution": "What is winsome"
                    },
                    {
                        "value": 2000,
                        "clue": "Separating the wheat from the chaff by air",
                        "solution": "What is winnowing"
                    }
                ]
            }
        ],
        "final": {
            "category": "ATHLETES",
            "clue": "He was an Olympian, played pro baseball for the Reds & was a charter member of pro football's Hall of Fame",
            "solution": "What is (Jim) Thorpe"
        }
    }
}