{
    "game": {
        "single": [
            {
                "category": "WHO'S DRIVING THIS THING?!",
                "clues": [
                    {
                        "value": 400,
                        "clue": "May 23, 1934: A V8 Ford near Gibsland, Louisiana; he didn't know heavily armed police were waiting",
                        "solution": "What is Clyde Barrow"
                    },
                    {
                        "value": 600,
                        "clue": "November 2, 1947: The Spruce Goose, for about a mile, at 70 feet, for one minute",
                        "solution": "What is Howard Hughes"
                    },
                    {
                        "value": 800,
                        "clue": "April 30, 1900: The Cannonball Express—this train engineer watched his speed valiantly",
                        "solution": "What is Casey Jones"
                    },
                    {
                        "value": 1000,
                        "clue": "January 15, 2009: This U.S. Airways pilot skillfully making an unscheduled stop",
                        "solution": "What is (Sully) Sullenberger"
                    }
                ]
            },
            {
                "category": "WORDS BORROWED FROM INDIA",
                "clues": [
                    {
                        "value": 200,
                        "clue": "This word for clothes now usually worn to bed translates as \"leg garments\"",
                        "solution": "What is pajamas"
                    },
                    {
                        "value": 400,
                        "clue": "This word is used for a Pacific hurricane",
                        "solution": "What is a typhoon"
                    },
                    {
                        "value": 600,
                        "clue": "This liquid made by Suave & Neutrogena originally referred to a type of massage",
                        "solution": "What is shampoo"
                    },
                    {
                        "value": 800,
                        "clue": "This word for a state of spiritual bliss might make you think of grunge music",
                        "solution": "What is Nirvana"
                    },
                    {
                        "value": 1000,
                        "clue": "Today meaning a social outcast, it comes from Tamil for a member of a low caste",
                        "solution": "What is pariah"
                    }
                ]
            },
            {
                "category": "LAND \"HO\"!",
                "clues": [
                    {
                        "value": 200,
                        "clue": "This state is about 48 miles long & 37 miles wide",
                        "solution": "What is Rhode Island"
                    },
                    {
                        "value": 400,
                        "clue": "Named for a freedom fighter, it's a Southeast Asian metro area of 6.4 million people",
                        "solution": "What is Ho Chi Minh City"
                    },
                    {
                        "value": 600,
                        "clue": "2 central European countries took its place in 1993",
                        "solution": "What is Czechoslovakia"
                    },
                    {
                        "value": 1000,
                        "clue": "It's the northernmost of the 4 main islands of Japan",
                        "solution": "What is Hokkaido"
                    }
                ]
            },
            {
                "category": "INTERNATIONAL CRIME DICTIONARY",
                "clues": [
                    {
                        "value": 200,
                        "clue": "Esposas, Spanish for \"wives\", is also Spanish for these restraints",
                        "solution": "What is handcuffs"
                    },
                    {
                        "value": 400,
                        "clue": "In German a Luftpiraterie is one of these crimes",
                        "solution": "What is an aircraft hijacking"
                    },
                    {
                        "value": 600,
                        "clue": "In Britain this 4-letter first name can mean to arrest, to steal, or prison",
                        "solution": "What is nick"
                    },
                    {
                        "value": 800,
                        "clue": "The equivalent of the madam of a brothel in Japan, an obasan is literally this relative",
                        "solution": "What is an aunt"
                    },
                    {
                        "value": 1000,
                        "clue": "Italian for \"our thing\", it's a criminal syndicate",
                        "solution": "What is cosa nostra"
                    }
                ]
            },
            {
                "category": "BAR SOAP",
                "clues": [
                    {
                        "value": 400,
                        "clue": "Until the 1990s this bar soap was marketed with just one scent, Ulster Fragrance",
                        "solution": "What is Irish Spring"
                    },
                    {
                        "value": 600,
                        "clue": "In 1891 \"It floats\" became this soap's advertising slogan",
                        "solution": "What is Ivory soap"
                    },
                    {
                        "value": 800,
                        "clue": "The first logo of this soap was a representation of a clock face",
                        "solution": "What is Dial"
                    }
                ]
            },
            {
                "category": "LAUGHABLE TELEVISION",
                "clues": [
                    {
                        "value": 200,
                        "clue": "From this Garden State reality show: \"I know I'm not the smartest crayon in the box, but this isn't rocket scientist\"",
                        "solution": "What is Jersey Shore"
                    },
                    {
                        "value": 400,
                        "clue": "\"Why should you go to jail for a crime someone else... noticed?\" asked attorney Bob Loblaw on this Bluth-tastic show",
                        "solution": "What is Arrested Development"
                    },
                    {
                        "value": 600,
                        "clue": "Talking tattoo art with Letterman, this Canadian teen idol said, \"I'm not going for the 16th chapel look\"",
                        "solution": "What is Justin Bieber"
                    },
                    {
                        "value": 800,
                        "clue": "This Bill Hader guy: \"N.Y.'s hottest club is Push!... (It) has... ghosts... banjos... a stuck-up kitten who won't sign autographs...\"",
                        "solution": "What is Stefon"
                    },
                    {
                        "value": 1000,
                        "clue": "Players in this duo's \"East/West Collegiate Bowl\" included Bismo Funyuns, D'Pez Poopsie & Quackadilly Blip",
                        "solution": "What is Key & Peele"
                    }
                ]
            }
        ],
        "double": [
            {
                "category": "TRUE CRIMEA",
                "clues": [
                    {
                        "value": 400,
                        "clue": "In 1954 Crimea was transferred to this then-SSR; in 2014, it was untransferred",
                        "solution": "What is Ukraine"
                    },
                    {
                        "value": 800,
                        "clue": "2,600 years ago this civilization founded the Crimean city of Chersonesus",
                        "solution": "What is Greece"
                    },
                    {
                        "value": 1200,
                        "clue": "It was British Secretary of War Sidney Herbert who sent this woman to the Crimea",
                        "solution": "What is Florence Nightingale"
                    },
                    {
                        "value": 1600,
                        "clue": "In 1502 the last surviving remnant of this \"lustrous\" band of the Mongol Empire was destroyed by the Crimean Khanate",
                        "solution": "What is the Golden Horde"
                    },
                    {
                        "value": 2000,
                        "clue": "Crimea rivers include the Chernaya, at whose mouth is this most important Black Sea naval center",
                        "solution": "What is Sevastopol"
                    }
                ]
            },
            {
                "category": "DOCUMENTS",
                "clues": [
                    {
                        "value": 400,
                        "clue": "I'm trying to get an initiative on the next ballot—excuse me, can you sign this for me?",
                        "solution": "What is a petition"
                    },
                    {
                        "value": 800,
                        "clue": "The California DMV says drivers must carry proof of financial responsibility, \"commonly known as\" this",
                        "solution": "What is car insurance"
                    },
                    {
                        "value": 1200,
                        "clue": "In 2012 Cuba announced it was dropping the requirement for this type of visa for its citizens",
                        "solution": "What is exit visas"
                    },
                    {
                        "value": 1600,
                        "clue": "2-word term for a document specifying medical measures to be taken or not taken if one is comatose",
                        "solution": "What is a living will"
                    },
                    {
                        "value": 2000,
                        "clue": "This 2-word term for freedom of action is used of a 1914 message from Germany to Austria about attacking Serbia",
                        "solution": "What is blank check (or carte blanche)"
                    }
                ]
            },
            {
                "category": "WHEN VILLAINS SING",
                "clues": [
                    {
                        "value": 400,
                        "clue": "In \"Little Shop of Horrors\", Steve Martin croons about his skills in this field",
                        "solution": "What is dentistry"
                    },
                    {
                        "value": 800,
                        "clue": "Mother Gothel fittingly sings \"Mother Knows Best\" in this 2010 film, rationalizing why she's locked Rapunzel away",
                        "solution": "What is Tangled"
                    },
                    {
                        "value": 1200,
                        "clue": "Bob Fosse was a \"Snake in the Grass\" to this diminutive title royal in a 1974 movie",
                        "solution": "What is The Little Prince"
                    },
                    {
                        "value": 1600,
                        "clue": "This \"Beauty and the Beast\" guy is so proud of his physique, he notes that he's \"roughly the size of a barge\"",
                        "solution": "What is Gaston"
                    },
                    {
                        "value": 2000,
                        "clue": "On his \"Sing-Along Blog\", this villain dreams of using his freeze ray to get Penny, played by Felicia Day",
                        "solution": "What is Dr. Horrible"
                    }
                ]
            },
            {
                "category": "DOGGIE CARE",
                "clues": [
                    {
                        "value": 1200,
                        "clue": "(Jimmy of the Clue Crew shows an anatomical animation of a dog on the monitor.) Early recognition can combat gastric dilatation volvulus, or GDV, a serious condition in dogs, especially larger ones, in which this organ flips over & traps gases & fluids",
                        "solution": "What is the stomach"
                    },
                    {
                        "value": 1600,
                        "clue": "Ear scratching time! Rover didn't win best in show, but did win best of this, meaning he's superior to all the other collies",
                        "solution": "What is breed"
                    },
                    {
                        "value": 2000,
                        "clue": "You'll want to protect against mites called demodex that cause this skin disease",
                        "solution": "What is mange"
                    }
                ]
            },
            {
                "category": "BOOKS OF THE YEAR",
                "clues": [
                    {
                        "value": 400,
                        "clue": "1939: This snoozy Shamus opus by Raymond Chandler",
                        "solution": "What is The Big Sleep"
                    },
                    {
                        "value": 800,
                        "clue": "1771: The third & last volume of the first edition of this esteemed compendium of knowledge",
                        "solution": "What is Encyclopedia Britannica"
                    },
                    {
                        "value": 1200,
                        "clue": "1914: This city-centric James Joyce collection",
                        "solution": "What is Dubliners"
                    },
                    {
                        "value": 1600,
                        "clue": "1963: This harrowing Sylvia Plath novel",
                        "solution": "What is The Bell Jar"
                    },
                    {
                        "value": 2000,
                        "clue": "1984: His \"Neuromancer\"",
                        "solution": "What is (William) Gibson"
                    }
                ]
            },
            {
                "category": "WORDS TO \"DI\" FOR",
                "clues": [
                    {
                        "value": 400,
                        "clue": "In the U.K. these disposable garments are known as nappies",
                        "solution": "What is diapers"
                    },
                    {
                        "value": 800,
                        "clue": "To stray from the subject",
                        "solution": "What is diverge"
                    },
                    {
                        "value": 1600,
                        "clue": "This type of drug tends to increase the need to use the restroom",
                        "solution": "What is a diuretic"
                    },
                    {
                        "value": 2000,
                        "clue": "It's the division into 2 mutually exclusive or contradictory ideas",
                        "solution": "What is a dichotomy"
                    }
                ]
            }
        ],
        "final": {
            "category": "COMPOSERS",
            "clue": "2 of the world's greatest Baroque composers, they were born within a month of each other in Germany in 1685 but never met",
            "solution": "What is Johann Sebastian Bach & George Frederic Handel"
        }
    }
}