{
    "game": {
        "single": [
            {
                "category": "ELEMENT-ARY SCHOOL",
                "clues": [
                    {
                        "value": 200,
                        "clue": "Iodine gas is this color associated with royalty & with a dinosaur who loves you",
                        "solution": "What is purple"
                    },
                    {
                        "value": 400,
                        "clue": "When you see starlight, star bright, know it's from the star burning this gas, whose symbol is H",
                        "solution": "What is hydrogen"
                    },
                    {
                        "value": 600,
                        "clue": "The air that we breathe is mostly not oxygen but this gas, N",
                        "solution": "What is nitrogen"
                    },
                    {
                        "value": 800,
                        "clue": "Indium is an element in the family of this popular wrap metal",
                        "solution": "What is aluminum"
                    },
                    {
                        "value": 1000,
                        "clue": "You're very busy if you have too many bars of this element, Fe, in the fire",
                        "solution": "What is iron"
                    }
                ]
            },
            {
                "category": "STUFF TO DO AT RECESS",
                "clues": [
                    {
                        "value": 200,
                        "clue": "You want to break ties in the U.S. Senate, so use recess to study hard & become VP like this man is today",
                        "solution": "What is Dick Cheney"
                    },
                    {
                        "value": 400,
                        "clue": "Head to the art room & paint a masterpiece like the 16th century \"Mona Lisa\" by this man",
                        "solution": "What is (Leonardo) da Vinci"
                    },
                    {
                        "value": 600,
                        "clue": "Impress the gym coach; practice your spin technique for tossing a 16-pound metal ball in this Olympic event",
                        "solution": "What is shotput"
                    },
                    {
                        "value": 800,
                        "clue": "Go to metal shop & make a scale model of this Parisian landmark that cost over $1 million to build from 1887 to 1889",
                        "solution": "What is the Eiffel Tower"
                    },
                    {
                        "value": 1000,
                        "clue": "Dash off a major piece of literature like this 1852 Harriet Beecher Stowe novel",
                        "solution": "What is Uncle Tom's Cabin"
                    }
                ]
            },
            {
                "category": "DR. SEUSS",
                "clues": [
                    {
                        "value": 200,
                        "clue": "In the title of a Dr. Seuss book, it's served with \"Green Eggs\"",
                        "solution": "What is ham"
                    },
                    {
                        "value": 400,
                        "clue": "This character dresses his dog like a reindeer & steals Christmas from Who-ville",
                        "solution": "What is the Grinch"
                    },
                    {
                        "value": 600,
                        "clue": "This kind Seuss elephant \"Hears a Who\" & also \"Hatches the Egg\"",
                        "solution": "What is Horton"
                    },
                    {
                        "value": 800,
                        "clue": "This Dr. Seuss book has been published in Spanish as \"El Gato Ensombrerado\"",
                        "solution": "What is The Cat in the Hat"
                    },
                    {
                        "value": 1000,
                        "clue": "This turtle king stacks up all the other turtles to build a towering throne only to fall down from the top",
                        "solution": "What is Yertle (the Turtle)"
                    }
                ]
            },
            {
                "category": "POP MUSIC",
                "clues": [
                    {
                        "value": 200,
                        "clue": "\"Pop\" is on this 'N Sync album whose title refers ironically to the band's fame",
                        "solution": "What is Celebrity"
                    },
                    {
                        "value": 400,
                        "clue": "You'll understand her songs, like \"Ironic\" & \"Hands Clean\", when you're older & more bitter",
                        "solution": "What is Alanis Morissette"
                    },
                    {
                        "value": 600,
                        "clue": "These \"Who Let The Dogs Out?\" hitmakers come, logically enough, from the Bahamas",
                        "solution": "What is the Baha Men"
                    },
                    {
                        "value": 800,
                        "clue": "With spiky hair & names like Sid Vicious, this style of rock music shocked people in the '70s",
                        "solution": "What is punk"
                    },
                    {
                        "value": 1000,
                        "clue": "Despite their name, at least 1 member of this band has already hit 20: \"That is how we want it / Floorfiller / That is how we need it\"",
                        "solution": "What is the A-Teens"
                    }
                ]
            },
            {
                "category": "ANTARCTICA",
                "clues": [
                    {
                        "value": 200,
                        "clue": "First reached in 1911, it's the point in Antarctica through which the Earth's axis passes",
                        "solution": "What is the South Pole"
                    },
                    {
                        "value": 600,
                        "clue": "2 species of these birds that inhabit Antarctica are the Adelie & the emperor",
                        "solution": "What is the penguin"
                    }
                ]
            },
            {
                "category": "FOREIGN WORDS & PHRASES",
                "clues": [
                    {
                        "value": 200,
                        "clue": "Frau & fraulein are terms for women in this language",
                        "solution": "What is German"
                    },
                    {
                        "value": 400,
                        "clue": "Literally meaning \"to God\", it's how you say good-bye in Spanish",
                        "solution": "What is adiós"
                    },
                    {
                        "value": 600,
                        "clue": "If you're in a store in Spain & you see a sign over a door saying \"Salida\", it means this",
                        "solution": "What is exit"
                    }
                ]
            }
        ],
        "double": [
            {
                "category": "U.S. RIVERS",
                "clues": [
                    {
                        "value": 400,
                        "clue": "It flows through Washington, D.C. & on past Mount Vernon",
                        "solution": "What is the Potomac"
                    },
                    {
                        "value": 800,
                        "clue": "The Lincoln & Holland tunnels let cars travel from Manhattan to New Jersey under this river",
                        "solution": "What is the Hudson"
                    },
                    {
                        "value": 1200,
                        "clue": "This river of the Pacific Northwest provides much of the boundary between Washington & Oregon",
                        "solution": "What is the Columbia"
                    },
                    {
                        "value": 1600,
                        "clue": "The Falls of Saint Anthony stop this mighty river from being navigable north of St. Paul, Minnesota",
                        "solution": "What is the Mississippi"
                    },
                    {
                        "value": 2000,
                        "clue": "This river bisects the state of South Dakota from north to south",
                        "solution": "What is the Missouri"
                    }
                ]
            },
            {
                "category": "YOU CAN'T HANDLE THE TOOTH!",
                "clues": [
                    {
                        "value": 400,
                        "clue": "This imaginary creature takes away the tooth you leave under your pillow & replaces it with money",
                        "solution": "What is the Tooth Fairy"
                    },
                    {
                        "value": 800,
                        "clue": "Using Du Pont technology, the first one of these with synthetic bristles was introduced in 1938",
                        "solution": "What is a toothbrush"
                    },
                    {
                        "value": 1200,
                        "clue": "These large mammals are divided into 2 main groups, toothed & baleen",
                        "solution": "What is whales"
                    },
                    {
                        "value": 1600,
                        "clue": "Covered by enamel, this visible part of a tooth sounds like something a king wears",
                        "solution": "What is the crown"
                    }
                ]
            },
            {
                "category": "FAMOUS QUOTATIONS",
                "clues": [
                    {
                        "value": 400,
                        "clue": "According to the Declaration of Independence, \"All men are created\" this way",
                        "solution": "What is equal"
                    },
                    {
                        "value": 800,
                        "clue": "It completes a quote from Thomas Palmer in 1840: \"If at first you don't succeed...\"",
                        "solution": "What is try, try again (try and try again accepted)"
                    },
                    {
                        "value": 1200,
                        "clue": "This Dickens guy says, \"Every idiot who\" says, \"Merry Christmas... should be boiled with his own pudding\"",
                        "solution": "What is Scrooge"
                    },
                    {
                        "value": 1600,
                        "clue": "Romeo sighs, \"O! that I were\" one of these \"upon that hand, that I might touch\" that \"cheek\"",
                        "solution": "What is a glove"
                    },
                    {
                        "value": 2000,
                        "clue": "E.M. Forster proposed \"Two cheers for\" this system of government that \"admits variety &... permits criticism\"",
                        "solution": "What is democracy"
                    }
                ]
            },
            {
                "category": "SPORTS NAMES",
                "clues": [
                    {
                        "value": 400,
                        "clue": "Famous professionals in this sport include David Duval & Annika Sorenstam",
                        "solution": "What is golf"
                    },
                    {
                        "value": 800,
                        "clue": "Dan Marino & Joe Montana will long be remembered as great offensive players in this sport",
                        "solution": "What is football"
                    },
                    {
                        "value": 1200,
                        "clue": "It's the baseball position played by Hideo Nomo & Curt Schilling",
                        "solution": "What is pitcher"
                    },
                    {
                        "value": 1600,
                        "clue": "Secretariat, Affirmed & Seattle Slew have all been Triple Crown winners in this sport",
                        "solution": "What is horse racing"
                    },
                    {
                        "value": 2000,
                        "clue": "This 7-foot San Antonio Spur, the 2003 NBA finals MVP, grew up in the U.S. Virgin Islands",
                        "solution": "What is Tim Duncan"
                    }
                ]
            },
            {
                "category": "THEATRE",
                "clues": [
                    {
                        "value": 400,
                        "clue": "In 2003 the Oregon Children's Theatre premiered a play about this woman who hit the trail with Lewis & Clark",
                        "solution": "What is Sacagewea"
                    },
                    {
                        "value": 800,
                        "clue": "Several different musicals have been based on Margery Williams' tale about this \"Velveteen\" creature",
                        "solution": "What is the rabbit"
                    },
                    {
                        "value": 1200,
                        "clue": "In the play \"True History and Real Adventures\", kids search for the truth about this \"calamitous\" Wild West gal",
                        "solution": "What is (\"Calamity\") Jane"
                    },
                    {
                        "value": 1600,
                        "clue": "Arnold Lobel's books for kids inspired the musical \"A Year with Frog and\" this other amphibian",
                        "solution": "What is Toad"
                    },
                    {
                        "value": 2000,
                        "clue": "You weren't even born when this musical about a spooky guy in an opera house debuted on Broadway in 1988",
                        "solution": "What is The Phantom of the Opera"
                    }
                ]
            },
            {
                "category": "ONLINE LINGO",
                "clues": [
                    {
                        "value": 400,
                        "clue": "\"LTIC\" means \"Laughing til\" this happens",
                        "solution": "What is I cry"
                    },
                    {
                        "value": 800,
                        "clue": "You may want to D/L some files to your desktop, meaning this",
                        "solution": "What is download"
                    },
                    {
                        "value": 1200,
                        "clue": "If you have an \"RFI\", you have a \"request for\" this",
                        "solution": "What is information"
                    },
                    {
                        "value": 1600,
                        "clue": "\"AWFK\" means \"away from\" this",
                        "solution": "What is the keyboard"
                    },
                    {
                        "value": 2000,
                        "clue": "\"C4N\" is this Italian greeting, \"for now\"",
                        "solution": "What is ciao"
                    }
                ]
            }
        ],
        "final": {
            "category": "THE 50 STATES",
            "clue": "2 of the 4 states whose names start & end with the same letter",
            "solution": "What is (2 of) Alaska, Arizona, Alabama & Ohio"
        }
    }
}