{
    "game": {
        "single": [
            {
                "category": "HISTORY",
                "clues": [
                    {
                        "value": 200,
                        "clue": "The Meiji reforms of the 19th century permanently abolished this Japanese warrior class",
                        "solution": "What is samurai"
                    },
                    {
                        "value": 400,
                        "clue": "In 1966 this university's Public Policy program became the Kennedy School of Government",
                        "solution": "What is Harvard"
                    },
                    {
                        "value": 600,
                        "clue": "One of France's major ports, it was the site of the 1940 evacuation of more than 300,000 men",
                        "solution": "What is Dunkirk"
                    },
                    {
                        "value": 800,
                        "clue": "In February 1790 this man presided over the first meeting of the Supreme Court",
                        "solution": "What is John Jay"
                    },
                    {
                        "value": 1000,
                        "clue": "The cathedral of this city in Spain claims to hold the remains of Christopher Columbus, moved there in 1899",
                        "solution": "What is Seville"
                    }
                ]
            },
            {
                "category": "SITCOMS",
                "clues": [
                    {
                        "value": 200,
                        "clue": "It was the nickname of Alan Alda's character on \"M*A*S*H\"",
                        "solution": "What is Hawkeye"
                    },
                    {
                        "value": 400,
                        "clue": "On this sitcom, a \"how-to\" book author buys a Vermont inn & moves there",
                        "solution": "What is Newhart"
                    },
                    {
                        "value": 600,
                        "clue": "Miss DeFazio of sitcom Milwaukee",
                        "solution": "What is Laverne"
                    },
                    {
                        "value": 800,
                        "clue": "Pet-loving pretty on \"The Beverly Hillbillies\"",
                        "solution": "What is Elly May"
                    },
                    {
                        "value": 1000,
                        "clue": "Married name of Miss MacGillicuddy in a '50s sitcom",
                        "solution": "What is Lucy Ricardo"
                    }
                ]
            },
            {
                "category": "7-LETTER EDIBLES",
                "clues": [
                    {
                        "value": 200,
                        "clue": "Hungarian cuisine uses this orange-red spice as a mainstay flavoring",
                        "solution": "What is paprika"
                    },
                    {
                        "value": 400,
                        "clue": "Wontons & kreplach are similar in design to this Italian specialty, filled pillows of pasta",
                        "solution": "What is ravioli"
                    },
                    {
                        "value": 600,
                        "clue": "In the same family as the peach, it has been grown in China for over 3,000 years",
                        "solution": "What is the apricot"
                    },
                    {
                        "value": 1000,
                        "clue": "The name of this type of small quick bread comes from the French for \"twice cooked\"",
                        "solution": "What is biscuit"
                    }
                ]
            },
            {
                "category": "AMERICA",
                "clues": [
                    {
                        "value": 200,
                        "clue": "This state bordering Canada is known as \"Big Sky Country\"",
                        "solution": "What is Montana"
                    },
                    {
                        "value": 400,
                        "clue": "Warm Springs in this state was home to FDR's Little White House",
                        "solution": "What is Georgia"
                    },
                    {
                        "value": 600,
                        "clue": "Its state flower is the saguaro cactus blossom",
                        "solution": "What is Arizona"
                    },
                    {
                        "value": 1000,
                        "clue": "Helen Keller was born in a house named Ivy Green in Tuscumbia in this state",
                        "solution": "What is Alabama"
                    }
                ]
            },
            {
                "category": "OBJECTS",
                "clues": [
                    {
                        "value": 200,
                        "clue": "In the 1930s, with its top-loading model, Swingline revolutionized this device",
                        "solution": "What is a stapler"
                    },
                    {
                        "value": 400,
                        "clue": "Wimmer-Ferguson makes a toy for babies to bite on punningly called the \"Brain\" this",
                        "solution": "What is Teether"
                    },
                    {
                        "value": 600,
                        "clue": "A hacker called \"Captain Crunch\" found one of these, in a cereal box, whose tone could manipulate phone lines",
                        "solution": "What is a whistle"
                    },
                    {
                        "value": 1000,
                        "clue": "Many car owners have this device with a spherical cap on one end & a sliding scale on the other",
                        "solution": "What is a tire pressure gauge"
                    }
                ]
            },
            {
                "category": "SPANISH",
                "clues": [
                    {
                        "value": 200,
                        "clue": "A \"Holly Jolly Christmas\" would become this, \"con acebo y alegre\"",
                        "solution": "What is Navidad"
                    },
                    {
                        "value": 400,
                        "clue": "This word for a bar or tavern has moved from Spanish into English dictionaries",
                        "solution": "What is a cantina"
                    },
                    {
                        "value": 600,
                        "clue": "A flamboyant & risky job, it's also a word that means \"killer\"",
                        "solution": "What is matador"
                    },
                    {
                        "value": 800,
                        "clue": "A wine concoction, it's also a word that can mean \"bloodletting\"",
                        "solution": "What is sangria"
                    },
                    {
                        "value": 1000,
                        "clue": "In old Mexico a criollo was of European descent & this was a person of mixed European & native blood",
                        "solution": "What is mestizo"
                    }
                ]
            }
        ],
        "double": [
            {
                "category": "SCIENCE",
                "clues": [
                    {
                        "value": 400,
                        "clue": "A deuterium atom is a hydrogen atom that has this keeping its proton company in the nucleus",
                        "solution": "What is a neutron"
                    },
                    {
                        "value": 800,
                        "clue": "This largest nerve in the body arises in the sacral plexus, leaves the pelvis & runs down the thigh",
                        "solution": "What is the sciatic"
                    },
                    {
                        "value": 1200,
                        "clue": "Bears appeared during this epoch right before the Pliocene",
                        "solution": "What is the Miocene"
                    },
                    {
                        "value": 1600,
                        "clue": "(Jimmy of the Clue Crew reports from a classroom.) Meaning not at a right angle, it can refer to slanting abdominal muscles, or a geometric angle like this",
                        "solution": "What is oblique"
                    },
                    {
                        "value": 2000,
                        "clue": "It equals mass divided by volume & is often expressed in pounds per cubic foot",
                        "solution": "What is density"
                    }
                ]
            },
            {
                "category": "SINGERS",
                "clues": [
                    {
                        "value": 400,
                        "clue": "If you \"can't smile without\" the singer of \"Copacabana\", go to this last name.com, his official website",
                        "solution": "What is (Barry) Manilow"
                    },
                    {
                        "value": 800,
                        "clue": "In November of 2000 Bobby Brown & this singer held their first joint concert at the Aladdin in Vegas",
                        "solution": "What is Whitney Houston"
                    },
                    {
                        "value": 1200,
                        "clue": "In 1984 she had her first Top 10 hit in the U.S. with \"Borderline\"",
                        "solution": "What is Madonna"
                    },
                    {
                        "value": 1600,
                        "clue": "This singer played detective Foxxy Cleopatra in the third \"Austin Powers\" movie",
                        "solution": "What is Beyoncé Knowles"
                    },
                    {
                        "value": 2000,
                        "clue": "This one-named singer, whose name means \"most exalted one\" in Swahili, tragically died in a plane crash in 2001",
                        "solution": "What is Aaliyah"
                    }
                ]
            },
            {
                "category": "VEHICLES",
                "clues": [
                    {
                        "value": 400,
                        "clue": "20 years after it was formed, this Korean company became a success in the U.S. with the 1986 Excel",
                        "solution": "What is Hyundai"
                    },
                    {
                        "value": 800,
                        "clue": "The Boxster and the 911 are popular models from this automaker",
                        "solution": "What is Porsche"
                    },
                    {
                        "value": 1200,
                        "clue": "This '70s model from American Motors sounds like an imp that used to torment WWII aircraft",
                        "solution": "What is the Gremlin"
                    },
                    {
                        "value": 1600,
                        "clue": "With its GT and GTS versions, this model from Mitsubishi is blocking out a lot of the competition",
                        "solution": "What is the Eclipse"
                    },
                    {
                        "value": 2000,
                        "clue": "In 1965 Ralph Nader declared that this model from Chevrolet was \"Unsafe at Any Speed\"",
                        "solution": "What is the Corvair"
                    }
                ]
            },
            {
                "category": "AUTHORS",
                "clues": [
                    {
                        "value": 400,
                        "clue": "His last novel, \"A Passage to India\", is considered his masterwork",
                        "solution": "What is E.M. Forster"
                    },
                    {
                        "value": 800,
                        "clue": "He created the Nadsat language for his novel \"A Clockwork Orange\"",
                        "solution": "What is (Anthony) Burgess"
                    },
                    {
                        "value": 1200,
                        "clue": "At the start of a novel by this author, Dombey is 48 years old & son, 48 minutes",
                        "solution": "What is Dickens"
                    },
                    {
                        "value": 1600,
                        "clue": "He wrote the poem \"Gunga Din\" to honor the Bhisti, the natives who aided British soldiers in India",
                        "solution": "What is Rudyard Kipling"
                    },
                    {
                        "value": 2000,
                        "clue": "This 19th century English author also wrote the books \"Curiosa Mathematica\" & \"Symbolic Logic\"",
                        "solution": "What is Charles Dodgson (Lewis Carroll)"
                    }
                ]
            },
            {
                "category": "BELIEFS",
                "clues": [
                    {
                        "value": 400,
                        "clue": "From Aramaic & Hebrew words, this title of the savior of the Jews means \"anointed one\"",
                        "solution": "What is Messiah"
                    },
                    {
                        "value": 800,
                        "clue": "Also a caste, it's a Hindu priest or scholar of Vedic literature",
                        "solution": "What is a Brahman"
                    },
                    {
                        "value": 1200,
                        "clue": "Think \"fast\": the name of this month in the Islamic calendar is from the Arabic for \"to be scorched\"",
                        "solution": "What is Ramadan"
                    },
                    {
                        "value": 1600,
                        "clue": "This eighth incarnation of Vishnu is often depicted as a young cowherd",
                        "solution": "What is Krishna"
                    },
                    {
                        "value": 2000,
                        "clue": "Incorporating elements of Islam & others, this religion was founded in Iran in 1863",
                        "solution": "What is Bahá'í"
                    }
                ]
            },
            {
                "category": "TOM SWIFTIES",
                "clues": [
                    {
                        "value": 400,
                        "clue": "Harsh way Tom Swift told a music student, \"You played that note a half step too high\"",
                        "solution": "What is sharply"
                    },
                    {
                        "value": 800,
                        "clue": "\"I feel like a Native American warrior\", said Tom in this courageous manner",
                        "solution": "What is bravely"
                    },
                    {
                        "value": 1200,
                        "clue": "When he said, \"We'll have to cross a treeless expanse of land\", Tom spoke this way, very simply",
                        "solution": "What is plainly"
                    },
                    {
                        "value": 1600,
                        "clue": "It's the shrewd way in which Tom said, \"We'll seal all our food in metal containers\"",
                        "solution": "What is cannily"
                    },
                    {
                        "value": 2000,
                        "clue": "\"I have no idea how to fill in the empty line\", Tom said this way",
                        "solution": "What is blankly"
                    }
                ]
            }
        ],
        "final": {
            "category": "WARTIME",
            "clue": "The Victoria Cross is made from metal taken from enemy guns captured in this war",
            "solution": "What is the Crimean War"
        }
    }
}